text_id,text,label,source,language,original_label
GF_0001,Wadi labak! Rs.250000 adu faida rina. Balanna: https://m1o1.com/c9GiwDE,PHISHING,google_form,Mixed Sinhala-English,Scam (fraud without phishing)
GF_0002,Wadi labak! Rs.250000 adu faida rina. Balanna: https://m1o1.com/BcEALo3,PHISHING,google_form,Mixed Sinhala-English,Spam / Advertisement
GF_0003,Vishesha dimanava Rs. 249 000 k dakwa sahatika naya https://f1na.com/J9UBzOU,PHISHING,google_form,Sinhala,Spam / Advertisement
GF_0004,"ඔට්ටු අල්ලන්න හිත හිත ඉන්න ඔයාටයි!

Daily බෝනස් නම් Sportway තමයි.

10% on Deposit
7% on Losses

Register Now: Earnlkr.com

Your Way To Play!
Call:+94117774774",PHISHING,google_form,English;Sinhala;Mixed Sinhala-English,Spam / Advertisement
GF_0005,Shashini,PHISHING,google_form,English,Phishing (tries to steal credentials or personal information)
GF_0006,"ඔට්ටු අල්ලන්න හිත හිත ඉන්න ඔයාටයි!

Daily බෝනස් නම් Sportway තමයි.

10% on Deposit
7% on Losses

Register Now: Earnlkr.com

Your Way To Play!
Call:+94117774774",PHISHING,google_form,English;Sinhala;Mixed Sinhala-English,Spam / Advertisement
GF_0007,"Eya tavaduratat labhadayi nove! 0.01% - vegavat saha pahasu https://f1na.com/9VoAIKJ
*SMS STOP SerenLK to 94784000087",PHISHING,google_form,English;Sinhala;Mixed Sinhala-English,Spam / Advertisement
GF_0008,250 000 LKR dakwa mudal labaganna awasthawak. Wadi wisthara saha arambha kirima sandaha: https://f1nt.com/vfQ1NX2,PHISHING,google_form,English,Spam / Advertisement
GF_0009,"Kellek Set Karaganna Chat Ekata Set Wenna Link Ekata Piwisenna.


Link: www.bit.ly/Narilatha",PHISHING,google_form,English,Spam / Advertisement
GF_0010,Meka anivaren fill krnna naththm tharahai 😌,PHISHING,google_form,English,Spam / Advertisement
GF_0012,Pin is the one-time password (OTP) to your online payment LKR from BOC Card number at Dialog Axi. Thank you. Bank of Ceylon,SAFE,google_form,English,Legitimate
GF_0013,"Great news!
Now you can use DATA on your Hutch connection, even if your connection is temporarily barred. To continue uninterrupted experience, please don’t forget to make timely payments.
*To make payments easily visit : https://reloadpay.hutch.lk *",SAFE,google_form,Mixed Sinhala-English,Legitimate
GF_0014,-,PHISHING,google_form,English,Spam / Advertisement
GF_0015,Hoda rinayak ganna! Adu faida isuru. Denna: https://m0o1.com/dBvnCdB,PHISHING,google_form,Mixed Sinhala-English,Looks suspicious but I'm not sure (Scam)
GF_0016,Apey rin sewa - 250.000 LKR 0.01% puwath. Apply: https://f1n0.com/WdCuNkt,PHISHING,google_form,English;Sinhala;Mixed Sinhala-English,Looks like a scam that tries to steal information (Phishing)
GF_0017,250 000 LKR dakwa mudal labaganna awasthawak. Wadi wisthara saha arambha kirima sandaha: https://f1nt.com/6BVmasx,PHISHING,google_form,Mixed Sinhala-English,Looks suspicious but I'm not sure (Scam)
GF_0018,"🏆HUTCH වෙතින් FREE iPhone17 PRO එකක් දිනාගන්න!📱

අපගේ සමාජ ජාලා පිටු Like/Follow කරන්න.
වැඩි විස්තර සඳහා: Click>  https://web.facebook.com/share/p/1J2W4K6qcC/

T&C Apply. **Stop promo SMS dial *159#",PHISHING,google_form,Mixed Sinhala-English,Spam / Advertisement / Promotion
GF_0019,Nawa rina seva! Wadi labak adu faida. Danna balanna: https://f1n0.com/KsXqiFs,PHISHING,google_form,English,Spam / Advertisement / Promotion
GF_0020,Online naya Rs.250000 dakwa! Hondama ayathan mehi thora ganna: https://r2m0.com/BRyMsiw,PHISHING,google_form,English;Sinhala;Mixed Sinhala-English,Looks like a scam that tries to steal information (Phishing)
GF_0021,"ඔට්ටු අල්ලන්න හිත හිත ඉන්න ඔයාටයි!

Daily බෝනස් නම් Sportway තමයි.

10% on Deposit
7% on Losses

Register Now: Earnlkr.com

Your Way To Play!
Call:+94117774774",PHISHING,google_form,English;Mixed Sinhala-English,Spam / Advertisement / Promotion
GF_0022,"Ikman mudal, Minittu 7 kin mudal oba athata! Danma Rs. 150,000 k laba ganna : https://rb.gy/8yvk9w

OPTOUT send ""STOP"" to 0724645745",PHISHING,google_form,Mixed Sinhala-English,Looks suspicious but I'm not sure (Scam)
GF_0023,"Hondama yeduma! Rupiyal 120 000 dakva! Pariksa karanna> https://f1na.com/AjuKjdK
*SMS STOP IslandX to 94784000087",PHISHING,google_form,English;Mixed Sinhala-English,Spam / Advertisement / Promotion
GF_0024,https://forms.gle/4RhBAu8E993yy1vw8,PHISHING,google_form,English,Looks suspicious but I'm not sure (Scam)
GF_0025,https://eell.rqnpt.xyz/fgpjlbnq/fff3335428b416615d59907431?_t1765930370090&p=w,PHISHING,google_form,Mixed Sinhala-English,Looks suspicious but I'm not sure (Scam)
GF_0026,"Oyage namai
Adress ekai .school ekai
Resalt ekai  ewannako bn",PHISHING,google_form,Sinhala,Looks suspicious but I'm not sure (Scam)
GF_0027,https://rqhs.xyz/Nike-50,PHISHING,google_form,Sinhala,Looks like a scam that tries to steal information (Phishing)
GF_0028,"🇬🇧🇱🇰78 වෙනි නිදහස් උත්සවය වෙනුවෙන් සියලුම ශ්‍රී ලාංකිකයන් හට 20 GB  DATA නොමිලේ ලබා දීමට ශ්‍රී ලංකා-එංගලන්ත මිත්‍රත්ව එකමුතුව හා එංගලන්ත ක්‍රිකට් කණ්ඩායමේ අනුග්‍රහය සමගින් තීරණය කර ඇත.  
*දිවයිනේ ඕනෑම ජාලයක් සඳහා වලංගු​යි* 
 මෙතනින් යන්න 
https://nidahasa.engsrilanka.it.com/",PHISHING,google_form,Sinhala,Looks like a scam that tries to steal information (Phishing)
GF_0029,http://hgfc.buzz/ZIw62De/391965299320558981087b1ba9,PHISHING,google_form,Mixed Sinhala-English,Looks suspicious but I'm not sure (Scam)
GF_0030,"250 000 LKR dak ada obege kaadayata! Sisilikam: https://r2m0.com/YatKBK9
*SMS STOP SwiftRupee to 94784000087",PHISHING,google_form,Mixed Sinhala-English,Spam / Advertisement / Promotion
GF_0031,"Rs. 150,000 for the weekend. Sathi anthayata mudal. Miniththu 10kin labagatha haka. poli rahithawa labaganna :  https://rb.gy/8yvk9w

OPTOUT send ""STOP"" to 0724645745",PHISHING,google_form,English,Spam / Advertisement / Promotion
GF_0032,"Online salli 250 000 LKR dak vasama tattvayan yatate: https://f1nt.com/3vVMQFA
*SMS STOP PocketLoan to 94784000087",PHISHING,google_form,English;Mixed Sinhala-English,Spam / Advertisement / Promotion
GF_0033,"If the message contains your name, phone number, OTP or other personal details, replace them before submitting. If you cannot copy it, simply upload a screenshot instead",PHISHING,google_form,English;Sinhala;Mixed Sinhala-English,Spam / Advertisement / Promotion
GF_0034,Salli awashya da? 250000 LKR wenakam labenawa https://sl1w.com/X6dKtLR,PHISHING,google_form,English;Sinhala,Spam / Advertisement / Promotion
GF_0035,"Congratulations! You have won Rs. 500,000! Claim your reward now: https://claim-now.xyz",PHISHING,google_form,English,Spam / Advertisement / Promotion
GF_0036,"Take your returns higher! Open your Fixed Deposit on DFCC ONE App or DFCC ONE Online to enjoy a BONUS interest rate of 0.25% p.a. on eligible deposits. T&Cs apply.

*StopAd? SMS BL DFCC Digi to 94760968213*",PHISHING,google_form,English,Spam / Advertisement / Promotion
GF_0037,250.000 LKR rin - wadiya honda 0.01%! Danma balanna: https://f1na.com/MFvoeGR,PHISHING,google_form,English;Sinhala;Mixed Sinhala-English,Spam / Advertisement / Promotion
GF_0039,"ඔබගේ Third-Party Motor Insurance එක දැන් online මාර්ගයෙන් ඉක්මනින් සහ පහසුවෙන් ලබාගන්න. Fairfirst Click2Go වෙත අදම පිවිසෙන්න.  https://mclick2go.fairfirst.lk/
  ගාස්තු හා කොන්දේසි අදාළ වේ. ප්‍රවර්ධන SMS නවත්වීමට #888# dial කරන්න.",PHISHING,google_form,English,Spam / Advertisement / Promotion
GF_0040,Salli awashya da? 250000 LKR wenakam labenawa https://sl1w.com/KyJ5DFZ,PHISHING,google_form,Mixed Sinhala-English,Looks suspicious but I'm not sure (Scam)
GF_0041,FIFA World Cup 2026 brings you tomorrow match at 05:00AM! Catch Colombia vs Portugal live on PEO SPORTS 2 & PEO SPORTS 3 channels via PEO Mobile. Recharge Rs.278 for 8GB or Rs.678 for 36GB and stay connected to every goal.,SAFE,google_form,English,Normal SMS
GF_0042,"CONGRATS YOUR NUMBER IS SELECTED AS WINNER OF 185,000 POUND FROM UN COVID_19(PROGRAM) EMAIL US YOUR PHONE NO,NAME,ADDRES, TO OUR EMAIL: unfundrelief@outlook.com",PHISHING,google_form,English,Looks like a scam that tries to steal information (Phishing)
SMS_00001,"Go until jurong point, crazy.. Available only in bugis n great world la e buffet... Cine there got amore wat...",SAFE,sms_phishing_v1,english,Legitimate
SMS_00002,Ok lar then Joking wif u oni,SAFE,sms_phishing_v1,english,Legitimate
SMS_00003,Free entry in 2 a wkly comp to win FA Cup final tkts 21st May 2005. Text FA to 87121 to receive entry question(std txt rate)T&C's apply 08452810075over18's,PHISHING,sms_phishing_v1,english,Spam
SMS_00004,U dun say so early hor... U c already then say...,SAFE,sms_phishing_v1,english,Legitimate
SMS_00005,"Nah I don't think he goes to usf, he lives around here though",SAFE,sms_phishing_v1,english,Legitimate
SMS_00006,"FreeMsg Hey there darling it's been 3 week's now and no word back! I'd like some fun you up for it still? Tb ok! XxX std chgs to send, å£1.50 to rcv",PHISHING,sms_phishing_v1,english,Spam
SMS_00007,Even my brother is not like to speak with me. They treat me like aids patent.,SAFE,sms_phishing_v1,english,Legitimate
SMS_00008,As per your request 'Melle Melle (Oru Minnaminunginte Nurungu Vettam)' has been set as your callertune for all Callers. Press *9 to copy your friends Callertune,SAFE,sms_phishing_v1,english,Legitimate
SMS_00009,WINNER!! As a valued network customer you have been selected to receivea å£900 prize reward! To claim call 09061701461. Claim code KL341. Valid 12 hours only.,PHISHING,sms_phishing_v1,english,Phishing
SMS_00010,Had your mobile 11 months or more? U R entitled to Update to the latest colour mobiles with camera for Free! Call The Mobile Update Co FREE on 08002986030,PHISHING,sms_phishing_v1,english,Phishing
SMS_00011,"I'm gonna be home soon and i don't want to talk about this stuff anymore tonight, k? I've cried enough today.",SAFE,sms_phishing_v1,english,Legitimate
SMS_00012,"SIX chances to win CASH! From 100 to 20,000 pounds txt> CSH11 and send to 87575. Cost 150p/day, 6days, 16+ TsandCs apply Reply HL 4 info",PHISHING,sms_phishing_v1,english,Spam
SMS_00013,"URGENT! You have won a 1 week FREE membership in our å£100,000 Prize Jackpot! Txt the word: CLAIM to No: 81010 T&C www.dbuk.net LCCLTD POBOX 4403LDNW1A7RW18",PHISHING,sms_phishing_v1,english,Phishing
SMS_00014,I've been searching for the right words to thank you for this breather. I promise i wont take your help for granted and will fulfil my promise. You have been wonderful and a blessing at all times.,SAFE,sms_phishing_v1,english,Legitimate
SMS_00015,I HAVE A DATE ON SUNDAY WITH WILL!!!,SAFE,sms_phishing_v1,english,Legitimate
SMS_00016,"XXXMobileMovieClub: To use your credit, click the WAP link in the next txt message or click here>> http://wap. xxxmobilemovieclub.com?n=QJKGIGHJJGCBL",PHISHING,sms_phishing_v1,english,Phishing
SMS_00017,Oh k...i'm watching here:),SAFE,sms_phishing_v1,english,Legitimate
SMS_00018,Eh u remember how 2 spell his name... Yes i did. He v naughty make until i v wet.,SAFE,sms_phishing_v1,english,Legitimate
SMS_00019,Fine if thatåÕs the way u feel. ThatåÕs the way its gota b,SAFE,sms_phishing_v1,english,Legitimate
SMS_00020,"England v Macedonia - dont miss the goals/team news. Txt ur national team to 87077 eg ENGLAND to 87077 Try:WALES, SCOTLAND 4txt/Ì¼1.20 POBOXox36504W45WQ 16+",PHISHING,sms_phishing_v1,english,Spam
SMS_00021,Is that seriously how you spell his name?,SAFE,sms_phishing_v1,english,Legitimate
SMS_00022,IÛ÷m going to try for 2 months ha ha only joking,SAFE,sms_phishing_v1,english,Legitimate
SMS_00023,So Ì_ pay first lar... Then when is da stock comin...,SAFE,sms_phishing_v1,english,Legitimate
SMS_00024,Aft i finish my lunch then i go str down lor. Ard 3 smth lor. U finish ur lunch already?,SAFE,sms_phishing_v1,english,Legitimate
SMS_00025,Ffffffffff. Alright no way I can meet up with you sooner?,SAFE,sms_phishing_v1,english,Legitimate
SMS_00026,Just forced myself to eat a slice. I'm really not hungry tho. This sucks. Mark is getting worried. He knows I'm sick when I turn down pizza. Lol,SAFE,sms_phishing_v1,english,Legitimate
SMS_00027,Lol your always so convincing.,SAFE,sms_phishing_v1,english,Legitimate
SMS_00028,Did you catch the bus ? Are you frying an egg ? Did you make a tea? Are you eating your mom's left over dinner ? Do you feel my Love ?,SAFE,sms_phishing_v1,english,Legitimate
SMS_00029,"I'm back &amp; we're packing the car now, I'll let you know if there's room",SAFE,sms_phishing_v1,english,Legitimate
SMS_00030,Ahhh. Work. I vaguely remember that! What does it feel like? Lol,SAFE,sms_phishing_v1,english,Legitimate
SMS_00031,"Wait that's still not all that clear, were you not sure about me being sarcastic or that that's why x doesn't want to live with us",SAFE,sms_phishing_v1,english,Legitimate
SMS_00032,Yeah he got in at 2 and was v apologetic. n had fallen out and she was actin like spoilt child and he got caught up in that. Till 2! But we won't go there! Not doing too badly cheers. You?,SAFE,sms_phishing_v1,english,Legitimate
SMS_00033,K tell me anything about you.,SAFE,sms_phishing_v1,english,Legitimate
SMS_00034,For fear of fainting with the of all that housework you just did? Quick have a cuppa,SAFE,sms_phishing_v1,english,Legitimate
SMS_00035,Thanks for your subscription to Ringtone UK your mobile will be charged å£5/month Please confirm by replying YES or NO. If you reply NO you will not be charged,PHISHING,sms_phishing_v1,english,Phishing
SMS_00036,Yup... Ok i go home look at the timings then i msg Ì_ again... Xuhui going to learn on 2nd may too but her lesson is at 8am,SAFE,sms_phishing_v1,english,Legitimate
SMS_00037,"Oops, I'll let you know when my roommate's done",SAFE,sms_phishing_v1,english,Legitimate
SMS_00038,I see the letter B on my car,SAFE,sms_phishing_v1,english,Legitimate
SMS_00039,Anything lor... U decide...,SAFE,sms_phishing_v1,english,Legitimate
SMS_00040,Hello! How's you and how did saturday go? I was just texting to see if you'd decided to do anything tomo. Not that i'm trying to invite myself or anything!,SAFE,sms_phishing_v1,english,Legitimate
SMS_00041,Pls go ahead with watts. I just wanted to be sure. Do have a great weekend. Abiola,SAFE,sms_phishing_v1,english,Legitimate
SMS_00042,"Did I forget to tell you ? I want you , I need you, I crave you ... But most of all ... I love you my sweet Arabian steed ... Mmmmmm ... Yummy",SAFE,sms_phishing_v1,english,Legitimate
SMS_00043,07732584351 - Rodger Burns - MSG = We tried to call you re your reply to our sms for a free nokia mobile + free camcorder. Please call now 08000930705 for delivery tomorrow,PHISHING,sms_phishing_v1,english,Phishing
SMS_00044,WHO ARE YOU SEEING?,SAFE,sms_phishing_v1,english,Legitimate
SMS_00045,Great! I hope you like your man well endowed. I am  &lt;#&gt;  inches...,SAFE,sms_phishing_v1,english,Legitimate
SMS_00046,No calls..messages..missed calls,SAFE,sms_phishing_v1,english,Legitimate
SMS_00047,Didn't you get hep b immunisation in nigeria.,SAFE,sms_phishing_v1,english,Legitimate
SMS_00048,"Fair enough, anything going on?",SAFE,sms_phishing_v1,english,Legitimate
SMS_00049,"Yeah hopefully, if tyler can't do it I could maybe ask around a bit",SAFE,sms_phishing_v1,english,Legitimate
SMS_00050,U don't know how stubborn I am. I didn't even want to go to the hospital. I kept telling Mark I'm not a weak sucker. Hospitals are for weak suckers.,SAFE,sms_phishing_v1,english,Legitimate
SMS_00051,What you thinked about me. First time you saw me in class.,SAFE,sms_phishing_v1,english,Legitimate
SMS_00052,"A gram usually runs like  &lt;#&gt; , a half eighth is smarter though and gets you almost a whole second gram for  &lt;#&gt;",SAFE,sms_phishing_v1,english,Legitimate
SMS_00053,K fyi x has a ride early tomorrow morning but he's crashing at our place tonight,SAFE,sms_phishing_v1,english,Legitimate
SMS_00054,"Wow. I never realized that you were so embarassed by your accomodations. I thought you liked it, since i was doing the best i could and you always seemed so happy about \the cave\"". I'm sorry I didn't and don't have more to give. I'm sorry i offered. I'm sorry your room was so embarassing.""",SAFE,sms_phishing_v1,english,Legitimate
SMS_00055,SMS. ac Sptv: The New Jersey Devils and the Detroit Red Wings play Ice Hockey. Correct or Incorrect? End? Reply END SPTV,PHISHING,sms_phishing_v1,english,Spam
SMS_00056,Do you know what Mallika Sherawat did yesterday? Find out now @  &lt;URL&gt;,SAFE,sms_phishing_v1,english,Legitimate
SMS_00057,"Congrats! 1 year special cinema pass for 2 is yours. call 09061209465 now! C Suprman V, Matrix3, StarWars3, etc all 4 FREE! bx420-ip4-5we. 150pm. Dont miss out!",PHISHING,sms_phishing_v1,english,Spam
SMS_00058,"Sorry, I'll call later in meeting.",SAFE,sms_phishing_v1,english,Legitimate
SMS_00059,Tell where you reached,SAFE,sms_phishing_v1,english,Legitimate
SMS_00060,Yes..gauti and sehwag out of odi series.,SAFE,sms_phishing_v1,english,Legitimate
SMS_00061,Your gonna have to pick up a $1 burger for yourself on your way home. I can't even move. Pain is killing me.,SAFE,sms_phishing_v1,english,Legitimate
SMS_00062,Ha ha ha good joke. Girls are situation seekers.,SAFE,sms_phishing_v1,english,Legitimate
SMS_00063,Its a part of checking IQ,SAFE,sms_phishing_v1,english,Legitimate
SMS_00064,"Sorry my roommates took forever, it ok if I come by now?",SAFE,sms_phishing_v1,english,Legitimate
SMS_00065,Ok lar i double check wif da hair dresser already he said wun cut v short. He said will cut until i look nice.,SAFE,sms_phishing_v1,english,Legitimate
SMS_00066,"As a valued customer, I am pleased to advise you that following recent review of your Mob No. you are awarded with a å£1500 Bonus Prize, call 09066364589",PHISHING,sms_phishing_v1,english,Phishing
SMS_00067,"Today is \song dedicated day..\"" Which song will u dedicate for me? Send this to all ur valuable frnds but first rply me...""",SAFE,sms_phishing_v1,english,Legitimate
SMS_00068,"Urgent UR awarded a complimentary trip to EuroDisinc Trav, Aco&Entry41 Or å£1000. To claim txt DIS to 87121 18+6*å£1.50(moreFrmMob. ShrAcomOrSglSuplt)10, LS1 3AJ",PHISHING,sms_phishing_v1,english,Phishing
SMS_00069,"Did you hear about the new \Divorce Barbie\""? It comes with all of Ken's stuff!""",PHISHING,sms_phishing_v1,english,Spam
SMS_00070,I plane to give on this month end.,SAFE,sms_phishing_v1,english,Legitimate
SMS_00071,Wah lucky man... Then can save money... Hee...,SAFE,sms_phishing_v1,english,Legitimate
SMS_00072,Finished class where are you.,SAFE,sms_phishing_v1,english,Legitimate
SMS_00073,HI BABE IM AT HOME NOW WANNA DO SOMETHING? XX,SAFE,sms_phishing_v1,english,Legitimate
SMS_00074,K..k:)where are you?how did you performed?,SAFE,sms_phishing_v1,english,Legitimate
SMS_00075,U can call me now...,SAFE,sms_phishing_v1,english,Legitimate
SMS_00076,I am waiting machan. Call me once you free.,SAFE,sms_phishing_v1,english,Legitimate
SMS_00077,Thats cool. i am a gentleman and will treat you with dignity and respect.,SAFE,sms_phishing_v1,english,Legitimate
SMS_00078,I like you peoples very much:) but am very shy pa.,SAFE,sms_phishing_v1,english,Legitimate
SMS_00079,Does not operate after  &lt;#&gt;  or what,SAFE,sms_phishing_v1,english,Legitimate
SMS_00080,Its not the same here. Still looking for a job. How much do Ta's earn there.,SAFE,sms_phishing_v1,english,Legitimate
SMS_00081,"Sorry, I'll call later",SAFE,sms_phishing_v1,english,Legitimate
SMS_00082,K. Did you call me just now ah?,SAFE,sms_phishing_v1,english,Legitimate
SMS_00083,Ok i am on the way to home hi hi,SAFE,sms_phishing_v1,english,Legitimate
SMS_00084,You will be in the place of that man,SAFE,sms_phishing_v1,english,Legitimate
SMS_00085,Yup next stop.,SAFE,sms_phishing_v1,english,Legitimate
SMS_00086,"I call you later, don't have network. If urgnt, sms me.",SAFE,sms_phishing_v1,english,Legitimate
SMS_00087,For real when u getting on yo? I only need 2 more tickets and one more jacket and I'm done. I already used all my multis.,SAFE,sms_phishing_v1,english,Legitimate
SMS_00088,Yes I started to send requests to make it but pain came back so I'm back in bed. Double coins at the factory too. I gotta cash in all my nitros.,SAFE,sms_phishing_v1,english,Legitimate
SMS_00089,I'm really not up to it still tonight babe,SAFE,sms_phishing_v1,english,Legitimate
SMS_00090,"Ela kano.,il download, come wen ur free..",SAFE,sms_phishing_v1,english,Legitimate
SMS_00091,Yeah do! DonÛ÷t stand to close tho- youÛ÷ll catch something!,SAFE,sms_phishing_v1,english,Legitimate
SMS_00092,Sorry to be a pain. Is it ok if we meet another night? I spent late afternoon in casualty and that means i haven't done any of y stuff42moro and that includes all my time sheets and that. Sorry.,SAFE,sms_phishing_v1,english,Legitimate
SMS_00093,Smile in Pleasure Smile in Pain Smile when trouble pours like Rain Smile when sum1 Hurts U Smile becoz SOMEONE still Loves to see u Smiling!!,SAFE,sms_phishing_v1,english,Legitimate
SMS_00094,Please call our customer service representative on 0800 169 6031 between 10am-9pm as you have WON a guaranteed å£1000 cash or å£5000 prize!,PHISHING,sms_phishing_v1,english,Phishing
SMS_00095,Havent planning to buy later. I check already lido only got 530 show in e afternoon. U finish work already?,SAFE,sms_phishing_v1,english,Legitimate
SMS_00096,"Your free ringtone is waiting to be collected. Simply text the password \MIX\"" to 85069 to verify. Get Usher and Britney. FML  PO Box 5249  MK17 92H. 450Ppw 16""",PHISHING,sms_phishing_v1,english,Phishing
SMS_00097,Watching telugu movie..wat abt u?,SAFE,sms_phishing_v1,english,Legitimate
SMS_00098,i see. When we finish we have loads of loans to pay,SAFE,sms_phishing_v1,english,Legitimate
SMS_00099,"Hi. Wk been ok - on hols now! Yes on for a bit of a run. Forgot that i have hairdressers appointment at four so need to get home n shower beforehand. Does that cause prob for u?\""
ham""",SAFE,sms_phishing_v1,english,Legitimate
SMS_00100,Please don't text me anymore. I have nothing else to say.,SAFE,sms_phishing_v1,english,Legitimate
SMS_00101,Okay name ur price as long as its legal! Wen can I pick them up? Y u ave x ams xx,SAFE,sms_phishing_v1,english,Legitimate
SMS_00102,I'm still looking for a car to buy. And have not gone 4the driving test yet.,SAFE,sms_phishing_v1,english,Legitimate
SMS_00103,"wow. You're right! I didn't mean to do that. I guess once i gave up on boston men and changed my search location to nyc, something changed. Cuz on my signin page it still says boston.",SAFE,sms_phishing_v1,english,Legitimate
SMS_00104,Umma my life and vava umma love you lot dear,SAFE,sms_phishing_v1,english,Legitimate
SMS_00105,Thanks a lot for your wishes on my birthday. Thanks you for making my birthday truly memorable.,SAFE,sms_phishing_v1,english,Legitimate
SMS_00106,"Aight, I'll hit you up when I get some cash",SAFE,sms_phishing_v1,english,Legitimate
SMS_00107,How would my ip address test that considering my computer isn't a minecraft server,SAFE,sms_phishing_v1,english,Legitimate
SMS_00108,I know! Grumpy old people. My mom was like you better not be lying. Then again I am always the one to play jokes...,SAFE,sms_phishing_v1,english,Legitimate
SMS_00109,Dont worry. I guess he's busy.,SAFE,sms_phishing_v1,english,Legitimate
SMS_00110,What is the plural of the noun research?,SAFE,sms_phishing_v1,english,Legitimate
SMS_00111,Going for dinner.msg you after.,SAFE,sms_phishing_v1,english,Legitimate
SMS_00112,I'm ok wif it cos i like 2 try new things. But i scared u dun like mah. Cos u said not too loud.,SAFE,sms_phishing_v1,english,Legitimate
SMS_00113,GENT! We are trying to contact you. Last weekends draw shows that you won a å£1000 prize GUARANTEED. Call 09064012160. Claim Code K52. Valid 12hrs only. 150ppm,PHISHING,sms_phishing_v1,english,Phishing
SMS_00114,"Wa, ur openin sentence very formal... Anyway, i'm fine too, juz tt i'm eatin too much n puttin on weight...Haha... So anythin special happened?",SAFE,sms_phishing_v1,english,Legitimate
SMS_00115,"As I entered my cabin my PA said, '' Happy B'day Boss !!''. I felt special. She askd me 4 lunch. After lunch she invited me to her apartment. We went there.",SAFE,sms_phishing_v1,english,Legitimate
SMS_00116,You are a winner U have been specially selected 2 receive å£1000 or a 4* holiday (flights inc) speak to a live operator 2 claim 0871277810910p/min (18+),PHISHING,sms_phishing_v1,english,Phishing
SMS_00117,Goodo! Yes we must speak friday - egg-potato ratio for tortilla needed!,SAFE,sms_phishing_v1,english,Legitimate
SMS_00118,Hmm...my uncle just informed me that he's paying the school directly. So pls buy food.,SAFE,sms_phishing_v1,english,Legitimate
SMS_00119,PRIVATE! Your 2004 Account Statement for 07742676969 shows 786 unredeemed Bonus Points. To claim call 08719180248 Identifier Code: 45239 Expires,PHISHING,sms_phishing_v1,english,Phishing
SMS_00120,"URGENT! Your Mobile No. was awarded å£2000 Bonus Caller Prize on 5/9/03 This is our final try to contact U! Call from Landline 09064019788 BOX42WR29C, 150PPM",PHISHING,sms_phishing_v1,english,Phishing
SMS_00121,here is my new address -apples&pairs&all that malarky,SAFE,sms_phishing_v1,english,Legitimate
SMS_00122,Todays Voda numbers ending 7548 are selected to receive a $350 award. If you have a match please call 08712300220 quoting claim code 4041 standard rates app,PHISHING,sms_phishing_v1,english,Phishing
SMS_00123,I am going to sao mu today. Will be done only at 12,SAFE,sms_phishing_v1,english,Legitimate
SMS_00124,ÌÏ predict wat time Ì_'ll finish buying?,SAFE,sms_phishing_v1,english,Legitimate
SMS_00125,"Good stuff, will do.",SAFE,sms_phishing_v1,english,Legitimate
SMS_00126,"Just so that you know,yetunde hasn't sent money yet. I just sent her a text not to bother sending. So its over, you dont have to involve yourself in anything. I shouldn't have imposed anything on you in the first place so for that, i apologise.",SAFE,sms_phishing_v1,english,Legitimate
SMS_00127,Are you there in room.,SAFE,sms_phishing_v1,english,Legitimate
SMS_00128,HEY GIRL. HOW R U? HOPE U R WELL ME AN DEL R BAK! AGAIN LONG TIME NO C! GIVE ME A CALL SUM TIME FROM LUCYxx,SAFE,sms_phishing_v1,english,Legitimate
SMS_00129,K..k:)how much does it cost?,SAFE,sms_phishing_v1,english,Legitimate
SMS_00130,I'm home.,SAFE,sms_phishing_v1,english,Legitimate
SMS_00131,"Dear, will call Tmorrow.pls accomodate.",SAFE,sms_phishing_v1,english,Legitimate
SMS_00132,First answer my question.,SAFE,sms_phishing_v1,english,Legitimate
SMS_00133,Sunshine Quiz Wkly Q! Win a top Sony DVD player if u know which country the Algarve is in? Txt ansr to 82277. å£1.50 SP:Tyrone,PHISHING,sms_phishing_v1,english,Spam
SMS_00134,Want 2 get laid tonight? Want real Dogging locations sent direct 2 ur mob? Join the UK's largest Dogging Network bt Txting GRAVEL to 69888! Nt. ec2a. 31p.msg@150p,PHISHING,sms_phishing_v1,english,Spam
SMS_00135,I only haf msn. It's yijue@hotmail.com,SAFE,sms_phishing_v1,english,Legitimate
SMS_00136,He is there. You call and meet him,SAFE,sms_phishing_v1,english,Legitimate
SMS_00137,No no. I will check all rooms befor activities,SAFE,sms_phishing_v1,english,Legitimate
SMS_00138,You'll not rcv any more msgs from the chat svc. For FREE Hardcore services text GO to: 69988 If u get nothing u must Age Verify with yr network & try again,PHISHING,sms_phishing_v1,english,Phishing
SMS_00139,Got c... I lazy to type... I forgot Ì_ in lect... I saw a pouch but like not v nice...,SAFE,sms_phishing_v1,english,Legitimate
SMS_00140,"K, text me when you're on the way",SAFE,sms_phishing_v1,english,Legitimate
SMS_00141,"Sir, Waiting for your mail.",SAFE,sms_phishing_v1,english,Legitimate
SMS_00142,"A swt thought: \Nver get tired of doing little things 4 lovable persons..\"" Coz..somtimes those little things occupy d biggest part in their Hearts.. Gud ni8""",SAFE,sms_phishing_v1,english,Legitimate
SMS_00143,I know you are. Can you pls open the back?,SAFE,sms_phishing_v1,english,Legitimate
SMS_00144,Yes see ya not on the dot,SAFE,sms_phishing_v1,english,Legitimate
SMS_00145,Whats the staff name who is taking class for us?,SAFE,sms_phishing_v1,english,Legitimate
SMS_00146,"FreeMsg Why haven't you replied to my text? I'm Randy, sexy, female and live local. Luv to hear from u. Netcollex Ltd 08700621170150p per msg reply Stop to end",PHISHING,sms_phishing_v1,english,Spam
SMS_00147,Ummma.will call after check in.our life will begin from qatar so pls pray very hard.,SAFE,sms_phishing_v1,english,Legitimate
SMS_00148,K..i deleted my contact that why?,SAFE,sms_phishing_v1,english,Legitimate
SMS_00149,Sindu got job in birla soft ..,SAFE,sms_phishing_v1,english,Legitimate
SMS_00150,The wine is flowing and i'm i have nevering..,SAFE,sms_phishing_v1,english,Legitimate
SMS_00151,Yup i thk cine is better cos no need 2 go down 2 plaza mah.,SAFE,sms_phishing_v1,english,Legitimate
SMS_00152,Ok... Ur typical reply...,SAFE,sms_phishing_v1,english,Legitimate
SMS_00153,"You are everywhere dirt, on the floor, the windows, even on my shirt. And sometimes when i open my mouth, you are all that comes flowing out. I dream of my world without you, then half my chores are out too. A time of joy for me, lots of tv shows i.ll see. But i guess like all things you just must exist, like rain, hail and mist, and when my time here is done, you and i become one.",SAFE,sms_phishing_v1,english,Legitimate
SMS_00154,Aaooooright are you at work?,SAFE,sms_phishing_v1,english,Legitimate
SMS_00155,I'm leaving my house now...,SAFE,sms_phishing_v1,english,Legitimate
SMS_00156,"Hello, my love. What are you doing? Did you get to that interview today? Are you you happy? Are you being a good boy? Do you think of me?Are you missing me ?",SAFE,sms_phishing_v1,english,Legitimate
SMS_00157,Customer service annoncement. You have a New Years delivery waiting for you. Please call 07046744435 now to arrange delivery,PHISHING,sms_phishing_v1,english,Phishing
SMS_00158,You are a winner U have been specially selected 2 receive å£1000 cash or a 4* holiday (flights inc) speak to a live operator 2 claim 0871277810810,PHISHING,sms_phishing_v1,english,Phishing
SMS_00159,Keep yourself safe for me because I need you and I miss you already and I envy everyone that see's you in real life,SAFE,sms_phishing_v1,english,Legitimate
SMS_00160,New car and house for my parents.:)i have only new job in hand:),SAFE,sms_phishing_v1,english,Legitimate
SMS_00161,I'm so in love with you. I'm excited each day i spend with you. You make me so happy.,SAFE,sms_phishing_v1,english,Legitimate
SMS_00162,-PLS STOP bootydelious (32/F) is inviting you to be her friend. Reply YES-434 or NO-434 See her: www.SMS.ac/u/bootydelious STOP? Send STOP FRND to 62468,PHISHING,sms_phishing_v1,english,Spam
SMS_00163,"BangBabes Ur order is on the way. U SHOULD receive a Service Msg 2 download UR content. If U do not, GoTo wap. bangb. tv on UR mobile internet/service menu",PHISHING,sms_phishing_v1,english,Spam
SMS_00164,I place all ur points on e cultures module already.,SAFE,sms_phishing_v1,english,Legitimate
SMS_00165,URGENT! We are trying to contact you. Last weekends draw shows that you have won a å£900 prize GUARANTEED. Call 09061701939. Claim code S89. Valid 12hrs only,PHISHING,sms_phishing_v1,english,Phishing
SMS_00166,"Hi frnd, which is best way to avoid missunderstding wit our beloved one's?",SAFE,sms_phishing_v1,english,Legitimate
SMS_00167,Great escape. I fancy the bridge but needs her lager. See you tomo,SAFE,sms_phishing_v1,english,Legitimate
SMS_00168,Yes :)it completely in out of form:)clark also utter waste.,SAFE,sms_phishing_v1,english,Legitimate
SMS_00169,"Sir, I need AXIS BANK account no and bank address.",SAFE,sms_phishing_v1,english,Legitimate
SMS_00170,"Hmmm.. Thk sure got time to hop ard... Ya, can go 4 free abt... Muz call u to discuss liao...",SAFE,sms_phishing_v1,english,Legitimate
SMS_00171,What time you coming down later?,SAFE,sms_phishing_v1,english,Legitimate
SMS_00172,"Bloody hell, cant believe you forgot my surname Mr . Ill give u a clue, its spanish and begins with m...",SAFE,sms_phishing_v1,english,Legitimate
SMS_00173,"Well, i'm gonna finish my bath now. Have a good...fine night.",SAFE,sms_phishing_v1,english,Legitimate
SMS_00174,Let me know when you've got the money so carlos can make the call,SAFE,sms_phishing_v1,english,Legitimate
SMS_00175,U still going to the mall?,SAFE,sms_phishing_v1,english,Legitimate
SMS_00176,"Turns out my friends are staying for the whole show and won't be back til ~ &lt;#&gt; , so feel free to go ahead and smoke that $ &lt;#&gt;  worth",SAFE,sms_phishing_v1,english,Legitimate
SMS_00177,Text her. If she doesnt reply let me know so i can have her log in,SAFE,sms_phishing_v1,english,Legitimate
SMS_00178,Hi! You just spoke to MANEESHA V. We'd like to know if you were satisfied with the experience. Reply Toll Free with Yes or No.,SAFE,sms_phishing_v1,english,Legitimate
SMS_00179,You lifted my hopes with the offer of money. I am in need. Especially when the end of the month approaches and it hurts my studying. Anyways have a gr8 weekend,SAFE,sms_phishing_v1,english,Legitimate
SMS_00180,Lol no. U can trust me.,SAFE,sms_phishing_v1,english,Legitimate
SMS_00181,ok. I am a gentleman and will treat you with dignity and respect.,SAFE,sms_phishing_v1,english,Legitimate
SMS_00182,"He will, you guys close?",SAFE,sms_phishing_v1,english,Legitimate
SMS_00183,Going on nothing great.bye,SAFE,sms_phishing_v1,english,Legitimate
SMS_00184,Hello handsome ! Are you finding that job ? Not being lazy ? Working towards getting back that net for mummy ? Where's my boytoy now ? Does he miss me ?,SAFE,sms_phishing_v1,english,Legitimate
SMS_00185,"Haha awesome, be there in a minute",SAFE,sms_phishing_v1,english,Legitimate
SMS_00186,Please call our customer service representative on FREEPHONE 0808 145 4742 between 9am-11pm as you have WON a guaranteed å£1000 cash or å£5000 prize!,PHISHING,sms_phishing_v1,english,Phishing
SMS_00187,Have you got Xmas radio times. If not i will get it now,SAFE,sms_phishing_v1,english,Legitimate
SMS_00188,I jus reached home. I go bathe first. But my sis using net tell u when she finishes k...,SAFE,sms_phishing_v1,english,Legitimate
SMS_00189,Are you unique enough? Find out from 30th August. www.areyouunique.co.uk,PHISHING,sms_phishing_v1,english,Spam
SMS_00190,I'm sorry. I've joined the league of people that dont keep in touch. You mean a great deal to me. You have been a friend at all times even at great personal cost. Do have a great week.|,SAFE,sms_phishing_v1,english,Legitimate
SMS_00191,Hi :)finally i completed the course:),SAFE,sms_phishing_v1,english,Legitimate
SMS_00192,It will stop on itself. I however suggest she stays with someone that will be able to give ors for every stool.,SAFE,sms_phishing_v1,english,Legitimate
SMS_00193,How are you doing? Hope you've settled in for the new school year. Just wishin you a gr8 day,SAFE,sms_phishing_v1,english,Legitimate
SMS_00194,Gud mrng dear hav a nice day,SAFE,sms_phishing_v1,english,Legitimate
SMS_00195,Did u got that persons story,SAFE,sms_phishing_v1,english,Legitimate
SMS_00196,is your hamster dead? Hey so tmr i meet you at 1pm orchard mrt?,SAFE,sms_phishing_v1,english,Legitimate
SMS_00197,Hi its Kate how is your evening? I hope i can see you tomorrow for a bit but i have to bloody babyjontet! Txt back if u can. :) xxx,SAFE,sms_phishing_v1,english,Legitimate
SMS_00198,"Found it, ENC  &lt;#&gt; , where you at?",SAFE,sms_phishing_v1,english,Legitimate
SMS_00199,I sent you  &lt;#&gt;  bucks,SAFE,sms_phishing_v1,english,Legitimate
SMS_00200,Hello darlin ive finished college now so txt me when u finish if u can love Kate xxx,SAFE,sms_phishing_v1,english,Legitimate
SMS_00201,Your account has been refilled successfully by INR  &lt;DECIMAL&gt; . Your KeralaCircle prepaid account balance is Rs  &lt;DECIMAL&gt; . Your Transaction ID is KR &lt;#&gt; .,SAFE,sms_phishing_v1,english,Legitimate
SMS_00202,Goodmorning sleeping ga.,SAFE,sms_phishing_v1,english,Legitimate
SMS_00203,U call me alter at 11 ok.,SAFE,sms_phishing_v1,english,Legitimate
SMS_00204,ÌÏ say until like dat i dun buy ericsson oso cannot oredi lar...,SAFE,sms_phishing_v1,english,Legitimate
SMS_00205,"Aight yo, dats straight dogg",SAFE,sms_phishing_v1,english,Legitimate
SMS_00206,You please give us connection today itself before  &lt;DECIMAL&gt;  or refund the bill,SAFE,sms_phishing_v1,english,Legitimate
SMS_00207,Both :) i shoot big loads so get ready!,SAFE,sms_phishing_v1,english,Legitimate
SMS_00208,"What's up bruv, hope you had a great break. Do have a rewarding semester.",SAFE,sms_phishing_v1,english,Legitimate
SMS_00209,Home so we can always chat,SAFE,sms_phishing_v1,english,Legitimate
SMS_00210,K:)k:)good:)study well.,SAFE,sms_phishing_v1,english,Legitimate
SMS_00211,Yup... How Ì_ noe leh...,SAFE,sms_phishing_v1,english,Legitimate
SMS_00212,Sounds great! Are you home now?,SAFE,sms_phishing_v1,english,Legitimate
SMS_00213,Finally the match heading towards draw as your prediction.,SAFE,sms_phishing_v1,english,Legitimate
SMS_00214,Tired. I haven't slept well the past few nights.,SAFE,sms_phishing_v1,english,Legitimate
SMS_00215,Easy ah?sen got selected means its good..,SAFE,sms_phishing_v1,english,Legitimate
SMS_00216,I have to take exam with march 3,SAFE,sms_phishing_v1,english,Legitimate
SMS_00217,Yeah you should. I think you can use your gt atm now to register. Not sure but if there's anyway i can help let me know. But when you do be sure you are ready.,SAFE,sms_phishing_v1,english,Legitimate
SMS_00218,Ok no prob. Take ur time.,SAFE,sms_phishing_v1,english,Legitimate
SMS_00219,There is os called ubandu which will run without installing in hard disk...you can use that os to copy the important files in system and give it to repair shop..,SAFE,sms_phishing_v1,english,Legitimate
SMS_00220,U say leh... Of course nothing happen lar. Not say v romantic jus a bit only lor. I thk e nite scenery not so nice leh.,SAFE,sms_phishing_v1,english,Legitimate
SMS_00221,"500 New Mobiles from 2004, MUST GO! Txt: NOKIA to No: 89545 & collect yours today!From ONLY å£1 www.4-tc.biz 2optout 087187262701.50gbp/mtmsg18",PHISHING,sms_phishing_v1,english,Spam
SMS_00222,Would really appreciate if you call me. Just need someone to talk to.,SAFE,sms_phishing_v1,english,Legitimate
SMS_00223,"Will u meet ur dream partner soon? Is ur career off 2 a flyng start? 2 find out free, txt HORO followed by ur star sign, e. g. HORO ARIES",PHISHING,sms_phishing_v1,english,Spam
SMS_00224,Hey company elama po mudyadhu.,SAFE,sms_phishing_v1,english,Legitimate
SMS_00225,"Life is more strict than teacher... Bcoz Teacher teaches lesson &amp; then conducts exam, But Life first conducts Exam &amp; then teaches Lessons. Happy morning. . .",SAFE,sms_phishing_v1,english,Legitimate
SMS_00226,Dear good morning now only i am up,SAFE,sms_phishing_v1,english,Legitimate
SMS_00227,Get down in gandhipuram and walk to cross cut road. Right side &lt;#&gt; street road and turn at first right.,SAFE,sms_phishing_v1,english,Legitimate
SMS_00228,Dear we are going to our rubber place,SAFE,sms_phishing_v1,english,Legitimate
SMS_00229,"Sorry battery died, yeah I'm here",SAFE,sms_phishing_v1,english,Legitimate
SMS_00230,Yes:)here tv is always available in work place..,SAFE,sms_phishing_v1,english,Legitimate
SMS_00231,Text & meet someone sexy today. U can find a date or even flirt its up to U. Join 4 just 10p. REPLY with NAME & AGE eg Sam 25. 18 -msg recd@thirtyeight pence,PHISHING,sms_phishing_v1,english,Spam
SMS_00232,I have printed it oh. So  &lt;#&gt;  come upstairs,SAFE,sms_phishing_v1,english,Legitimate
SMS_00233,Or ill be a little closer like at the bus stop on the same street,SAFE,sms_phishing_v1,english,Legitimate
SMS_00234,Where are you?when wil you reach here?,SAFE,sms_phishing_v1,english,Legitimate
SMS_00235,"New Theory: Argument wins d SITUATION, but loses the PERSON. So dont argue with ur friends just.. . . . kick them &amp; say, I'm always correct.!",SAFE,sms_phishing_v1,english,Legitimate
SMS_00236,U 447801259231 have a secret admirer who is looking 2 make contact with U-find out who they R*reveal who thinks UR so special-call on 09058094597,PHISHING,sms_phishing_v1,english,Spam
SMS_00237,Tomarrow final hearing on my laptop case so i cant.,SAFE,sms_phishing_v1,english,Legitimate
SMS_00238,PLEASSSSSSSEEEEEE TEL ME V AVENT DONE SPORTSx,SAFE,sms_phishing_v1,english,Legitimate
SMS_00239,"Okay. No no, just shining on. That was meant to be signing, but that sounds better.",SAFE,sms_phishing_v1,english,Legitimate
SMS_00240,"Although i told u dat i'm into baig face watches now but i really like e watch u gave cos it's fr u. Thanx 4 everything dat u've done today, i'm touched...",SAFE,sms_phishing_v1,english,Legitimate
SMS_00241,U don't remember that old commercial?,SAFE,sms_phishing_v1,english,Legitimate
SMS_00242,Too late. I said i have the website. I didn't i have or dont have the slippers,SAFE,sms_phishing_v1,english,Legitimate
SMS_00243,I asked you to call him now ok,SAFE,sms_phishing_v1,english,Legitimate
SMS_00244,Kallis wont bat in 2nd innings.,SAFE,sms_phishing_v1,english,Legitimate
SMS_00245,It didnt work again oh. Ok goodnight then. I.ll fix and have it ready by the time you wake up. You are very dearly missed have a good night sleep.,SAFE,sms_phishing_v1,english,Legitimate
SMS_00246,Congratulations ur awarded 500 of CD vouchers or 125gift guaranteed & Free entry 2 100 wkly draw txt MUSIC to 87066 TnCs www.Ldew.com1win150ppmx3age16,PHISHING,sms_phishing_v1,english,Spam
SMS_00247,Ranjith cal drpd Deeraj and deepak 5min hold,SAFE,sms_phishing_v1,english,Legitimate
SMS_00248,"Wen ur lovable bcums angry wid u, dnt take it seriously.. Coz being angry is d most childish n true way of showing deep affection, care n luv!.. kettoda manda... Have nice day da.",SAFE,sms_phishing_v1,english,Legitimate
SMS_00249,What you doing?how are you?,SAFE,sms_phishing_v1,english,Legitimate
SMS_00250,"Ups which is 3days also, and the shipping company that takes 2wks. The other way is usps which takes a week but when it gets to lag you may have to bribe nipost to get your stuff.",SAFE,sms_phishing_v1,english,Legitimate
SMS_00251,"I'm back, lemme know when you're ready",SAFE,sms_phishing_v1,english,Legitimate
SMS_00252,Don't necessarily expect it to be done before you get back though because I'm just now headin out,SAFE,sms_phishing_v1,english,Legitimate
SMS_00253,Mmm so yummy babe ... Nice jolt to the suzy,SAFE,sms_phishing_v1,english,Legitimate
SMS_00254,Where are you lover ? I need you ...,SAFE,sms_phishing_v1,english,Legitimate
SMS_00255,We tried to contact you re your reply to our offer of a Video Handset? 750 anytime networks mins? UNLIMITED TEXT? Camcorder? Reply or call 08000930705 NOW,PHISHING,sms_phishing_v1,english,Spam
SMS_00256,IÛ÷m parked next to a MINI!!!! When are you coming in today do you think?,SAFE,sms_phishing_v1,english,Legitimate
SMS_00257,Yup,SAFE,sms_phishing_v1,english,Legitimate
SMS_00258,Anyway i'm going shopping on my own now. Cos my sis not done yet. Dun disturb u liao.,SAFE,sms_phishing_v1,english,Legitimate
SMS_00259,MY NO. IN LUTON 0125698789 RING ME IF UR AROUND! H*,SAFE,sms_phishing_v1,english,Legitimate
SMS_00260,Hey I am really horny want to chat or see me naked text hot to 69698 text charged at 150pm to unsubscribe text stop 69698,PHISHING,sms_phishing_v1,english,Spam
SMS_00261,Why you Dint come with us.,SAFE,sms_phishing_v1,english,Legitimate
SMS_00262,Same. Wana plan a trip sometme then,SAFE,sms_phishing_v1,english,Legitimate
SMS_00263,"Not sure yet, still trying to get a hold of him",SAFE,sms_phishing_v1,english,Legitimate
SMS_00264,Ur ringtone service has changed! 25 Free credits! Go to club4mobiles.com to choose content now! Stop? txt CLUB STOP to 87070. 150p/wk Club4 PO Box1146 MK45 2WT,PHISHING,sms_phishing_v1,english,Spam
SMS_00265,The evo. I just had to download flash. Jealous?,SAFE,sms_phishing_v1,english,Legitimate
SMS_00266,Ringtone Club: Get the UK singles chart on your mobile each week and choose any top quality ringtone! This message is free of charge.,PHISHING,sms_phishing_v1,english,Spam
SMS_00267,"Come to mu, we're sorting out our narcotics situation",SAFE,sms_phishing_v1,english,Legitimate
SMS_00268,"Night has ended for another day, morning has come in a special way. May you smile like the sunny rays and leaves your worries at the blue blue bay.",SAFE,sms_phishing_v1,english,Legitimate
SMS_00269,HMV BONUS SPECIAL 500 pounds of genuine HMV vouchers to be won. Just answer 4 easy questions. Play Now! Send HMV to 86688 More info:www.100percent-real.com,PHISHING,sms_phishing_v1,english,Spam
SMS_00270,"Usf I guess, might as well take 1 car",SAFE,sms_phishing_v1,english,Legitimate
SMS_00271,No objection. My bf not coming.,SAFE,sms_phishing_v1,english,Legitimate
SMS_00272,Thanx...,SAFE,sms_phishing_v1,english,Legitimate
SMS_00273,Tell rob to mack his gf in the theater,SAFE,sms_phishing_v1,english,Legitimate
SMS_00274,"Awesome, I'll see you in a bit",SAFE,sms_phishing_v1,english,Legitimate
SMS_00275,Just sent it. So what type of food do you like?,SAFE,sms_phishing_v1,english,Legitimate
SMS_00276,All done? All handed in? Celebrations in full swing yet?,SAFE,sms_phishing_v1,english,Legitimate
SMS_00277,You got called a tool?,SAFE,sms_phishing_v1,english,Legitimate
SMS_00278,"\Wen u miss someone  the person is definitely special for u..... But if the person is so special  why to miss them  just Keep-in-touch\"" gdeve..""",SAFE,sms_phishing_v1,english,Legitimate
SMS_00279,Ok. I asked for money how far,SAFE,sms_phishing_v1,english,Legitimate
SMS_00280,Okie...,SAFE,sms_phishing_v1,english,Legitimate
SMS_00281,"Yeah I think my usual guy's still passed out from last night, if you get ahold of anybody let me know and I'll throw down",SAFE,sms_phishing_v1,english,Legitimate
SMS_00282,"K, I might come by tonight then if my class lets out early",SAFE,sms_phishing_v1,english,Legitimate
SMS_00283,Ok..,SAFE,sms_phishing_v1,english,Legitimate
SMS_00284,hi baby im cruisin with my girl friend what r u up 2? give me a call in and hour at home if thats alright or fone me on this fone now love jenny xxx,SAFE,sms_phishing_v1,english,Legitimate
SMS_00285,"My life Means a lot to me, Not because I love my life, But because I love the people in my life, The world calls them friends, I call them my World:-).. Ge:-)..",SAFE,sms_phishing_v1,english,Legitimate
SMS_00286,"Dear,shall mail tonite.busy in the street,shall update you tonite.things are looking ok.varunnathu edukkukayee raksha ollu.but a good one in real sense.",SAFE,sms_phishing_v1,english,Legitimate
SMS_00287,Hey you told your name to gautham ah?,SAFE,sms_phishing_v1,english,Legitimate
SMS_00288,Haf u found him? I feel so stupid da v cam was working.,SAFE,sms_phishing_v1,english,Legitimate
SMS_00289,Oops. 4 got that bit.,SAFE,sms_phishing_v1,english,Legitimate
SMS_00290,Are you this much buzy,SAFE,sms_phishing_v1,english,Legitimate
SMS_00291,I accidentally deleted the message. Resend please.,SAFE,sms_phishing_v1,english,Legitimate
SMS_00292,T-Mobile customer you may now claim your FREE CAMERA PHONE upgrade & a pay & go sim card for your loyalty. Call on 0845 021 3680.Offer ends 28thFeb.T&C's apply,PHISHING,sms_phishing_v1,english,Phishing
SMS_00293,Unless it's a situation where YOU GO GURL would be more appropriate,SAFE,sms_phishing_v1,english,Legitimate
SMS_00294,Hurt me... Tease me... Make me cry... But in the end of my life when i die plz keep one rose on my grave and say STUPID I MISS U.. HAVE A NICE DAY BSLVYL,SAFE,sms_phishing_v1,english,Legitimate
SMS_00295,I cant pick the phone right now. Pls send a message,SAFE,sms_phishing_v1,english,Legitimate
SMS_00296,Need a coffee run tomo?Can't believe it's that time of week already,SAFE,sms_phishing_v1,english,Legitimate
SMS_00297,"Awesome, I remember the last time we got somebody high for the first time with diesel :V",SAFE,sms_phishing_v1,english,Legitimate
SMS_00298,"Shit that is really shocking and scary, cant imagine for a second. Def up for night out. Do u think there is somewhere i could crash for night, save on taxi?",SAFE,sms_phishing_v1,english,Legitimate
SMS_00299,Oh and by the way you do have more food in your fridge! Want to go out for a meal tonight?,SAFE,sms_phishing_v1,english,Legitimate
SMS_00300,He is a womdarfull actor,SAFE,sms_phishing_v1,english,Legitimate
SMS_00301,"SMS. ac Blind Date 4U!: Rodds1 is 21/m from Aberdeen, United Kingdom. Check Him out http://img. sms. ac/W/icmb3cktz8r7!-4 no Blind Dates send HIDE",PHISHING,sms_phishing_v1,english,Spam
SMS_00302,Yup... From what i remb... I think should be can book...,SAFE,sms_phishing_v1,english,Legitimate
SMS_00303,Jos ask if u wana meet up?,SAFE,sms_phishing_v1,english,Legitimate
SMS_00304,Lol yes. Our friendship is hanging on a thread cause u won't buy stuff.,SAFE,sms_phishing_v1,english,Legitimate
SMS_00305,"TheMob> Check out our newest selection of content, Games, Tones, Gossip, babes and sport, Keep your mobile fit and funky text WAP to 82468",PHISHING,sms_phishing_v1,english,Spam
SMS_00306,Where are the garage keys? They aren't on the bookshelf,SAFE,sms_phishing_v1,english,Legitimate
SMS_00307,Today is ACCEPT DAY..U Accept me as? Brother Sister Lover Dear1 Best1 Clos1 Lvblefrnd Jstfrnd Cutefrnd Lifpartnr Belovd Swtheart Bstfrnd No rply means enemy,SAFE,sms_phishing_v1,english,Legitimate
SMS_00308,"Think ur smart ? Win å£200 this week in our weekly quiz, text PLAY to 85222 now!T&Cs WinnersClub PO BOX 84, M26 3UZ. 16+. GBP1.50/week",PHISHING,sms_phishing_v1,english,Phishing
SMS_00309,He says he'll give me a call when his friend's got the money but that he's definitely buying before the end of the week,SAFE,sms_phishing_v1,english,Legitimate
SMS_00310,"Hi the way I was with u 2day, is the normal way&this is the real me. UR unique&I hope I know u 4 the rest of mylife. Hope u find wot was lost.",SAFE,sms_phishing_v1,english,Legitimate
SMS_00311,You made my day. Do have a great day too.,SAFE,sms_phishing_v1,english,Legitimate
SMS_00312,K.k:)advance happy pongal.,SAFE,sms_phishing_v1,english,Legitimate
SMS_00313,"Hmmm... Guess we can go 4 kb n power yoga... Haha, dunno we can tahan power yoga anot... Thk got lo oso, forgot liao...",SAFE,sms_phishing_v1,english,Legitimate
SMS_00314,"Not really dude, have no friends i'm afraid :(",SAFE,sms_phishing_v1,english,Legitimate
SMS_00315,December only! Had your mobile 11mths+? You are entitled to update to the latest colour camera mobile for Free! Call The Mobile Update Co FREE on 08002986906,PHISHING,sms_phishing_v1,english,Phishing
SMS_00316,"Coffee cake, i guess...",SAFE,sms_phishing_v1,english,Legitimate
SMS_00317,"Merry Christmas to you too babe, i love ya *kisses*",SAFE,sms_phishing_v1,english,Legitimate
SMS_00318,Hey... Why dont we just go watch x men and have lunch... Haha,SAFE,sms_phishing_v1,english,Legitimate
SMS_00319,cud u tell ppl im gona b a bit l8 cos 2 buses hav gon past cos they were full & im still waitin 4 1. Pete x,SAFE,sms_phishing_v1,english,Legitimate
SMS_00320,That would be great. We'll be at the Guild. Could meet on Bristol road or somewhere - will get in touch over weekend. Our plans take flight! Have a good week,SAFE,sms_phishing_v1,english,Legitimate
SMS_00321,No problem. How are you doing?,SAFE,sms_phishing_v1,english,Legitimate
SMS_00322,Hi da:)how is the todays class?,SAFE,sms_phishing_v1,english,Legitimate
SMS_00323,"I'd say that's a good sign but, well, you know my track record at reading women",SAFE,sms_phishing_v1,english,Legitimate
SMS_00324,"Cool, text me when you're parked",SAFE,sms_phishing_v1,english,Legitimate
SMS_00325,I'm reading the text i just sent you. Its meant to be a joke. So read it in that light,SAFE,sms_phishing_v1,english,Legitimate
SMS_00326,K.k:)apo k.good movie.,SAFE,sms_phishing_v1,english,Legitimate
SMS_00327,Maybe i could get book out tomo then return it immediately ..? Or something.,SAFE,sms_phishing_v1,english,Legitimate
SMS_00328,Call Germany for only 1 pence per minute! Call from a fixed line via access number 0844 861 85 85. No prepayment. Direct access!,PHISHING,sms_phishing_v1,english,Phishing
SMS_00329,Any chance you might have had with me evaporated as soon as you violated my privacy by stealing my phone number from your employer's paperwork. Not cool at all. Please do not contact me again or I will report you to your supervisor.,SAFE,sms_phishing_v1,english,Legitimate
SMS_00330,Valentines Day Special! Win over å£1000 in our quiz and take your partner on the trip of a lifetime! Send GO to 83600 now. 150p/msg rcvd. CustCare:08718720201.,PHISHING,sms_phishing_v1,english,Spam
SMS_00331,"Ta-Daaaaa! I am home babe, are you still up ?",SAFE,sms_phishing_v1,english,Legitimate
SMS_00332,Cool. So how come you havent been wined and dined before?,SAFE,sms_phishing_v1,english,Legitimate
SMS_00333,Just sleeping..and surfing,SAFE,sms_phishing_v1,english,Legitimate
SMS_00334,U calling me right? Call my hand phone...,SAFE,sms_phishing_v1,english,Legitimate
SMS_00335,Ok that's great thanx a lot.,SAFE,sms_phishing_v1,english,Legitimate
SMS_00336,I take it the post has come then! You must have 1000s of texts now! Happy reading. My one from wiv hello caroline at the end is my favourite. Bless him,SAFE,sms_phishing_v1,english,Legitimate
SMS_00337,Where u been hiding stranger?,SAFE,sms_phishing_v1,english,Legitimate
SMS_00338,Am not interested to do like that.,SAFE,sms_phishing_v1,english,Legitimate
SMS_00339,My sister cleared two round in birla soft yesterday.,SAFE,sms_phishing_v1,english,Legitimate
SMS_00340,Gudnite....tc...practice going on,SAFE,sms_phishing_v1,english,Legitimate
SMS_00341,Dis is yijue. I jus saw ur mail. In case huiming havent sent u my num. Dis is my num.,SAFE,sms_phishing_v1,english,Legitimate
SMS_00342,One small prestige problem now.,SAFE,sms_phishing_v1,english,Legitimate
SMS_00343,Fancy a shag? I do.Interested? sextextuk.com txt XXUK SUZY to 69876. Txts cost 1.50 per msg. TnCs on website. X,PHISHING,sms_phishing_v1,english,Spam
SMS_00344,Just checking in on you. Really do miss seeing Jeremiah. Do have a great month,SAFE,sms_phishing_v1,english,Legitimate
SMS_00345,"Nah can't help you there, I've never had an iphone",SAFE,sms_phishing_v1,english,Legitimate
SMS_00346,If you're not in my car in an hour and a half I'm going apeshit,SAFE,sms_phishing_v1,english,Legitimate
SMS_00347,"TODAY is Sorry day.! If ever i was angry with you, if ever i misbehaved or hurt you? plz plz JUST SLAP URSELF Bcoz, Its ur fault, I'm basically GOOD",SAFE,sms_phishing_v1,english,Legitimate
SMS_00348,Yo you guys ever figure out how much we need for alcohol? Jay and I are trying to figure out how much we can safely spend on weed,SAFE,sms_phishing_v1,english,Legitimate
SMS_00349,&lt;#&gt; ISH MINUTES WAS 5 MINUTES AGO. WTF.,SAFE,sms_phishing_v1,english,Legitimate
SMS_00350,"Thank You for calling.Forgot to say Happy Onam to you Sirji.I am fine here and remembered you when i met an insurance person.Meet You in Qatar Insha Allah.Rakhesh, ex Tata AIG who joined TISSCO,Tayseer.",SAFE,sms_phishing_v1,english,Legitimate
SMS_00351,Ur cash-balance is currently 500 pounds - to maximize ur cash-in now send CASH to 86688 only 150p/msg. CC: 08708800282 HG/Suite342/2Lands Row/W1J6HL,PHISHING,sms_phishing_v1,english,Spam
SMS_00352,"I'm an actor. When i work, i work in the evening and sleep late. Since i'm unemployed at the moment, i ALWAYS sleep late. When you're unemployed, every day is saturday.",SAFE,sms_phishing_v1,english,Legitimate
SMS_00353,"Hello! Just got here, st andrews-boy its a long way! Its cold. I will keep you posted",SAFE,sms_phishing_v1,english,Legitimate
SMS_00354,Ha ha cool cool chikku chikku:-):-DB-),SAFE,sms_phishing_v1,english,Legitimate
SMS_00355,Oh ok no prob..,SAFE,sms_phishing_v1,english,Legitimate
SMS_00356,Check audrey's status right now,SAFE,sms_phishing_v1,english,Legitimate
SMS_00357,Busy here. Trying to finish for new year. I am looking forward to finally meeting you...,SAFE,sms_phishing_v1,english,Legitimate
SMS_00358,"Good afternoon sunshine! How dawns that day ? Are we refreshed and happy to be alive? Do we breathe in the air and smile ? I think of you, my love ... As always",SAFE,sms_phishing_v1,english,Legitimate
SMS_00359,Well i know Z will take care of me. So no worries.,SAFE,sms_phishing_v1,english,Legitimate
SMS_00360,"Update_Now - Xmas Offer! Latest Motorola, SonyEricsson & Nokia & FREE Bluetooth! Double Mins & 1000 Txt on Orange. Call MobileUpd8 on 08000839402 or call2optout/F4Q=",PHISHING,sms_phishing_v1,english,Phishing
SMS_00361,Here is your discount code RP176781. To stop further messages reply stop. www.regalportfolio.co.uk. Customer Services 08717205546,PHISHING,sms_phishing_v1,english,Spam
SMS_00362,Wat uniform? In where get?,SAFE,sms_phishing_v1,english,Legitimate
SMS_00363,"Cool, text me when you're ready",SAFE,sms_phishing_v1,english,Legitimate
SMS_00364,"Hello my boytoy ... Geeee I miss you already and I just woke up. I wish you were here in bed with me, cuddling me. I love you ...",SAFE,sms_phishing_v1,english,Legitimate
SMS_00365,I will spoil you in bed as well :),SAFE,sms_phishing_v1,english,Legitimate
SMS_00366,I'm going for bath will msg you next  &lt;#&gt;  min..,SAFE,sms_phishing_v1,english,Legitimate
SMS_00367,I cant keep talking to people if am not sure i can pay them if they agree to price. So pls tell me what you want to really buy and how much you are willing to pay,SAFE,sms_phishing_v1,english,Legitimate
SMS_00368,"Thanks for your Ringtone Order, Reference T91. You will be charged GBP 4 per week. You can unsubscribe at anytime by calling customer services on 09057039994",PHISHING,sms_phishing_v1,english,Spam
SMS_00369,Can you say what happen,SAFE,sms_phishing_v1,english,Legitimate
SMS_00370,You could have seen me..i did't recognise you Face.:),SAFE,sms_phishing_v1,english,Legitimate
SMS_00371,Well there's not a lot of things happening in Lindsay on New years *sighs* Some bars in Ptbo and the blue heron has something going,SAFE,sms_phishing_v1,english,Legitimate
SMS_00372,Keep my payasam there if rinu brings,SAFE,sms_phishing_v1,english,Legitimate
SMS_00373,I taught that Ranjith sir called me. So only i sms like that. Becaus hes verifying about project. Prabu told today so only pa dont mistake me..,SAFE,sms_phishing_v1,english,Legitimate
SMS_00374,"I guess that's why you re worried. You must know that there's a way the body repairs itself. And i'm quite sure you shouldn't worry. We'll take it slow. First the tests, they will guide when your ovulation is then just relax. Nothing you've said is a reason to worry but i.ll keep on followin you up.",SAFE,sms_phishing_v1,english,Legitimate
SMS_00375,"Yeah sure, give me a couple minutes to track down my wallet",SAFE,sms_phishing_v1,english,Legitimate
SMS_00376,Hey leave it. not a big deal:-) take care.,SAFE,sms_phishing_v1,english,Legitimate
SMS_00377,Hey i will be late ah... Meet you at 945+,SAFE,sms_phishing_v1,english,Legitimate
SMS_00378,"Double mins and txts 4 6months FREE Bluetooth on Orange. Available on Sony, Nokia Motorola phones. Call MobileUpd8 on 08000839402 or call2optout/N9DX",PHISHING,sms_phishing_v1,english,Spam
SMS_00379,It took Mr owl 3 licks,SAFE,sms_phishing_v1,english,Legitimate
SMS_00380,Customer place i will call you.,SAFE,sms_phishing_v1,english,Legitimate
SMS_00381,Mm that time you dont like fun,SAFE,sms_phishing_v1,english,Legitimate
SMS_00382,4mths half price Orange line rental & latest camera phones 4 FREE. Had your phone 11mths ? Call MobilesDirect free on 08000938767 to update now! or2stoptxt,PHISHING,sms_phishing_v1,english,Phishing
SMS_00383,Yup having my lunch buffet now.. U eat already?,SAFE,sms_phishing_v1,english,Legitimate
SMS_00384,Huh so late... Fr dinner?,SAFE,sms_phishing_v1,english,Legitimate
SMS_00385,Hey so this sat are we going for the intro pilates only? Or the kickboxing too?,SAFE,sms_phishing_v1,english,Legitimate
SMS_00386,Morning only i can ok.,SAFE,sms_phishing_v1,english,Legitimate
SMS_00387,Yes i think so. I am in office but my lap is in room i think thats on for the last few days. I didnt shut that down,SAFE,sms_phishing_v1,english,Legitimate
SMS_00388,Pick you up bout 7.30ish? What time are  and that going?,SAFE,sms_phishing_v1,english,Legitimate
SMS_00389,From here after The performance award is calculated every two month.not for current one month period..,SAFE,sms_phishing_v1,english,Legitimate
SMS_00390,Was actually sleeping and still might when u call back. So a text is gr8. You rock sis. Will send u a text wen i wake.,SAFE,sms_phishing_v1,english,Legitimate
SMS_00391,"You are always putting your business out there. You put pictures of your ass on facebook. You are one of the most open people i've ever met. Why would i think a picture of your room would hurt you, make you feel violated.",SAFE,sms_phishing_v1,english,Legitimate
SMS_00392,"Good evening Sir, Al Salam Wahleykkum.sharing a happy news.By the grace of God, i got an offer from Tayseer,TISSCO and i joined.Hope you are fine.Inshah Allah,meet you sometime.Rakhesh,visitor from India.",SAFE,sms_phishing_v1,english,Legitimate
SMS_00393,Hmmm...k...but i want to change the field quickly da:-)i wanna get system administrator or network administrator..,SAFE,sms_phishing_v1,english,Legitimate
SMS_00394,"FREE RINGTONE text FIRST to 87131 for a poly or text GET to 87131 for a true tone! Help? 0845 2814032 16 after 1st free, tones are 3xå£150pw to eå£nd txt stop",PHISHING,sms_phishing_v1,english,Spam
SMS_00395,Dear how is chechi. Did you talk to her,SAFE,sms_phishing_v1,english,Legitimate
SMS_00396,The hair cream has not been shipped.,SAFE,sms_phishing_v1,english,Legitimate
SMS_00397,None of that's happening til you get here though,SAFE,sms_phishing_v1,english,Legitimate
SMS_00398,"Yep, the great loxahatchee xmas tree burning of  &lt;#&gt;  starts in an hour",SAFE,sms_phishing_v1,english,Legitimate
SMS_00399,"Haha get used to driving to usf man, I know a lot of stoners",SAFE,sms_phishing_v1,english,Legitimate
SMS_00400,All was well until slightly disastrous class this pm with my fav darlings! Hope day off ok. Coffee wld be good as can't stay late tomorrow. Same time + place as always?,SAFE,sms_phishing_v1,english,Legitimate
SMS_00401,Hello! Good week? Fancy a drink or something later?,SAFE,sms_phishing_v1,english,Legitimate
SMS_00402,Headin towards busetop,SAFE,sms_phishing_v1,english,Legitimate
SMS_00403,Message:some text missing* Sender:Name Missing* *Number Missing *Sent:Date missing *Missing U a lot thats y everything is missing sent via fullonsms.com,SAFE,sms_phishing_v1,english,Legitimate
SMS_00404,Come by our room at some point so we can iron out the plan for this weekend,SAFE,sms_phishing_v1,english,Legitimate
SMS_00405,Cos i want it to be your thing,SAFE,sms_phishing_v1,english,Legitimate
SMS_00406,"Okies... I'll go yan jiu too... We can skip ard oso, go cine den go mrt one, blah blah blah...",SAFE,sms_phishing_v1,english,Legitimate
SMS_00407,Bring home some Wendy =D,SAFE,sms_phishing_v1,english,Legitimate
SMS_00408,100 dating service cal;l 09064012103 box334sk38ch,PHISHING,sms_phishing_v1,english,Spam
SMS_00409,Whatsup there. Dont u want to sleep,SAFE,sms_phishing_v1,english,Legitimate
SMS_00410,Alright i have a new goal now,SAFE,sms_phishing_v1,english,Legitimate
SMS_00411,FREE entry into our å£250 weekly competition just text the word WIN to 80086 NOW. 18 T&C www.txttowin.co.uk,PHISHING,sms_phishing_v1,english,Spam
SMS_00412,"Alright, I'll head out in a few minutes, text me where to meet you",SAFE,sms_phishing_v1,english,Legitimate
SMS_00413,Send a logo 2 ur lover - 2 names joined by a heart. Txt LOVE NAME1 NAME2 MOBNO eg LOVE ADAM EVE 07123456789 to 87077 Yahoo! POBox36504W45WQ TxtNO 4 no ads 150p,PHISHING,sms_phishing_v1,english,Spam
SMS_00414,Yes:)from last week itself i'm taking live call.,SAFE,sms_phishing_v1,english,Legitimate
SMS_00415,Someone has contacted our dating service and entered your phone because they fancy you! To find out who it is call from a landline 09111032124 . PoBox12n146tf150p,PHISHING,sms_phishing_v1,english,Spam
SMS_00416,Siva is in hostel aha:-.,SAFE,sms_phishing_v1,english,Legitimate
SMS_00417,URGENT! Your Mobile number has been awarded with a å£2000 prize GUARANTEED. Call 09058094455 from land line. Claim 3030. Valid 12hrs only,PHISHING,sms_phishing_v1,english,Phishing
SMS_00418,Send this to ur friends and receive something about ur voice..... How is my speaking expression? 1.childish 2.naughty 3.Sentiment 4.rowdy 5.ful of attitude 6.romantic 7.shy 8.Attractive 9.funny  &lt;#&gt; .irritating  &lt;#&gt; .lovable. reply me..,SAFE,sms_phishing_v1,english,Legitimate
SMS_00419,Ok. She'll be ok. I guess,SAFE,sms_phishing_v1,english,Legitimate
SMS_00420,aathi..where are you dear..,SAFE,sms_phishing_v1,english,Legitimate
SMS_00421,Any pain on urination any thing else?,SAFE,sms_phishing_v1,english,Legitimate
SMS_00422,7 at esplanade.. Do Ì_ mind giving me a lift cos i got no car today..,SAFE,sms_phishing_v1,english,Legitimate
SMS_00423,I wnt to buy a BMW car urgently..its vry urgent.but hv a shortage of  &lt;#&gt; Lacs.there is no source to arng dis amt. &lt;#&gt; lacs..thats my prob,SAFE,sms_phishing_v1,english,Legitimate
SMS_00424,At home watching tv lor.,SAFE,sms_phishing_v1,english,Legitimate
SMS_00425,Does she usually take fifteen fucking minutes to respond to a yes or no question,SAFE,sms_phishing_v1,english,Legitimate
SMS_00426,Congrats! Nokia 3650 video camera phone is your Call 09066382422 Calls cost 150ppm Ave call 3mins vary from mobiles 16+ Close 300603 post BCM4284 Ldn WC1N3XX,PHISHING,sms_phishing_v1,english,Spam
SMS_00427,Booked ticket for pongal?,SAFE,sms_phishing_v1,english,Legitimate
SMS_00428,You available now? I'm like right around hillsborough &amp;  &lt;#&gt; th,SAFE,sms_phishing_v1,english,Legitimate
SMS_00429,The message sent is askin for  &lt;#&gt; dollars. Shoul i pay  &lt;#&gt;  or  &lt;#&gt; ?,SAFE,sms_phishing_v1,english,Legitimate
SMS_00430,"Ask g or iouri, I've told the story like ten times already",SAFE,sms_phishing_v1,english,Legitimate
SMS_00431,How long does applebees fucking take,SAFE,sms_phishing_v1,english,Legitimate
SMS_00432,"Hi hope u get this txt~journey hasnt been gd,now about 50 mins late I think.",SAFE,sms_phishing_v1,english,Legitimate
SMS_00433,But i have to. I like to have love and arrange.,SAFE,sms_phishing_v1,english,Legitimate
SMS_00434,Yes..he is really great..bhaji told kallis best cricketer after sachin in world:).very tough to get out.,SAFE,sms_phishing_v1,english,Legitimate
SMS_00435,You were supposed to wake ME up &gt;:(,SAFE,sms_phishing_v1,english,Legitimate
SMS_00436,Oic... I saw him too but i tot he din c me... I found a group liao...,SAFE,sms_phishing_v1,english,Legitimate
SMS_00437,"\HEY HEY WERETHE MONKEESPEOPLE SAY WE MONKEYAROUND! HOWDY GORGEOUS  HOWU DOIN? FOUNDURSELF A JOBYET SAUSAGE?LOVE JEN XXX\""""",SAFE,sms_phishing_v1,english,Legitimate
SMS_00438,"Sorry, my battery died, I can come by but I'm only getting a gram for now, where's your place?",SAFE,sms_phishing_v1,english,Legitimate
SMS_00439,"Well done, blimey, exercise, yeah, i kinda remember wot that is, hmm.",SAFE,sms_phishing_v1,english,Legitimate
SMS_00440,I wont get concentration dear you know you are my mind and everything :-),SAFE,sms_phishing_v1,english,Legitimate
SMS_00441,LOL ... Have you made plans for new years?,SAFE,sms_phishing_v1,english,Legitimate
SMS_00442,10 min later k...,SAFE,sms_phishing_v1,english,Legitimate
SMS_00443,hanks lotsly!,SAFE,sms_phishing_v1,english,Legitimate
SMS_00444,Thanks for this hope you had a good day today,SAFE,sms_phishing_v1,english,Legitimate
SMS_00445,K:)k:)what are detail you want to transfer?acc no enough?,SAFE,sms_phishing_v1,english,Legitimate
SMS_00446,Ok i will tell her to stay out. Yeah its been tough but we are optimistic things will improve this month.,SAFE,sms_phishing_v1,english,Legitimate
SMS_00447,"Loan for any purpose å£500 - å£75,000. Homeowners + Tenants welcome. Have you been previously refused? We can still help. Call Free 0800 1956669 or text back 'help'",PHISHING,sms_phishing_v1,english,Spam
SMS_00448,Si si. I think ill go make those oreo truffles.,SAFE,sms_phishing_v1,english,Legitimate
SMS_00449,"LOOK AT AMY URE A BEAUTIFUL, INTELLIGENT WOMAN AND I LIKE U A LOT. I KNOW U DONåÕT LIKE ME LIKE THAT SO DONåÕT WORRY.",SAFE,sms_phishing_v1,english,Legitimate
SMS_00450,I hope you that's the result of being consistently intelligent and kind. Start asking him about practicum links and keep your ears open and all the best. ttyl,SAFE,sms_phishing_v1,english,Legitimate
SMS_00451,"1.20 that call cost. Which i guess isnt bad. Miss ya, need ya, want ya, love ya",SAFE,sms_phishing_v1,english,Legitimate
SMS_00452,Going thru a very different feeling.wavering decisions and coping up with the same is the same individual.time will heal everything i believe.,SAFE,sms_phishing_v1,english,Legitimate
SMS_00453,Where did u go? My phone is gonna die you have to stay in here,SAFE,sms_phishing_v1,english,Legitimate
SMS_00454,Great. Never been better. Each day gives even more reasons to thank God,SAFE,sms_phishing_v1,english,Legitimate
SMS_00455,"UpgrdCentre Orange customer, you may now claim your FREE CAMERA PHONE upgrade for your loyalty. Call now on 0207 153 9153. Offer ends 26th July. T&C's apply. Opt-out available",PHISHING,sms_phishing_v1,english,Phishing
SMS_00456,"Sorry, I'll call later ok bye",SAFE,sms_phishing_v1,english,Legitimate
SMS_00457,Ok i am on the way to railway,SAFE,sms_phishing_v1,english,Legitimate
SMS_00458,great princess! I love giving and receiving oral. Doggy style is my fave position. How about you? I enjoy making love  &lt;#&gt;  times per night :),SAFE,sms_phishing_v1,english,Legitimate
SMS_00459,They don't put that stuff on the roads to keep it from getting slippery over there?,SAFE,sms_phishing_v1,english,Legitimate
SMS_00460,When are you going to ride your bike?,SAFE,sms_phishing_v1,english,Legitimate
SMS_00461,"Yup, no need. I'll jus wait 4 e rain 2 stop.",SAFE,sms_phishing_v1,english,Legitimate
SMS_00462,There are many company. Tell me the language.,SAFE,sms_phishing_v1,english,Legitimate
SMS_00463,okmail: Dear Dave this is your final notice to collect your 4* Tenerife Holiday or #5000 CASH award! Call 09061743806 from landline. TCs SAE Box326 CW25WX 150ppm,PHISHING,sms_phishing_v1,english,Spam
SMS_00464,"How long has it been since you screamed, princess?",SAFE,sms_phishing_v1,english,Legitimate
SMS_00465,"Nothing. I meant that once the money enters your account here, the bank will remove its flat rate. Someone transfered  &lt;#&gt;  to my account and  &lt;#&gt; dollars got removed. So the banks differ and charges also differ.be sure you trust the 9ja person you are sending account details to cos...",SAFE,sms_phishing_v1,english,Legitimate
SMS_00466,Want 2 get laid tonight? Want real Dogging locations sent direct 2 ur Mob? Join the UK's largest Dogging Network by txting MOAN to 69888Nyt. ec2a. 31p.msg@150p,PHISHING,sms_phishing_v1,english,Spam
SMS_00467,Nice line said by a broken heart- Plz don't cum 1 more times infront of me... Other wise once again I ll trust U... Good 9t:),SAFE,sms_phishing_v1,english,Legitimate
SMS_00468,Ok I'm gonna head up to usf in like fifteen minutes,SAFE,sms_phishing_v1,english,Legitimate
SMS_00469,Love you aathi..love u lot..,SAFE,sms_phishing_v1,english,Legitimate
SMS_00470,Tension ah?what machi?any problem?,SAFE,sms_phishing_v1,english,Legitimate
SMS_00471,"K, can I pick up another 8th when you're done?",SAFE,sms_phishing_v1,english,Legitimate
SMS_00472,When're you guys getting back? G said you were thinking about not staying for mcr,SAFE,sms_phishing_v1,english,Legitimate
SMS_00473,"Almost there, see u in a sec",SAFE,sms_phishing_v1,english,Legitimate
SMS_00474,"Yo carlos, a few friends are already asking me about you, you working at all this weekend?",SAFE,sms_phishing_v1,english,Legitimate
SMS_00475,Watching tv lor...,SAFE,sms_phishing_v1,english,Legitimate
SMS_00476,Thank you baby! I cant wait to taste the real thing...,SAFE,sms_phishing_v1,english,Legitimate
SMS_00477,You should change your fb to jaykwon thuglyfe falconerf,SAFE,sms_phishing_v1,english,Legitimate
SMS_00478,If we win its really no 1 side for long time.,SAFE,sms_phishing_v1,english,Legitimate
SMS_00479,"FREE MESSAGE Activate your 500 FREE Text Messages by replying to this message with the word FREE For terms & conditions, visit www.07781482378.com",PHISHING,sms_phishing_v1,english,Spam
SMS_00480,Dear reached railway. What happen to you,SAFE,sms_phishing_v1,english,Legitimate
SMS_00481,"Depends on quality. If you want the type i sent boye, faded glory, then about 6. If you want ralphs maybe 2",SAFE,sms_phishing_v1,english,Legitimate
SMS_00482,I think i've fixed it can you send a test message?,SAFE,sms_phishing_v1,english,Legitimate
SMS_00483,"Sorry man my account's dry or I would, if you want we could trade back half or I could buy some shit with my credit card",SAFE,sms_phishing_v1,english,Legitimate
SMS_00484,"Congrats! 1 year special cinema pass for 2 is yours. call 09061209465 now! C Suprman V, Matrix3, StarWars3, etc all 4 FREE! bx420-ip4-5we. 150pm. Dont miss out!",PHISHING,sms_phishing_v1,english,Spam
SMS_00485,"Sorry,in meeting I'll call later",SAFE,sms_phishing_v1,english,Legitimate
SMS_00486,What class of  &lt;#&gt;  reunion?,SAFE,sms_phishing_v1,english,Legitimate
SMS_00487,Are you free now?can i call now?,SAFE,sms_phishing_v1,english,Legitimate
SMS_00488,Got meh... When?,SAFE,sms_phishing_v1,english,Legitimate
SMS_00489,Nope... Think i will go for it on monday... Sorry i replied so late,SAFE,sms_phishing_v1,english,Legitimate
SMS_00490,Some of them told accenture is not confirm. Is it true.,SAFE,sms_phishing_v1,english,Legitimate
SMS_00491,"Kate jackson rec center before 7ish, right?",SAFE,sms_phishing_v1,english,Legitimate
SMS_00492,Dear i have reache room,SAFE,sms_phishing_v1,english,Legitimate
SMS_00493,"Fighting with the world is easy, u either win or lose bt fightng with some1 who is close to u is dificult if u lose - u lose if u win - u still lose.",SAFE,sms_phishing_v1,english,Legitimate
SMS_00494,When can Ì_ come out?,SAFE,sms_phishing_v1,english,Legitimate
SMS_00495,Check with nuerologist.,SAFE,sms_phishing_v1,english,Legitimate
SMS_00496,Lolnice. I went from a fish to ..water.?,SAFE,sms_phishing_v1,english,Legitimate
SMS_00497,+123 Congratulations - in this week's competition draw u have won the å£1450 prize to claim just call 09050002311 b4280703. T&Cs/stop SMS 08718727868. Over 18 only 150ppm,PHISHING,sms_phishing_v1,english,Phishing
SMS_00498,No it's waiting in e car dat's bored wat. Cos wait outside got nothing 2 do. At home can do my stuff or watch tv wat.,SAFE,sms_phishing_v1,english,Legitimate
SMS_00499,"Maybe westshore or hyde park village, the place near my house?",SAFE,sms_phishing_v1,english,Legitimate
SMS_00500,You should know now. So how's anthony. Are you bringing money. I've school fees to pay and rent and stuff like that. Thats why i need your help. A friend in need....|,SAFE,sms_phishing_v1,english,Legitimate
SMS_00501,What's the significance?,SAFE,sms_phishing_v1,english,Legitimate
SMS_00502,Your opinion about me? 1. Over 2. Jada 3. Kusruthi 4. Lovable 5. Silent 6. Spl character 7. Not matured 8. Stylish 9. Simple Pls reply..,SAFE,sms_phishing_v1,english,Legitimate
SMS_00503,"8 at the latest, g's still there if you can scrounge up some ammo and want to give the new ak a try",SAFE,sms_phishing_v1,english,Legitimate
SMS_00504,Prabha..i'm soryda..realy..frm heart i'm sory,SAFE,sms_phishing_v1,english,Legitimate
SMS_00505,Lol ok your forgiven :),SAFE,sms_phishing_v1,english,Legitimate
SMS_00506,No..jst change tat only..,SAFE,sms_phishing_v1,english,Legitimate
SMS_00507,"You are guaranteed the latest Nokia Phone, a 40GB iPod MP3 player or a å£500 prize! Txt word: COLLECT to No: 83355! IBHltd LdnW15H 150p/Mtmsgrcvd18+",PHISHING,sms_phishing_v1,english,Phishing
SMS_00508,S:)no competition for him.,SAFE,sms_phishing_v1,english,Legitimate
SMS_00509,Boltblue tones for 150p Reply POLY# or MONO# eg POLY3 1. Cha Cha Slide 2. Yeah 3. Slow Jamz 6. Toxic 8. Come With Me or STOP 4 more tones txt MORE,PHISHING,sms_phishing_v1,english,Spam
SMS_00510,Your credits have been topped up for http://www.bubbletext.com Your renewal Pin is tgxxrz,PHISHING,sms_phishing_v1,english,Spam
SMS_00511,"That way transport is less problematic than on sat night. By the way, if u want to ask  n  to join my bday, feel free. But need to know definite nos as booking on fri.",SAFE,sms_phishing_v1,english,Legitimate
SMS_00512,Usually the person is unconscious that's in children but in adults they may just behave abnormally. I.ll call you now,SAFE,sms_phishing_v1,english,Legitimate
SMS_00513,But that's on ebay it might be less elsewhere.,SAFE,sms_phishing_v1,english,Legitimate
SMS_00514,Shall i come to get pickle,SAFE,sms_phishing_v1,english,Legitimate
SMS_00515,Were gonna go get some tacos,SAFE,sms_phishing_v1,english,Legitimate
SMS_00516,"That's very rude, you on campus?",SAFE,sms_phishing_v1,english,Legitimate
SMS_00517,"URGENT!: Your Mobile No. was awarded a å£2,000 Bonus Caller Prize on 02/09/03! This is our 2nd attempt to contact YOU! Call 0871-872-9755 BOX95QU",PHISHING,sms_phishing_v1,english,Phishing
SMS_00518,Hi i won't b ard 4 christmas. But do enjoy n merry x'mas.,SAFE,sms_phishing_v1,english,Legitimate
SMS_00519,"Today's Offer! Claim ur å£150 worth of discount vouchers! Text YES to 85023 now! SavaMob, member offers mobile! T Cs 08717898035. å£3.00 Sub. 16 . Unsub reply X",PHISHING,sms_phishing_v1,english,Phishing
SMS_00520,Yes! How is a pretty lady like you single?,SAFE,sms_phishing_v1,english,Legitimate
SMS_00521,You will recieve your tone within the next 24hrs. For Terms and conditions please see Channel U Teletext Pg 750,PHISHING,sms_phishing_v1,english,Spam
SMS_00522,Jay says that you're a double-faggot,SAFE,sms_phishing_v1,english,Legitimate
SMS_00523,PRIVATE! Your 2003 Account Statement for 07815296484 shows 800 un-redeemed S.I.M. points. Call 08718738001 Identifier Code 41782 Expires 18/11/04,PHISHING,sms_phishing_v1,english,Phishing
SMS_00524,What Today-sunday..sunday is holiday..so no work..,SAFE,sms_phishing_v1,english,Legitimate
SMS_00525,I'll be late...,SAFE,sms_phishing_v1,english,Legitimate
SMS_00526,"I've not called you in a while. This is hoping it was l8r malaria and that you know that we miss you guys. I miss Bani big, so pls give her my love especially. Have a great day.",SAFE,sms_phishing_v1,english,Legitimate
SMS_00527,"Good afternoon, my love! How goes that day ? I hope maybe you got some leads on a job. I think of you, boytoy and send you a passionate kiss from across the sea",SAFE,sms_phishing_v1,english,Legitimate
SMS_00528,"Probably gonna be here for a while, see you later tonight &lt;)",SAFE,sms_phishing_v1,english,Legitimate
SMS_00529,Or maybe my fat fingers just press all these buttons and it doesn't know what to do.,SAFE,sms_phishing_v1,english,Legitimate
SMS_00530,Ummmmmaah Many many happy returns of d day my dear sweet heart.. HAPPY BIRTHDAY dear,SAFE,sms_phishing_v1,english,Legitimate
SMS_00531,"I am in tirupur da, once you started from office call me.",SAFE,sms_phishing_v1,english,Legitimate
SMS_00532,from www.Applausestore.com MonthlySubscription@50p/msg max6/month T&CsC web age16 2stop txt stop,PHISHING,sms_phishing_v1,english,Spam
SMS_00533,"A famous quote : when you develop the ability to listen to 'anything' unconditionally without losing your temper or self confidence, it means you are ......... 'MARRIED'",SAFE,sms_phishing_v1,english,Legitimate
SMS_00534,But am going to college pa. What to do. are else ill come there it self. Pa.,SAFE,sms_phishing_v1,english,Legitimate
SMS_00535,4 oclock at mine. Just to bash out a flat plan.,SAFE,sms_phishing_v1,english,Legitimate
SMS_00536,This girl does not stay in bed. This girl doesn't need recovery time. Id rather pass out while having fun then be cooped up in bed,SAFE,sms_phishing_v1,english,Legitimate
SMS_00537,Then any special there?,SAFE,sms_phishing_v1,english,Legitimate
SMS_00538,I know but you need to get hotel now. I just got my invitation but i had to apologise. Cali is to sweet for me to come to some english bloke's weddin,SAFE,sms_phishing_v1,english,Legitimate
SMS_00539,"Sorry that took so long, omw now",SAFE,sms_phishing_v1,english,Legitimate
SMS_00540,Wait  &lt;#&gt;  min..,SAFE,sms_phishing_v1,english,Legitimate
SMS_00541,Ok give me 5 minutes I think I see her. BTW you're my alibi. You were cutting my hair the whole time.,SAFE,sms_phishing_v1,english,Legitimate
SMS_00542,"Imagine you finally get to sink into that bath after I have put you through your paces, maybe even having you eat me for a while before I left ... But also imagine the feel of that cage on your cock surrounded by the bath water, reminding you always who owns you ... Enjoy, my cuck",SAFE,sms_phishing_v1,english,Legitimate
SMS_00543,"Hurry up, I've been weed-deficient for like three days",SAFE,sms_phishing_v1,english,Legitimate
SMS_00544,"Sure, if I get an acknowledgement from you that it's astoundingly tactless and generally faggy to demand a blood oath fo",SAFE,sms_phishing_v1,english,Legitimate
SMS_00545,Ok. Every night take a warm bath drink a cup of milk and you'll see a work of magic. You still need to loose weight. Just so that you know,SAFE,sms_phishing_v1,english,Legitimate
SMS_00546,IÛ÷ll have a look at the frying pan in case itÛ÷s cheap or a book perhaps. No thatÛ÷s silly a frying pan isnÛ÷t likely to be a book,SAFE,sms_phishing_v1,english,Legitimate
SMS_00547,O. Well uv causes mutations. Sunscreen is like essential thesedays,SAFE,sms_phishing_v1,english,Legitimate
SMS_00548,Having lunch:)you are not in online?why?,SAFE,sms_phishing_v1,english,Legitimate
SMS_00549,I know that my friend already told that.,SAFE,sms_phishing_v1,english,Legitimate
SMS_00550,Hi Princess! Thank you for the pics. You are very pretty. How are you?,SAFE,sms_phishing_v1,english,Legitimate
SMS_00551,"Aiyo... U always c our ex one... I dunno abt mei, she haven reply... First time u reply so fast... Y so lucky not workin huh, got bao by ur sugardad ah...gee..",SAFE,sms_phishing_v1,english,Legitimate
SMS_00552,Hi msg me:)i'm in office..,SAFE,sms_phishing_v1,english,Legitimate
SMS_00553,Thanx 4 e brownie it's v nice...,SAFE,sms_phishing_v1,english,Legitimate
SMS_00554,Geeeee ... I love you so much I can barely stand it,SAFE,sms_phishing_v1,english,Legitimate
SMS_00555,GENT! We are trying to contact you. Last weekends draw shows that you won a å£1000 prize GUARANTEED. Call 09064012160. Claim Code K52. Valid 12hrs only. 150ppm,PHISHING,sms_phishing_v1,english,Phishing
SMS_00556,"Fuck babe ... I miss you already, you know ? Can't you let me send you some money towards your net ? I need you ... I want you ... I crave you ...",SAFE,sms_phishing_v1,english,Legitimate
SMS_00557,"Ill call u 2mrw at ninish, with my address that icky American freek wont stop callin me 2 bad Jen k eh?",SAFE,sms_phishing_v1,english,Legitimate
SMS_00558,Oooh bed ridden ey? What are YOU thinking of?,SAFE,sms_phishing_v1,english,Legitimate
SMS_00559,"So anyways, you can just go to your gym or whatever, my love *smiles* I hope your ok and having a good day babe ... I miss you so much already",SAFE,sms_phishing_v1,english,Legitimate
SMS_00560,Love it! Daddy will make you scream with pleasure! I am going to slap your ass with my dick!,SAFE,sms_phishing_v1,english,Legitimate
SMS_00561,WOT U WANNA DO THEN MISSY?,SAFE,sms_phishing_v1,english,Legitimate
SMS_00562,Yar lor wait 4 my mum 2 finish sch then have lunch lor... I whole morning stay at home clean my room now my room quite clean... Hee...,SAFE,sms_phishing_v1,english,Legitimate
SMS_00563,Do you know where my lab goggles went,SAFE,sms_phishing_v1,english,Legitimate
SMS_00564,Can you open the door?,SAFE,sms_phishing_v1,english,Legitimate
SMS_00565,Waiting for your call.,SAFE,sms_phishing_v1,english,Legitimate
SMS_00566,Nope i waiting in sch 4 daddy...,SAFE,sms_phishing_v1,english,Legitimate
SMS_00567,"You have won ?1,000 cash or a ?2,000 prize! To claim, call09050000327",PHISHING,sms_phishing_v1,english,Phishing
SMS_00568,"I'm tired of arguing with you about this week after week. Do what you want and from now on, i'll do the same.",SAFE,sms_phishing_v1,english,Legitimate
SMS_00569,ÌÏ wait 4 me in sch i finish ard 5..,SAFE,sms_phishing_v1,english,Legitimate
SMS_00570,"our mobile number has won å£5000, to claim calls us back or ring the claims hot line on 09050005321.",PHISHING,sms_phishing_v1,english,Phishing
SMS_00571,"Arngd marriage is while u r walkin unfortuntly a snake bites u. bt love marriage is dancing in frnt of d snake &amp; sayin Bite me, bite me.",SAFE,sms_phishing_v1,english,Legitimate
SMS_00572,Huh so early.. Then Ì_ having dinner outside izzit?,SAFE,sms_phishing_v1,english,Legitimate
SMS_00573,Ok anyway no need to change with what you said,SAFE,sms_phishing_v1,english,Legitimate
SMS_00574,We tried to contact you re your reply to our offer of 750 mins 150 textand a new video phone call 08002988890 now or reply for free delivery tomorrow,PHISHING,sms_phishing_v1,english,Phishing
SMS_00575,my ex-wife was not able to have kids. Do you want kids one day?,SAFE,sms_phishing_v1,english,Legitimate
SMS_00576,So how's scotland. Hope you are not over showing your JJC tendencies. Take care. Live the dream,SAFE,sms_phishing_v1,english,Legitimate
SMS_00577,Tell them u have a headache and just want to use 1 hour of sick time.,SAFE,sms_phishing_v1,english,Legitimate
SMS_00578,"I dun thk i'll quit yet... Hmmm, can go jazz ? Yogasana oso can... We can go meet em after our lessons den...",SAFE,sms_phishing_v1,english,Legitimate
SMS_00579,"\Pete can you please ring meive hardly gotany credit\""""",SAFE,sms_phishing_v1,english,Legitimate
SMS_00580,Ya srsly better than yi tho,SAFE,sms_phishing_v1,english,Legitimate
SMS_00581,"I'm in a meeting, call me later at",SAFE,sms_phishing_v1,english,Legitimate
SMS_00582,"For ur chance to win a å£250 wkly shopping spree TXT: SHOP to 80878. T's&C's www.txt-2-shop.com custcare 08715705022, 1x150p/wk",PHISHING,sms_phishing_v1,english,Spam
SMS_00583,You have been specially selected to receive a 2000 pound award! Call 08712402050 BEFORE the lines close. Cost 10ppm. 16+. T&Cs apply. AG Promo,PHISHING,sms_phishing_v1,english,Spam
SMS_00584,PRIVATE! Your 2003 Account Statement for 07753741225 shows 800 un-redeemed S. I. M. points. Call 08715203677 Identifier Code: 42478 Expires 24/10/04,PHISHING,sms_phishing_v1,english,Phishing
SMS_00585,You still at grand prix?,SAFE,sms_phishing_v1,english,Legitimate
SMS_00586,"I met you as a stranger and choose you as my friend. As long as the world stands, our friendship never ends. Lets be Friends forever!!! Gud nitz...",SAFE,sms_phishing_v1,english,Legitimate
SMS_00587,I am great! How are you?,SAFE,sms_phishing_v1,english,Legitimate
SMS_00588,Gud mrng dear have a nice day,SAFE,sms_phishing_v1,english,Legitimate
SMS_00589,You have an important customer service announcement. Call FREEPHONE 0800 542 0825 now!,PHISHING,sms_phishing_v1,english,Spam
SMS_00590,Will do. Was exhausted on train this morning. Too much wine and pie. You sleep well too,SAFE,sms_phishing_v1,english,Legitimate
SMS_00591,I'm going out to buy mum's present ar.,SAFE,sms_phishing_v1,english,Legitimate
SMS_00592,Mind blastin.. No more Tsunamis will occur from now on.. Rajnikant stopped swimming in Indian Ocean..:-D,SAFE,sms_phishing_v1,english,Legitimate
SMS_00593,If u sending her home first it's ok lor. I'm not ready yet.,SAFE,sms_phishing_v1,english,Legitimate
SMS_00594,Speaking of does he have any cash yet?,SAFE,sms_phishing_v1,english,Legitimate
SMS_00595,Be happy there. I will come after noon,SAFE,sms_phishing_v1,english,Legitimate
SMS_00596,Meet after lunch la...,SAFE,sms_phishing_v1,english,Legitimate
SMS_00597,TaKe CaRE n gET WeLL sOOn,SAFE,sms_phishing_v1,english,Legitimate
SMS_00598,XCLUSIVE@CLUBSAISAI 2MOROW 28/5 SOIREE SPECIALE ZOUK WITH NICHOLS FROM PARIS.FREE ROSES 2 ALL LADIES !!! info: 07946746291/07880867867,PHISHING,sms_phishing_v1,english,Spam
SMS_00599,what I meant to say is cant wait to see u again getting bored of this bridgwater banter,SAFE,sms_phishing_v1,english,Legitimate
SMS_00600,Neva mind it's ok..,SAFE,sms_phishing_v1,english,Legitimate
SMS_00601,"It's fine, imma get a drink or somethin. Want me to come find you?",SAFE,sms_phishing_v1,english,Legitimate
SMS_00602,22 days to kick off! For Euro2004 U will be kept up to date with the latest news and results daily. To be removed send GET TXT STOP to 83222,PHISHING,sms_phishing_v1,english,Spam
SMS_00603,Its a valentine game. . . Send dis msg to all ur friends. .. If 5 answers r d same then someone really loves u. Ques- which colour suits me the best?rply me,SAFE,sms_phishing_v1,english,Legitimate
SMS_00604,I have many dependents,SAFE,sms_phishing_v1,english,Legitimate
SMS_00605,THANX4 TODAY CER IT WAS NICE 2 CATCH UP BUT WE AVE 2 FIND MORE TIME MORE OFTEN OH WELL TAKE CARE C U SOON.C,SAFE,sms_phishing_v1,english,Legitimate
SMS_00606,I called and said all to him:)then he have to choose this future.,SAFE,sms_phishing_v1,english,Legitimate
SMS_00607,"\Happy valentines day\"" I know its early but i have hundreds of handsomes and beauties to wish. So i thought to finish off aunties and uncles 1st...""",SAFE,sms_phishing_v1,english,Legitimate
SMS_00608,He like not v shock leh. Cos telling shuhui is like telling leona also. Like dat almost all know liao. He got ask me abt ur reaction lor.,SAFE,sms_phishing_v1,english,Legitimate
SMS_00609,For my family happiness..,SAFE,sms_phishing_v1,english,Legitimate
SMS_00610,I come n pick Ì_ up... Come out immediately aft ur lesson...,SAFE,sms_phishing_v1,english,Legitimate
SMS_00611,Let there be snow. Let there be snow. This kind of weather brings ppl together so friendships can grow.,SAFE,sms_phishing_v1,english,Legitimate
SMS_00612,Dear we got  &lt;#&gt;  dollars hi hi,SAFE,sms_phishing_v1,english,Legitimate
SMS_00613,Good words.... But words may leave u in dismay many times.,SAFE,sms_phishing_v1,english,Legitimate
SMS_00614,MAKE SURE ALEX KNOWS HIS BIRTHDAY IS OVER IN FIFTEEN MINUTES AS FAR AS YOU'RE CONCERNED,SAFE,sms_phishing_v1,english,Legitimate
SMS_00615,"sorry, no, have got few things to do. may be in pub later.",SAFE,sms_phishing_v1,english,Legitimate
SMS_00616,"Nah it's straight, if you can just bring bud or drinks or something that's actually a little more useful than straight cash",SAFE,sms_phishing_v1,english,Legitimate
SMS_00617,"Haha good to hear, I'm officially paid and on the market for an 8th",SAFE,sms_phishing_v1,english,Legitimate
SMS_00618,How many licks does it take to get to the center of a tootsie pop?,SAFE,sms_phishing_v1,english,Legitimate
SMS_00619,Yup i thk they r e teacher said that will make my face look longer. Darren ask me not 2 cut too short.,SAFE,sms_phishing_v1,english,Legitimate
SMS_00620,New TEXTBUDDY Chat 2 horny guys in ur area 4 just 25p Free 2 receive Search postcode or at gaytextbuddy.com. TXT ONE name to 89693,PHISHING,sms_phishing_v1,english,Spam
SMS_00621,Todays Vodafone numbers ending with 4882 are selected to a receive a å£350 award. If your number matches call 09064019014 to receive your å£350 award.,PHISHING,sms_phishing_v1,english,Spam
SMS_00622,Please dont say like that. Hi hi hi,SAFE,sms_phishing_v1,english,Legitimate
SMS_00623,Thank u!,SAFE,sms_phishing_v1,english,Legitimate
SMS_00624,Oh that was a forwarded message. I thought you send that to me,SAFE,sms_phishing_v1,english,Legitimate
SMS_00625,Got it. Seventeen pounds for seven hundred ml ÛÒ hope ok.,SAFE,sms_phishing_v1,english,Legitimate
SMS_00626,"Dear Voucher Holder, 2 claim this weeks offer, at your PC go to http://www.e-tlp.co.uk/expressoffer Ts&Cs apply.2 stop texts txt STOP to 80062.",PHISHING,sms_phishing_v1,english,Phishing
SMS_00627,Me n him so funny...,SAFE,sms_phishing_v1,english,Legitimate
SMS_00628,"Sweetheart, hope you are not having that kind of day! Have one with loads of reasons to smile. Biola",SAFE,sms_phishing_v1,english,Legitimate
SMS_00629,When Ì_ login dat time... Dad fetching Ì_ home now?,SAFE,sms_phishing_v1,english,Legitimate
SMS_00630,"What will we do in the shower, baby?",SAFE,sms_phishing_v1,english,Legitimate
SMS_00631,I had askd u a question some hours before. Its answer,SAFE,sms_phishing_v1,english,Legitimate
SMS_00632,"Well imma definitely need to restock before thanksgiving, I'll let you know when I'm out",SAFE,sms_phishing_v1,english,Legitimate
SMS_00633,"said kiss, kiss, i can't do the sound effects! He is a gorgeous man isn't he! Kind of person who needs a smile to brighten his day!",SAFE,sms_phishing_v1,english,Legitimate
SMS_00634,Probably gonna swing by in a wee bit,SAFE,sms_phishing_v1,english,Legitimate
SMS_00635,Ya very nice. . .be ready on thursday,SAFE,sms_phishing_v1,english,Legitimate
SMS_00636,Allo! We have braved the buses and taken on the trains and triumphed. I mean weÛ÷re in bÛ÷ham. Have a jolly good rest of week,SAFE,sms_phishing_v1,english,Legitimate
SMS_00637,"Watching cartoon, listening music &amp; at eve had to go temple &amp; church.. What about u?",SAFE,sms_phishing_v1,english,Legitimate
SMS_00638,Do you mind if I ask what happened? You dont have to say if it is uncomfortable.,SAFE,sms_phishing_v1,english,Legitimate
SMS_00639,PRIVATE! Your 2003 Account Statement for shows 800 un-redeemed S. I. M. points. Call 08715203694 Identifier Code: 40533 Expires 31/10/04,PHISHING,sms_phishing_v1,english,Phishing
SMS_00640,No prob. I will send to your email.,SAFE,sms_phishing_v1,english,Legitimate
SMS_00641,"You have won ?1,000 cash or a ?2,000 prize! To claim, call09050000327. T&C: RSTM, SW7 3SS. 150ppm",PHISHING,sms_phishing_v1,english,Phishing
SMS_00642,Thats cool! Sometimes slow and gentle. Sonetimes rough and hard :),SAFE,sms_phishing_v1,english,Legitimate
SMS_00643,I'm gonna say no. Sorry. I would but as normal am starting to panic about time. Sorry again! Are you seeing on Tuesday?,SAFE,sms_phishing_v1,english,Legitimate
SMS_00644,"Wait, do you know if wesleys in town? I bet she does hella drugs!",SAFE,sms_phishing_v1,english,Legitimate
SMS_00645,Fine i miss you very much.,SAFE,sms_phishing_v1,english,Legitimate
SMS_00646,Tell them the drug dealer's getting impatient,SAFE,sms_phishing_v1,english,Legitimate
SMS_00647,"Sun cant come to earth but send luv as rays. cloud cant come to river but send luv as rain. I cant come to meet U, but can send my care as msg to U. Gud evng",SAFE,sms_phishing_v1,english,Legitimate
SMS_00648,"It doesnt make sense to take it there unless its free. If you need to know more, wikipedia.com",SAFE,sms_phishing_v1,english,Legitimate
SMS_00649,88800 and 89034 are premium phone services call 08718711108,PHISHING,sms_phishing_v1,english,Spam
SMS_00650,"Under the sea, there lays a rock. In the rock, there is an envelope. In the envelope, there is a paper. On the paper, there are 3 words... '",SAFE,sms_phishing_v1,english,Legitimate
SMS_00651,Then mum's repent how?,SAFE,sms_phishing_v1,english,Legitimate
SMS_00652,Sorry me going home first... Daddy come fetch Ì_ later...,SAFE,sms_phishing_v1,english,Legitimate
SMS_00653,Leave it de:-). Start Prepare for next:-)..,SAFE,sms_phishing_v1,english,Legitimate
SMS_00654,Yes baby! We can study all the positions of the kama sutra ;),SAFE,sms_phishing_v1,english,Legitimate
SMS_00655,En chikku nange bakra msg kalstiya..then had tea/coffee?,SAFE,sms_phishing_v1,english,Legitimate
SMS_00656,Carlos'll be here in a minute if you still need to buy,SAFE,sms_phishing_v1,english,Legitimate
SMS_00657,This pay is  &lt;DECIMAL&gt;  lakhs:),SAFE,sms_phishing_v1,english,Legitimate
SMS_00658,Have a good evening! Ttyl,SAFE,sms_phishing_v1,english,Legitimate
SMS_00659,Did u receive my msg?,SAFE,sms_phishing_v1,english,Legitimate
SMS_00660,Ho ho - big belly laugh! See ya tomo,SAFE,sms_phishing_v1,english,Legitimate
SMS_00661,"SMS. ac sun0819 posts HELLO:\You seem cool  wanted to say hi. HI!!!\"" Stop? Send STOP to 62468""",PHISHING,sms_phishing_v1,english,Spam
SMS_00662,Get ur 1st RINGTONE FREE NOW! Reply to this msg with TONE. Gr8 TOP 20 tones to your phone every week just å£1.50 per wk 2 opt out send STOP 08452810071 16,PHISHING,sms_phishing_v1,english,Spam
SMS_00663,"Ditto. And you won't have to worry about me saying ANYTHING to you anymore. Like i said last night, you do whatever you want and i'll do the same. Peace.",SAFE,sms_phishing_v1,english,Legitimate
SMS_00664,"I've got  &lt;#&gt; , any way I could pick up?",SAFE,sms_phishing_v1,english,Legitimate
SMS_00665,"I dont knw pa, i just drink milk..",SAFE,sms_phishing_v1,english,Legitimate
SMS_00666,Maybe?! Say hi to  and find out if  got his card. Great escape or wetherspoons?,SAFE,sms_phishing_v1,english,Legitimate
SMS_00667,"Piggy, r u awake? I bet u're still sleeping. I'm going 4 lunch now...",SAFE,sms_phishing_v1,english,Legitimate
SMS_00668,Cause I'm not freaky lol,SAFE,sms_phishing_v1,english,Legitimate
SMS_00669,Missed your call cause I was yelling at scrappy. Miss u. Can't wait for u to come home. I'm so lonely today.,SAFE,sms_phishing_v1,english,Legitimate
SMS_00670,What is this 'hex' place you talk of? Explain!,SAFE,sms_phishing_v1,english,Legitimate
SMS_00671,ÌÏ log off 4 wat. It's sdryb8i,SAFE,sms_phishing_v1,english,Legitimate
SMS_00672,Is xy going 4 e lunch?,SAFE,sms_phishing_v1,english,Legitimate
SMS_00673,Hi I'm sue. I am 20 years old and work as a lapdancer. I love sex. Text me live - I'm i my bedroom now. text SUE to 89555. By TextOperator G2 1DA 150ppmsg 18+,PHISHING,sms_phishing_v1,english,Spam
SMS_00674,I wanted to ask Ì_ to wait 4 me to finish lect. Cos my lect finishes in an hour anyway.,SAFE,sms_phishing_v1,english,Legitimate
SMS_00675,Have you finished work yet? :),SAFE,sms_phishing_v1,english,Legitimate
SMS_00676,"Every King Was Once A Crying Baby And Every Great Building Was Once A Map.. Not Imprtant Where U r TODAY, BUT Where U Wil Reach TOMORW. Gud ni8",SAFE,sms_phishing_v1,english,Legitimate
SMS_00677,"Dear,Me at cherthala.in case u r coming cochin pls call bfore u start.i shall also reach accordingly.or tell me which day u r coming.tmorow i am engaged ans its holiday.",SAFE,sms_phishing_v1,english,Legitimate
SMS_00678,Thanks love. But am i doing torch or bold.,SAFE,sms_phishing_v1,english,Legitimate
SMS_00679,<Forwarded from 448712404000>Please CALL 08712404000 immediately as there is an urgent message waiting for you.,PHISHING,sms_phishing_v1,english,Phishing
SMS_00680,Was the farm open?,SAFE,sms_phishing_v1,english,Legitimate
SMS_00681,"Sorry to trouble u again. Can buy 4d for my dad again? 1405, 1680, 1843. All 2 big 1 small, sat n sun. Thanx.",SAFE,sms_phishing_v1,english,Legitimate
SMS_00682,"My sister in law, hope you are having a great month. Just saying hey. Abiola",SAFE,sms_phishing_v1,english,Legitimate
SMS_00683,Will purchase d stuff today and mail to you. Do you have a po box number?,SAFE,sms_phishing_v1,english,Legitimate
SMS_00684,Ah poop. Looks like ill prob have to send in my laptop to get fixed cuz it has a gpu problem,SAFE,sms_phishing_v1,english,Legitimate
SMS_00685,Good. Good job. I like entrepreneurs,SAFE,sms_phishing_v1,english,Legitimate
SMS_00686,"Aight, you close by or still down around alex's place?",SAFE,sms_phishing_v1,english,Legitimate
SMS_00687,meet you in corporation st outside gap Û_ you can see how my mind is working!,SAFE,sms_phishing_v1,english,Legitimate
SMS_00688,Mum ask Ì_ to buy food home...,SAFE,sms_phishing_v1,english,Legitimate
SMS_00689,K..u also dont msg or reply to his msg..,SAFE,sms_phishing_v1,english,Legitimate
SMS_00690,How much r Ì_ willing to pay?,SAFE,sms_phishing_v1,english,Legitimate
SMS_00691,What is important is that you prevent dehydration by giving her enough fluids,SAFE,sms_phishing_v1,english,Legitimate
SMS_00692,"Thats a bit weird, even ?- where is the do supposed to be happening? But good idea, sure they will be in pub!",SAFE,sms_phishing_v1,english,Legitimate
SMS_00693,True dear..i sat to pray evening and felt so.so i sms'd you in some time...,SAFE,sms_phishing_v1,english,Legitimate
SMS_00694,"I don't think I can get away for a trek that long with family in town, sorry",SAFE,sms_phishing_v1,english,Legitimate
SMS_00695,So when do you wanna gym harri,SAFE,sms_phishing_v1,english,Legitimate
SMS_00696,Quite late lar... Ard 12 anyway i wun b drivin...,SAFE,sms_phishing_v1,english,Legitimate
SMS_00697,"To review and KEEP the fantastic Nokia N-Gage game deck with Club Nokia, go 2 www.cnupdates.com/newsletter. unsubscribe from alerts reply with the word OUT",PHISHING,sms_phishing_v1,english,Phishing
SMS_00698,4mths half price Orange line rental & latest camera phones 4 FREE. Had your phone 11mths+? Call MobilesDirect free on 08000938767 to update now! or2stoptxt T&Cs,PHISHING,sms_phishing_v1,english,Phishing
SMS_00699,"Height of Confidence: All the Aeronautics professors wer calld &amp; they wer askd 2 sit in an aeroplane. Aftr they sat they wer told dat the plane ws made by their students. Dey all hurried out of d  this wont even start........ Datz confidence..""plane.. Bt only 1 didnt move... He said:\if it is made by my students",SAFE,sms_phishing_v1,english,Legitimate
SMS_00700,It just seems like weird timing that the night that all you and g want is for me to come smoke is the same day as when a shitstorm is attributed to me always coming over and making everyone smoke,SAFE,sms_phishing_v1,english,Legitimate
SMS_00701,08714712388 between 10am-7pm Cost 10p,PHISHING,sms_phishing_v1,english,Spam
SMS_00702,"Save yourself the stress. If the person has a dorm account, just send your account details and the money will be sent to you.",SAFE,sms_phishing_v1,english,Legitimate
SMS_00703,He also knows about lunch menu only da. . I know,SAFE,sms_phishing_v1,english,Legitimate
SMS_00704,When i have stuff to sell i.ll tell you,SAFE,sms_phishing_v1,english,Legitimate
SMS_00705,+449071512431 URGENT! This is the 2nd attempt to contact U!U have WON å£1250 CALL 09071512433 b4 050703 T&CsBCM4235WC1N3XX. callcost 150ppm mobilesvary. maxå£7. 50,PHISHING,sms_phishing_v1,english,Phishing
SMS_00706,Book which lesson? then you msg me... I will call up after work or sth... I'm going to get specs. My membership is PX3748,SAFE,sms_phishing_v1,english,Legitimate
SMS_00707,You have WON a guaranteed å£1000 cash or a å£2000 prize. To claim yr prize call our customer service representative on 08714712394 between 10am-7pm,PHISHING,sms_phishing_v1,english,Phishing
SMS_00708,Macha dont feel upset.i can assume your mindset.believe me one evening with me and i have some wonderful plans for both of us.LET LIFE BEGIN AGAIN.call me anytime,SAFE,sms_phishing_v1,english,Legitimate
SMS_00709,Oh is it? Send me the address,SAFE,sms_phishing_v1,english,Legitimate
SMS_00710,S'fine. Anytime. All the best with it.,SAFE,sms_phishing_v1,english,Legitimate
SMS_00711,That is wondar full flim.,SAFE,sms_phishing_v1,english,Legitimate
SMS_00712,Ya even those cookies have jelly on them,SAFE,sms_phishing_v1,english,Legitimate
SMS_00713,"The world is running and i am still.maybe all are feeling the same,so be it.or i have to admit,i am mad.then where is the correction?or let me call this is life.and keep running with the world,may be u r also running.lets run.",SAFE,sms_phishing_v1,english,Legitimate
SMS_00714,Got it! It looks scrumptious... daddy wants to eat you all night long!,SAFE,sms_phishing_v1,english,Legitimate
SMS_00715,Of cos can lar i'm not so ba dao ok... 1 pm lor... Y u never ask where we go ah... I said u would ask on fri but he said u will ask today...,SAFE,sms_phishing_v1,english,Legitimate
SMS_00716,"Alright omw, gotta change my order to a half8th",SAFE,sms_phishing_v1,english,Legitimate
SMS_00717,Exactly. Anyways how far. Is jide her to study or just visiting,SAFE,sms_phishing_v1,english,Legitimate
SMS_00718,Dunno y u ask me.,SAFE,sms_phishing_v1,english,Legitimate
SMS_00719,Email AlertFrom: Jeri StewartSize: 2KBSubject: Low-cost prescripiton drvgsTo listen to email call 123,PHISHING,sms_phishing_v1,english,Spam
SMS_00720,No he didn't. Spring is coming early yay!,SAFE,sms_phishing_v1,english,Legitimate
SMS_00721,Lol you won't feel bad when I use her money to take you out to a steak dinner =D,SAFE,sms_phishing_v1,english,Legitimate
SMS_00722,Even u dont get in trouble while convincing..just tel him once or twice and just tel neglect his msgs dont c and read it..just dont reply,SAFE,sms_phishing_v1,english,Legitimate
SMS_00723,Leaving to qatar tonite in search of an opportunity.all went fast.pls add me in ur prayers dear.Rakhesh,SAFE,sms_phishing_v1,english,Legitimate
SMS_00724,Then why no one talking to me,SAFE,sms_phishing_v1,english,Legitimate
SMS_00725,Thanks for looking out for me. I really appreciate.,SAFE,sms_phishing_v1,english,Legitimate
SMS_00726,Hi. Customer Loyalty Offer:The NEW Nokia6650 Mobile from ONLY å£10 at TXTAUCTION! Txt word: START to No: 81151 & get yours Now! 4T&Ctxt TC 150p/MTmsg,PHISHING,sms_phishing_v1,english,Spam
SMS_00727,Wish i were with you now!,SAFE,sms_phishing_v1,english,Legitimate
SMS_00728,Haha mayb u're rite... U know me well. Da feeling of being liked by someone is gd lor. U faster go find one then all gals in our group attached liao.,SAFE,sms_phishing_v1,english,Legitimate
SMS_00729,Yes i will be there. Glad you made it.,SAFE,sms_phishing_v1,english,Legitimate
SMS_00730,Do well :)all will for little time. Thing of good times ahead:,SAFE,sms_phishing_v1,english,Legitimate
SMS_00731,Just got up. have to be out of the room very soon. Û_. i hadn't put the clocks back til at 8 i shouted at everyone to get up and then realised it was 7. wahay. another hour in bed.,SAFE,sms_phishing_v1,english,Legitimate
SMS_00732,Ok. There may be a free gym about.,SAFE,sms_phishing_v1,english,Legitimate
SMS_00733,Men like shorter ladies. Gaze up into his eyes.,SAFE,sms_phishing_v1,english,Legitimate
SMS_00734,Dunno he jus say go lido. Same time 930.,SAFE,sms_phishing_v1,english,Legitimate
SMS_00735,"I promise to take good care of you, princess. I have to run now. Please send pics when you get a chance. Ttyl!",SAFE,sms_phishing_v1,english,Legitimate
SMS_00736,U are subscribed to the best Mobile Content Service in the UK for å£3 per 10 days until you send STOP to 82324. Helpline 08706091795,PHISHING,sms_phishing_v1,english,Spam
SMS_00737,Is there a reason we've not spoken this year? Anyways have a great week and all the best in your exam,SAFE,sms_phishing_v1,english,Legitimate
SMS_00738,By monday next week. Give me the full gist,SAFE,sms_phishing_v1,english,Legitimate
SMS_00739,"Do you realize that in about 40 years, we'll have thousands of old ladies running around with tattoos?",PHISHING,sms_phishing_v1,english,Spam
SMS_00740,You have an important customer service announcement from PREMIER.,PHISHING,sms_phishing_v1,english,Spam
SMS_00741,Dont gimme that lip caveboy,SAFE,sms_phishing_v1,english,Legitimate
SMS_00742,When did you get to the library,SAFE,sms_phishing_v1,english,Legitimate
SMS_00743,Realy sorry-i don't recognise this number and am now confused :) who r u please?!,SAFE,sms_phishing_v1,english,Legitimate
SMS_00744,So why didnt you holla?,SAFE,sms_phishing_v1,english,Legitimate
SMS_00745,Cant think of anyone with * spare room off * top of my head,SAFE,sms_phishing_v1,english,Legitimate
SMS_00746,"Faith makes things possible,Hope makes things work,Love makes things beautiful,May you have all three this Christmas!Merry Christmas!",SAFE,sms_phishing_v1,english,Legitimate
SMS_00747,U should have made an appointment,SAFE,sms_phishing_v1,english,Legitimate
SMS_00748,"Call me when you/carlos is/are here, my phone's vibrate is acting up and I might not hear texts",SAFE,sms_phishing_v1,english,Legitimate
SMS_00749,"Romantic Paris. 2 nights, 2 flights from å£79 Book now 4 next year. Call 08704439680Ts&Cs apply.",PHISHING,sms_phishing_v1,english,Spam
SMS_00750,"We are at grandmas. Oh dear, u still ill? I felt Shit this morning but i think i am just hungover! Another night then. We leave on sat.",SAFE,sms_phishing_v1,english,Legitimate
SMS_00751,Urgent Ur å£500 guaranteed award is still unclaimed! Call 09066368327 NOW closingdate04/09/02 claimcode M39M51 å£1.50pmmorefrommobile2Bremoved-MobyPOBox734LS27YF,PHISHING,sms_phishing_v1,english,Phishing
SMS_00752,Nothing but we jus tot u would ask cos u ba gua... But we went mt faber yest... Yest jus went out already mah so today not going out... Jus call lor...,SAFE,sms_phishing_v1,english,Legitimate
SMS_00753,"Wishing you and your family Merry \X\"" mas and HAPPY NEW Year in advance..""",SAFE,sms_phishing_v1,english,Legitimate
SMS_00754,UR awarded a City Break and could WIN a å£200 Summer Shopping spree every WK. Txt STORE to 88039 . SkilGme. TsCs087147403231Winawk!Age16 å£1.50perWKsub,PHISHING,sms_phishing_v1,english,Spam
SMS_00755,"I'm nt goin, got somethin on, unless they meetin 4 dinner lor... Haha, i wonder who will go tis time...",SAFE,sms_phishing_v1,english,Legitimate
SMS_00756,Lol I know! They're so dramatic. Schools already closed for tomorrow. Apparently we can't drive in the inch of snow were supposed to get.,SAFE,sms_phishing_v1,english,Legitimate
SMS_00757,Not getting anywhere with this damn job hunting over here!,SAFE,sms_phishing_v1,english,Legitimate
SMS_00758,Lol! U drunkard! Just doing my hair at d moment. Yeah still up 4 tonight. Wats the plan?,SAFE,sms_phishing_v1,english,Legitimate
SMS_00759,"idc get over here, you are not weaseling your way out of this shit twice in a row",SAFE,sms_phishing_v1,english,Legitimate
SMS_00760,I wil be there with in  &lt;#&gt;  minutes. Got any space,SAFE,sms_phishing_v1,english,Legitimate
SMS_00761,Thanks for picking up the trash.,SAFE,sms_phishing_v1,english,Legitimate
SMS_00762,Why don't you go tell your friend you're not sure you want to live with him because he smokes too much then spend hours begging him to come smoke,SAFE,sms_phishing_v1,english,Legitimate
SMS_00763,"\Hi its Kate it was lovely to see you tonight and ill phone you tomorrow. I got to sing and a guy gave me his card! xxx\""""",SAFE,sms_phishing_v1,english,Legitimate
SMS_00764,Happy New year my dear brother. I really do miss you. Just got your number and decided to send you this text wishing you only happiness. Abiola,SAFE,sms_phishing_v1,english,Legitimate
SMS_00765,That means get the door,SAFE,sms_phishing_v1,english,Legitimate
SMS_00766,"Hmmm ... I thought we said 2 hours slave, not 3 ... You are late ... How should I punish you ?",SAFE,sms_phishing_v1,english,Legitimate
SMS_00767,Beerage?,SAFE,sms_phishing_v1,english,Legitimate
SMS_00768,You have an important customer service announcement from PREMIER. Call FREEPHONE 0800 542 0578 now!,PHISHING,sms_phishing_v1,english,Spam
SMS_00769,Dont think so. It turns off like randomlly within 5min of opening,SAFE,sms_phishing_v1,english,Legitimate
SMS_00770,"She was supposed to be but couldn't make it, she's still in town though",SAFE,sms_phishing_v1,english,Legitimate
SMS_00771,It does it on its own. Most of the time it fixes my spelling. But sometimes it gets a completely diff word. Go figure,SAFE,sms_phishing_v1,english,Legitimate
SMS_00772,Ever thought about living a good life with a perfect partner? Just txt back NAME and AGE to join the mobile community. (100p/SMS),PHISHING,sms_phishing_v1,english,Spam
SMS_00773,"5 Free Top Polyphonic Tones call 087018728737, National Rate. Get a toppoly tune sent every week, just text SUBPOLY to 81618, å£3 per pole. UnSub 08718727870.",PHISHING,sms_phishing_v1,english,Spam
SMS_00774,This is hoping you enjoyed your game yesterday. Sorry i've not been in touch but pls know that you are fondly bein thot off. Have a great week. Abiola,SAFE,sms_phishing_v1,english,Legitimate
SMS_00775,All e best 4 ur driving tmr :-),SAFE,sms_phishing_v1,english,Legitimate
SMS_00776,Y?WHERE U AT DOGBREATH? ITS JUST SOUNDING LIKE JAN C THATåÕS AL!!!!!!!!!,SAFE,sms_phishing_v1,english,Legitimate
SMS_00777,Omg I want to scream. I weighed myself and I lost more weight! Woohoo!,SAFE,sms_phishing_v1,english,Legitimate
SMS_00778,There generally isn't one. It's an uncountable noun - u in the dictionary. pieces of research?,SAFE,sms_phishing_v1,english,Legitimate
SMS_00779,it's really getting me down just hanging around.,SAFE,sms_phishing_v1,english,Legitimate
SMS_00780,"Orange customer, you may now claim your FREE CAMERA PHONE upgrade for your loyalty. Call now on 0207 153 9996. Offer ends 14thMarch. T&C's apply. Opt-out availa",PHISHING,sms_phishing_v1,english,Phishing
SMS_00781,"\Petey boy whereare you me and all your friendsare in theKingshead come down if you canlove Nic\""""",SAFE,sms_phishing_v1,english,Legitimate
SMS_00782,Ok i msg u b4 i leave my house.,SAFE,sms_phishing_v1,english,Legitimate
SMS_00783,"\Gimme a few\"" was  &lt;#&gt;  minutes ago""",SAFE,sms_phishing_v1,english,Legitimate
SMS_00784,"Last Chance! Claim ur å£150 worth of discount vouchers today! Text SHOP to 85023 now! SavaMob, offers mobile! T Cs SavaMob POBOX84, M263UZ. å£3.00 Sub. 16",PHISHING,sms_phishing_v1,english,Phishing
SMS_00785,Appt is at &lt;TIME&gt; am. Not my fault u don't listen. I told u twice,SAFE,sms_phishing_v1,english,Legitimate
SMS_00786,FREE for 1st week! No1 Nokia tone 4 ur mobile every week just txt NOKIA to 8077 Get txting and tell ur mates. www.getzed.co.uk POBox 36504 W45WQ 16+ norm150p/tone,PHISHING,sms_phishing_v1,english,Spam
SMS_00787,You have won a guaranteed å£200 award or even å£1000 cashto claim UR award call free on 08000407165 (18+) 2 stop getstop on 88222 PHP. RG21 4JX,PHISHING,sms_phishing_v1,english,Phishing
SMS_00788,K I'll be there before 4.,SAFE,sms_phishing_v1,english,Legitimate
SMS_00789,I dled 3d its very imp,SAFE,sms_phishing_v1,english,Legitimate
SMS_00790,"sure, but make sure he knows we ain't smokin yet",SAFE,sms_phishing_v1,english,Legitimate
SMS_00791,Boooo you always work. Just quit.,SAFE,sms_phishing_v1,english,Legitimate
SMS_00792,I am taking half day leave bec i am not well,SAFE,sms_phishing_v1,english,Legitimate
SMS_00793,Ugh I don't wanna get out of bed. It's so warm.,SAFE,sms_phishing_v1,english,Legitimate
SMS_00794,S:)s.nervous  &lt;#&gt; :),SAFE,sms_phishing_v1,english,Legitimate
SMS_00795,So there's a ring that comes with the guys costumes. It's there so they can gift their future yowifes. Hint hint,SAFE,sms_phishing_v1,english,Legitimate
SMS_00796,Congratulations ur awarded either å£500 of CD gift vouchers & Free entry 2 our å£100 weekly draw txt MUSIC to 87066 TnCs www.Ldew.com1win150ppmx3age16,PHISHING,sms_phishing_v1,english,Spam
SMS_00797,I borrow ur bag ok.,SAFE,sms_phishing_v1,english,Legitimate
SMS_00798,"U were outbid by simonwatson5120 on the Shinco DVD Plyr. 2 bid again, visit sms. ac/smsrewards 2 end bid notifications, reply END OUT",PHISHING,sms_phishing_v1,english,Phishing
SMS_00799,Where's my boytoy? I miss you ... What happened?,SAFE,sms_phishing_v1,english,Legitimate
SMS_00800,"He has lots of used ones babe, but the model doesn't help. Youi have to bring it over and he'll match it up",SAFE,sms_phishing_v1,english,Legitimate
SMS_00801,Also are you bringing galileo or dobby,SAFE,sms_phishing_v1,english,Legitimate
SMS_00802,Then why you not responding,SAFE,sms_phishing_v1,english,Legitimate
SMS_00803,"\BOO BABE! U ENJOYIN YOURJOB? U SEEMED 2 B GETTIN ON WELL HUNNY!HOPE URE OK?TAKE CARE & IåÕLLSPEAK 2U SOONLOTS OF LOVEME XXXX.\""""",SAFE,sms_phishing_v1,english,Legitimate
SMS_00804,Good afternoon starshine! How's my boytoy? Does he crave me yet? Ache to fuck me ? *sips cappuccino* I miss you babe *teasing kiss*,SAFE,sms_phishing_v1,english,Legitimate
SMS_00805,On the road so cant txt,SAFE,sms_phishing_v1,english,Legitimate
SMS_00806,"SMSSERVICES. for yourinclusive text credits, pls goto www.comuk.net login= 3qxj9 unsubscribe with STOP, no extra charge. help 08702840625.COMUK. 220-CM2 9AE",PHISHING,sms_phishing_v1,english,Phishing
SMS_00807,25p 4 alfie Moon's Children in need song on ur mob. Tell ur m8s. Txt Tone charity to 8007 for Nokias or Poly charity for polys: zed 08701417012 profit 2 charity.,PHISHING,sms_phishing_v1,english,Spam
SMS_00808,Hmm .. Bits and pieces lol ... *sighs* ...,SAFE,sms_phishing_v1,english,Legitimate
SMS_00809,Hahaha..use your brain dear,SAFE,sms_phishing_v1,english,Legitimate
SMS_00810,Hey. You got any mail?,SAFE,sms_phishing_v1,english,Legitimate
SMS_00811,"Sorry light turned green, I meant another friend wanted  &lt;#&gt;  worth but he may not be around",SAFE,sms_phishing_v1,english,Legitimate
SMS_00812,Thanks for yesterday sir. You have been wonderful. Hope you enjoyed the burial. MojiBiola,SAFE,sms_phishing_v1,english,Legitimate
SMS_00813,U have a secret admirer. REVEAL who thinks U R So special. Call 09065174042. To opt out Reply REVEAL STOP. 1.50 per msg recd. Cust care 07821230901,PHISHING,sms_phishing_v1,english,Spam
SMS_00814,Hi mate its RV did u hav a nice hol just a message 3 say hello coz havenåÕt sent u 1 in ages started driving so stay off roads!RVx,SAFE,sms_phishing_v1,english,Legitimate
SMS_00815,"Dear Voucher Holder, To claim this weeks offer, at you PC please go to http://www.e-tlp.co.uk/expressoffer Ts&Cs apply. To stop texts, txt STOP to 80062",PHISHING,sms_phishing_v1,english,Phishing
SMS_00816,"Thank you so much. When we skyped wit kz and sura, we didnt get the pleasure of your company. Hope you are good. We've given you ultimatum oh! We are countin down to aburo. Enjoy! This is the message i sent days ago",SAFE,sms_phishing_v1,english,Legitimate
SMS_00817,Surely result will offer:),SAFE,sms_phishing_v1,english,Legitimate
SMS_00818,Good Morning my Dear........... Have a great &amp; successful day.,SAFE,sms_phishing_v1,english,Legitimate
SMS_00819,Do you want 750 anytime any network mins 150 text and a NEW VIDEO phone for only five pounds per week call 08002888812 or reply for delivery tomorrow,PHISHING,sms_phishing_v1,english,Phishing
SMS_00820,"Sir, I have been late in paying rent for the past few months and had to pay a $ &lt;#&gt;  charge. I felt it would be inconsiderate of me to nag about something you give at great cost to yourself and that's why i didnt speak up. I however am in a recession and wont be able to pay the charge this month hence my askin well ahead of month's end. Can you please help. Thanks",SAFE,sms_phishing_v1,english,Legitimate
SMS_00821,We tried to contact you re our offer of New Video Phone 750 anytime any network mins HALF PRICE Rental camcorder call 08000930705 or reply for delivery Wed,PHISHING,sms_phishing_v1,english,Phishing
SMS_00822,Last chance 2 claim ur å£150 worth of discount vouchers-Text YES to 85023 now!SavaMob-member offers mobile T Cs 08717898035. å£3.00 Sub. 16 . Remove txt X or STOP,PHISHING,sms_phishing_v1,english,Phishing
SMS_00823,I luv u soo much u donåÕt understand how special u r 2 me ring u 2morrow luv u xxx,SAFE,sms_phishing_v1,english,Legitimate
SMS_00824,"Pls send me a comprehensive mail about who i'm paying, when and how much.",SAFE,sms_phishing_v1,english,Legitimate
SMS_00825,Our Prashanthettan's mother passed away last night. pray for her and family.,SAFE,sms_phishing_v1,english,Legitimate
SMS_00826,"Urgent! call 09066350750 from your landline. Your complimentary 4* Ibiza Holiday or 10,000 cash await collection SAE T&Cs PO BOX 434 SK3 8WP 150 ppm 18+",PHISHING,sms_phishing_v1,english,Phishing
SMS_00827,K.k:)when are you going?,SAFE,sms_phishing_v1,english,Legitimate
SMS_00828,Meanwhile in the shit suite: xavier decided to give us  &lt;#&gt;  seconds of warning that samantha was coming over and is playing jay's guitar to impress her or some shit. Also I don't think doug realizes I don't live here anymore,SAFE,sms_phishing_v1,english,Legitimate
SMS_00829,My stomach has been thru so much trauma I swear I just can't eat. I better lose weight.,SAFE,sms_phishing_v1,english,Legitimate
SMS_00830,I am in office:)whats the matter..msg me now.i will call you at break:).,SAFE,sms_phishing_v1,english,Legitimate
SMS_00831,"Yeah there's barely enough room for the two of us, x has too many fucking shoes. Sorry man, see you later",SAFE,sms_phishing_v1,english,Legitimate
SMS_00832,U reach orchard already? U wan 2 go buy tickets first?,SAFE,sms_phishing_v1,english,Legitimate
SMS_00833,"I am real, baby! I want to bring out your inner tigress...",SAFE,sms_phishing_v1,english,Legitimate
SMS_00834,No da if you run that it activate the full version da.,SAFE,sms_phishing_v1,english,Legitimate
SMS_00835,"\AH POOR BABY!HOPE URFEELING BETTERSN LUV! PROBTHAT OVERDOSE OF WORK HEY GO CAREFUL SPK 2 U SN LOTS OF LOVEJEN XXX.\""""",SAFE,sms_phishing_v1,english,Legitimate
SMS_00836,Stop the story. I've told him i've returned it and he's saying i should not re order it.,SAFE,sms_phishing_v1,english,Legitimate
SMS_00837,Talk sexy!! Make new friends or fall in love in the worlds most discreet text dating service. Just text VIP to 83110 and see who you could meet.,PHISHING,sms_phishing_v1,english,Spam
SMS_00838,Going to take your babe out ?,SAFE,sms_phishing_v1,english,Legitimate
SMS_00839,Hai ana tomarrow am coming on morning.  &lt;DECIMAL&gt;  ill be there in sathy then we ll go to RTO office. Reply me after came to home.,SAFE,sms_phishing_v1,english,Legitimate
SMS_00840,Spoons it is then okay?,SAFE,sms_phishing_v1,english,Legitimate
SMS_00841,Did he just say somebody is named tampa,SAFE,sms_phishing_v1,english,Legitimate
SMS_00842,In work now. Going have in few min.,SAFE,sms_phishing_v1,english,Legitimate
SMS_00843,Your brother is a genius,SAFE,sms_phishing_v1,english,Legitimate
SMS_00844,"Sorry, I guess whenever I can get a hold of my connections, maybe an hour or two? I'll text you",SAFE,sms_phishing_v1,english,Legitimate
SMS_00845,Did u find out what time the bus is at coz i need to sort some stuff out.,SAFE,sms_phishing_v1,english,Legitimate
SMS_00846,Dude ive been seeing a lotta corvettes lately,SAFE,sms_phishing_v1,english,Legitimate
SMS_00847,Congratulations ur awarded either a yrs supply of CDs from Virgin Records or a Mystery Gift GUARANTEED Call 09061104283 Ts&Cs www.smsco.net å£1.50pm approx 3mins,PHISHING,sms_phishing_v1,english,Spam
SMS_00848,"Same here, but I consider walls and bunkers and shit important just because I never play on peaceful but I guess your place is high enough that it don't matter",SAFE,sms_phishing_v1,english,Legitimate
SMS_00849,PRIVATE! Your 2003 Account Statement for 07808 XXXXXX shows 800 un-redeemed S. I. M. points. Call 08719899217 Identifier Code: 41685 Expires 07/11/04,PHISHING,sms_phishing_v1,english,Phishing
SMS_00850,Hello. We need some posh birds and chaps to user trial prods for champneys. Can i put you down? I need your address and dob asap. Ta r,PHISHING,sms_phishing_v1,english,Spam
SMS_00851,What do U want for Xmas? How about 100 free text messages & a new video phone with half price line rental? Call free now on 0800 0721072 to find out more!,PHISHING,sms_phishing_v1,english,Spam
SMS_00852,"Well am officially in a philosophical hole, so if u wanna call am at home ready to be saved!",SAFE,sms_phishing_v1,english,Legitimate
SMS_00853,Its going good...no problem..but still need little experience to understand american customer voice...,SAFE,sms_phishing_v1,english,Legitimate
SMS_00854,I'll text you when I drop x off,SAFE,sms_phishing_v1,english,Legitimate
SMS_00855,Ugh its been a long day. I'm exhausted. Just want to cuddle up and take a nap,SAFE,sms_phishing_v1,english,Legitimate
SMS_00856,Talk With Yourself Atleast Once In A Day...!!! Otherwise You Will Miss Your Best FRIEND In This WORLD...!!! -Shakespeare- SHESIL  &lt;#&gt;,SAFE,sms_phishing_v1,english,Legitimate
SMS_00857,"Shop till u Drop, IS IT YOU, either 10K, 5K, å£500 Cash or å£100 Travel voucher, Call now, 09064011000. NTT PO Box CR01327BT fixedline Cost 150ppm mobile vary",PHISHING,sms_phishing_v1,english,Spam
SMS_00858,Are you in castor? You need to see something,SAFE,sms_phishing_v1,english,Legitimate
SMS_00859,Sunshine Quiz Wkly Q! Win a top Sony DVD player if u know which country Liverpool played in mid week? Txt ansr to 82277. å£1.50 SP:Tyrone,PHISHING,sms_phishing_v1,english,Spam
SMS_00860,U have a secret admirer who is looking 2 make contact with U-find out who they R*reveal who thinks UR so special-call on 09058094565,PHISHING,sms_phishing_v1,english,Spam
SMS_00861,U have a Secret Admirer who is looking 2 make contact with U-find out who they R*reveal who thinks UR so special-call on 09065171142-stopsms-08,PHISHING,sms_phishing_v1,english,Spam
SMS_00862,Reminder: You have not downloaded the content you have already paid for. Goto http://doit. mymoby. tv/ to collect your content.,PHISHING,sms_phishing_v1,english,Spam
SMS_00863,"see, i knew giving you a break a few times woul lead to you always wanting to miss curfew. I was gonna gibe you 'til one, but a MIDNIGHT movie is not gonna get out til after 2. You need to come home. You need to getsleep and, if anything, you need to b studdying ear training.",SAFE,sms_phishing_v1,english,Legitimate
SMS_00864,I love to give massages. I use lots of baby oil... What is your fave position?,SAFE,sms_phishing_v1,english,Legitimate
SMS_00865,Dude we should go sup again,SAFE,sms_phishing_v1,english,Legitimate
SMS_00866,Yoyyooo u know how to change permissions for a drive in mac. My usb flash drive,SAFE,sms_phishing_v1,english,Legitimate
SMS_00867,Gibbs unsold.mike hussey,SAFE,sms_phishing_v1,english,Legitimate
SMS_00868,I like to talk pa but am not able to. I dont know y.,SAFE,sms_phishing_v1,english,Legitimate
SMS_00869,Y dun cut too short leh. U dun like ah? She failed. She's quite sad.,SAFE,sms_phishing_v1,english,Legitimate
SMS_00870,You unbelievable faglord,SAFE,sms_phishing_v1,english,Legitimate
SMS_00871,Wife.how she knew the time of murder exactly,SAFE,sms_phishing_v1,english,Legitimate
SMS_00872,Why do you ask princess?,SAFE,sms_phishing_v1,english,Legitimate
SMS_00873,I am great princess! What are you thinking about me? :),SAFE,sms_phishing_v1,english,Legitimate
SMS_00874,Nutter. Cutter. Ctter. Cttergg. Cttargg. Ctargg. Ctagg. ie you,SAFE,sms_phishing_v1,english,Legitimate
SMS_00875,It's ok i noe u're busy but i'm really too bored so i msg u. I oso dunno wat colour she choose 4 me one.,SAFE,sms_phishing_v1,english,Legitimate
SMS_00876,Doesn't g have class early tomorrow and thus shouldn't be trying to smoke at  &lt;#&gt;,SAFE,sms_phishing_v1,english,Legitimate
SMS_00877,"Superb Thought- \Be grateful that u dont have everything u want. That means u still have an opportunity to be happier tomorrow than u are today.\"":-)""",SAFE,sms_phishing_v1,english,Legitimate
SMS_00878,Hope you are having a good week. Just checking in,SAFE,sms_phishing_v1,english,Legitimate
SMS_00879,"I'm used to it. I just hope my agents don't drop me since i've only booked a few things this year. This whole me in boston, them in nyc was an experiment.",SAFE,sms_phishing_v1,english,Legitimate
SMS_00880,"Thursday night? Yeah, sure thing, we'll work it out then",SAFE,sms_phishing_v1,english,Legitimate
SMS_00881,Probably money worries. Things are coming due and i have several outstanding invoices for work i did two and three months ago.,SAFE,sms_phishing_v1,english,Legitimate
SMS_00882,How is it possible to teach you. And where.,SAFE,sms_phishing_v1,english,Legitimate
SMS_00883,"I wonder if your phone battery went dead ? I had to tell you, I love you babe",SAFE,sms_phishing_v1,english,Legitimate
SMS_00884,Lovely smell on this bus and it ain't tobacco...,SAFE,sms_phishing_v1,english,Legitimate
SMS_00885,"We're all getting worried over here, derek and taylor have already assumed the worst",SAFE,sms_phishing_v1,english,Legitimate
SMS_00886,Hey what's up charles sorry about the late reply.,SAFE,sms_phishing_v1,english,Legitimate
SMS_00887,"all the lastest from Stereophonics, Marley, Dizzee Racal, Libertines and The Strokes! Win Nookii games with Flirt!! Click TheMob WAP Bookmark or text WAP to 82468",PHISHING,sms_phishing_v1,english,Phishing
SMS_00888,I.ll give her once i have it. Plus she said grinule greet you whenever we speak,SAFE,sms_phishing_v1,english,Legitimate
SMS_00889,WHITE FUDGE OREOS ARE IN STORES,SAFE,sms_phishing_v1,english,Legitimate
SMS_00890,"January Male Sale! Hot Gay chat now cheaper, call 08709222922. National rate from 1.5p/min cheap to 7.8p/min peak! To stop texts call 08712460324 (10p/min)",PHISHING,sms_phishing_v1,english,Spam
SMS_00891,My love ! How come it took you so long to leave for Zaher's? I got your words on ym and was happy to see them but was sad you had left. I miss you,SAFE,sms_phishing_v1,english,Legitimate
SMS_00892,I am sorry it hurt you.,SAFE,sms_phishing_v1,english,Legitimate
SMS_00893,Can't. I feel nauseous. I'm so pissed. I didn't eat any sweets all week cause today I was planning to pig out. I was dieting all week. And now I'm not hungry :/,SAFE,sms_phishing_v1,english,Legitimate
SMS_00894,Ok lor but not too early. Me still having project meeting now.,SAFE,sms_phishing_v1,english,Legitimate
SMS_00895,"Call me da, i am waiting for your call.",SAFE,sms_phishing_v1,english,Legitimate
SMS_00896,I could ask carlos if we could get more if anybody else can chip in,SAFE,sms_phishing_v1,english,Legitimate
SMS_00897,Was actually about to send you a reminder today. Have a wonderful weekend,SAFE,sms_phishing_v1,english,Legitimate
SMS_00898,"When people see my msgs, They think Iam addicted to msging... They are wrong, Bcoz They don\'t know that Iam addicted to my sweet Friends..!! BSLVYL",SAFE,sms_phishing_v1,english,Legitimate
SMS_00899,Hey you gave them your photo when you registered for driving ah? Tmr wanna meet at yck?,SAFE,sms_phishing_v1,english,Legitimate
SMS_00900,Dont talk to him ever ok its my word.,SAFE,sms_phishing_v1,english,Legitimate
SMS_00901,When u wana see it then,SAFE,sms_phishing_v1,english,Legitimate
SMS_00902,On ma way to school. Can you pls send me ashley's number,SAFE,sms_phishing_v1,english,Legitimate
SMS_00903,It shall be fine. I have avalarr now. Will hollalater,SAFE,sms_phishing_v1,english,Legitimate
SMS_00904,She went to attend another two rounds today..but still did't reach home..,SAFE,sms_phishing_v1,english,Legitimate
SMS_00905,Actually i deleted my old website..now i m blogging at magicalsongs.blogspot.com,SAFE,sms_phishing_v1,english,Legitimate
SMS_00906,"K, wait chikku..il send aftr  &lt;#&gt; mins",SAFE,sms_phishing_v1,english,Legitimate
SMS_00907,But I'm on a diet. And I ate 1 too many slices of pizza yesterday. Ugh I'm ALWAYS on a diet.,SAFE,sms_phishing_v1,english,Legitimate
SMS_00908,K:)i will give my kvb acc details:),SAFE,sms_phishing_v1,english,Legitimate
SMS_00909,Oh all have to come ah?,SAFE,sms_phishing_v1,english,Legitimate
SMS_00910,money!!! you r a lucky winner ! 2 claim your prize text money 2 88600 over å£1million to give away ! ppt150x3+normal text rate box403 w1t1jy,PHISHING,sms_phishing_v1,english,Phishing
SMS_00911,I'm really sorry i won't b able 2 do this friday.hope u can find an alternative.hope yr term's going ok:-),SAFE,sms_phishing_v1,english,Legitimate
SMS_00912,Congratulations ore mo owo re wa. Enjoy it and i wish you many happy moments to and fro wherever you go,SAFE,sms_phishing_v1,english,Legitimate
SMS_00913,So do you have samus shoulders yet,SAFE,sms_phishing_v1,english,Legitimate
SMS_00914,What time you think you'll have it? Need to know when I should be near campus,SAFE,sms_phishing_v1,english,Legitimate
SMS_00915,"Dear Matthew please call 09063440451 from a landline, your complimentary 4*Lux Tenerife holiday or å£1000 CASH await collection. ppm150 SAE T&Cs Box334 SK38XH.",PHISHING,sms_phishing_v1,english,Spam
SMS_00916,Then dun wear jeans lor...,SAFE,sms_phishing_v1,english,Legitimate
SMS_00917,"Since when, which side, any fever, any vomitin.",SAFE,sms_phishing_v1,english,Legitimate
SMS_00918,K:)k.are you in college?,SAFE,sms_phishing_v1,english,Legitimate
SMS_00919,"Urgent! call 09061749602 from Landline. Your complimentary 4* Tenerife Holiday or å£10,000 cash await collection SAE T&Cs BOX 528 HP20 1YF 150ppm 18+",PHISHING,sms_phishing_v1,english,Phishing
SMS_00920,Better. Made up for Friday and stuffed myself like a pig yesterday. Now I feel bleh. But at least its not writhing pain kind of bleh.,SAFE,sms_phishing_v1,english,Legitimate
SMS_00921,No we sell it all so we'll have tons if coins. Then sell our coins to someone thru paypal. Voila! Money back in life pockets:),SAFE,sms_phishing_v1,english,Legitimate
SMS_00922,Theyre doing it to lots of places. Only hospitals and medical places are safe.,SAFE,sms_phishing_v1,english,Legitimate
SMS_00923,How about getting in touch with folks waiting for company? Just txt back your NAME and AGE to opt in! Enjoy the community (150p/SMS),PHISHING,sms_phishing_v1,english,Spam
SMS_00924,And also I've sorta blown him off a couple times recently so id rather not text him out of the blue looking for weed,SAFE,sms_phishing_v1,english,Legitimate
SMS_00925,"I sent my scores to sophas and i had to do secondary application for a few schools. I think if you are thinking of applying, do a research on cost also. Contact joke ogunrinde, her school is one me the less expensive ones",SAFE,sms_phishing_v1,english,Legitimate
SMS_00926,I cant wait to see you! How were the photos were useful? :),SAFE,sms_phishing_v1,english,Legitimate
SMS_00927,Ur cash-balance is currently 500 pounds - to maximize ur cash-in now send GO to 86688 only 150p/msg. CC: 08718720201 PO BOX 114/14 TCR/W1,PHISHING,sms_phishing_v1,english,Spam
SMS_00928,Hey i booked the kb on sat already... what other lessons are we going for ah? Keep your sat night free we need to meet and confirm our lodging,SAFE,sms_phishing_v1,english,Legitimate
SMS_00929,Chk in ur belovd ms dict,SAFE,sms_phishing_v1,english,Legitimate
SMS_00930,Is that what time you want me to come?,SAFE,sms_phishing_v1,english,Legitimate
SMS_00931,"Awesome, lemme know whenever you're around",SAFE,sms_phishing_v1,english,Legitimate
SMS_00932,Shb b ok lor... Thanx...,SAFE,sms_phishing_v1,english,Legitimate
SMS_00933,"Beautiful Truth against Gravity.. Read carefully: \Our heart feels light when someone is in it.. But it feels very heavy when someone leaves it..\"" GOOD NIGHT""",SAFE,sms_phishing_v1,english,Legitimate
SMS_00934,Also remember to get dobby's bowl from your car,SAFE,sms_phishing_v1,english,Legitimate
SMS_00935,Filthy stories and GIRLS waiting for your,PHISHING,sms_phishing_v1,english,Spam
SMS_00936,Sorry i now then c ur msg... Yar lor so poor thing... But only 4 one night... Tmr u'll have a brand new room 2 sleep in...,SAFE,sms_phishing_v1,english,Legitimate
SMS_00937,"Love isn't a decision, it's a feeling. If we could decide who to love, then, life would be much simpler, but then less magical",SAFE,sms_phishing_v1,english,Legitimate
SMS_00938,Welp apparently he retired,SAFE,sms_phishing_v1,english,Legitimate
SMS_00939,My sort code is  and acc no is . The bank is natwest. Can you reply to confirm i've sent this to the right person!,SAFE,sms_phishing_v1,english,Legitimate
SMS_00940,Where @,SAFE,sms_phishing_v1,english,Legitimate
SMS_00941,U sure u can't take any sick time?,SAFE,sms_phishing_v1,english,Legitimate
SMS_00942,URGENT! We are trying to contact U. Todays draw shows that you have won a å£800 prize GUARANTEED. Call 09050001808 from land line. Claim M95. Valid12hrs only,PHISHING,sms_phishing_v1,english,Phishing
SMS_00943,Yo chad which gymnastics class do you wanna take? The site says Christians class is full..,SAFE,sms_phishing_v1,english,Legitimate
SMS_00944,Or better still can you catch her and let ask her if she can sell  &lt;#&gt;  for me.,SAFE,sms_phishing_v1,english,Legitimate
SMS_00945,I am not sure about night menu. . . I know only about noon menu,SAFE,sms_phishing_v1,english,Legitimate
SMS_00946,What do u want when i come back?.a beautiful necklace as a token of my heart for you.thats what i will give but ONLY to MY WIFE OF MY LIKING.BE THAT AND SEE..NO ONE can give you that.dont call me.i will wait till i come.,SAFE,sms_phishing_v1,english,Legitimate
SMS_00947,Are you willing to go for aptitude class.,SAFE,sms_phishing_v1,english,Legitimate
SMS_00948,"It wont b until 2.15 as trying 2 sort house out, is that ok?",SAFE,sms_phishing_v1,english,Legitimate
SMS_00949,"Yar lor he wan 2 go c horse racing today mah, so eat earlier lor. I ate chicken rice. U?",SAFE,sms_phishing_v1,english,Legitimate
SMS_00950,"Haha awesome, omw back now then",SAFE,sms_phishing_v1,english,Legitimate
SMS_00951,Yup i thk so until e shop closes lor.,SAFE,sms_phishing_v1,english,Legitimate
SMS_00952,what is your account number?,SAFE,sms_phishing_v1,english,Legitimate
SMS_00953,Eh u send wrongly lar...,SAFE,sms_phishing_v1,english,Legitimate
SMS_00954,Hey no I ad a crap nite was borin without ya 2 boggy with me u boring biatch! Thanx but u wait til nxt time il ave ya,SAFE,sms_phishing_v1,english,Legitimate
SMS_00955,Ok i shall talk to him,SAFE,sms_phishing_v1,english,Legitimate
SMS_00956,Dont hesitate. You know this is the second time she has had weakness like that. So keep i notebook of what she eat and did the day before or if anything changed the day before so that we can be sure its nothing,SAFE,sms_phishing_v1,english,Legitimate
SMS_00957,Hey you can pay. With salary de. Only  &lt;#&gt; .,SAFE,sms_phishing_v1,english,Legitimate
SMS_00958,Another month. I need chocolate weed and alcohol.,SAFE,sms_phishing_v1,english,Legitimate
SMS_00959,If he started searching he will get job in few days.he have great potential and talent.,SAFE,sms_phishing_v1,english,Legitimate
SMS_00960,Reckon need to be in town by eightish to walk from * carpark.,SAFE,sms_phishing_v1,english,Legitimate
SMS_00961,"Congrats! 2 mobile 3G Videophones R yours. call 09063458130 now! videochat wid your mates, play java games, Dload polyPH music, noline rentl.",PHISHING,sms_phishing_v1,english,Spam
SMS_00962,LOOK AT THE FUCKIN TIME. WHAT THE FUCK YOU THINK IS UP,SAFE,sms_phishing_v1,english,Legitimate
SMS_00963,Yo guess what I just dropped,SAFE,sms_phishing_v1,english,Legitimate
SMS_00964,Carlos says he'll be at mu in  &lt;#&gt;  minutes,SAFE,sms_phishing_v1,english,Legitimate
SMS_00965,I'm in office now . I will call you  &lt;#&gt;  min:),SAFE,sms_phishing_v1,english,Legitimate
SMS_00966,"Geeee ... I miss you already, you know ? Your all I can think about. Fuck, I can't wait till next year when we will be together ... *loving kiss*",SAFE,sms_phishing_v1,english,Legitimate
SMS_00967,"Yun ah.the ubi one say if Ì_ wan call by tomorrow.call 67441233 look for irene.ere only got bus8,22,65,61,66,382. Ubi cres,ubi tech park.6ph for 1st 5wkg days.Ì¬n",SAFE,sms_phishing_v1,english,Legitimate
SMS_00968,Ugh. Gotta drive back to sd from la. My butt is sore.,SAFE,sms_phishing_v1,english,Legitimate
SMS_00969,26th OF JULY,SAFE,sms_phishing_v1,english,Legitimate
SMS_00970,Hi im having the most relaxing time ever! we have to get up at 7am every day! was the party good the other night? I get home tomorrow at 5ish.,SAFE,sms_phishing_v1,english,Legitimate
SMS_00971,Up to Ì_... ÌÏ wan come then come lor... But i din c any stripes skirt...,SAFE,sms_phishing_v1,english,Legitimate
SMS_00972,The Xmas story is peace.. The Xmas msg is love.. The Xmas miracle is jesus.. Hav a blessed month ahead &amp; wish U Merry Xmas...,SAFE,sms_phishing_v1,english,Legitimate
SMS_00973,"I can't, I don't have her number!",SAFE,sms_phishing_v1,english,Legitimate
SMS_00974,Change again... It's e one next to escalator...,SAFE,sms_phishing_v1,english,Legitimate
SMS_00975,Yetunde i'm in class can you not run water on it to make it ok. Pls now.,SAFE,sms_phishing_v1,english,Legitimate
SMS_00976,Not a lot has happened here. Feels very quiet. Beth is at her aunts and charlie is working lots. Just me and helen in at the mo. How have you been?,SAFE,sms_phishing_v1,english,Legitimate
SMS_00977,Then Ì_ wait 4 me at bus stop aft ur lect lar. If i dun c Ì_ then i go get my car then come back n pick Ì_.,SAFE,sms_phishing_v1,english,Legitimate
SMS_00978,"Aight will do, thanks again for comin out",SAFE,sms_phishing_v1,english,Legitimate
SMS_00979,No..but heard abt tat..,SAFE,sms_phishing_v1,english,Legitimate
SMS_00980,&lt;#&gt;  am I think? Should say on syllabus,SAFE,sms_phishing_v1,english,Legitimate
SMS_00981,Umma. Did she say anything,SAFE,sms_phishing_v1,english,Legitimate
SMS_00982,Give me a sec to think think about it,SAFE,sms_phishing_v1,english,Legitimate
SMS_00983,Panasonic & BluetoothHdset FREE. Nokia FREE. Motorola FREE & DoubleMins & DoubleTxt on Orange contract. Call MobileUpd8 on 08000839402 or call 2optout,PHISHING,sms_phishing_v1,english,Spam
SMS_00984,I don't quite know what to do. I still can't get hold of anyone. I cud pick you up bout 7.30pm and we can see if they're in the pub?,SAFE,sms_phishing_v1,english,Legitimate
SMS_00985,"Poyyarikatur,kolathupalayam,unjalur post,erode dis, &lt;#&gt; .",SAFE,sms_phishing_v1,english,Legitimate
SMS_00986,"Dear Hero,i am leaving to qatar tonite for an apt opportunity.pls do keep in touch at  &lt;EMAIL&gt; ,kerala",SAFE,sms_phishing_v1,english,Legitimate
SMS_00987,Lol I would but my mom would have a fit and tell the whole family how crazy and terrible I am,SAFE,sms_phishing_v1,english,Legitimate
SMS_00988,"I just got home babe, are you still awake ?",SAFE,sms_phishing_v1,english,Legitimate
SMS_00989,I dunno they close oredi not... ÌÏ v ma fan...,SAFE,sms_phishing_v1,english,Legitimate
SMS_00990,Just buy a pizza. Meat lovers or supreme. U get to pick.,SAFE,sms_phishing_v1,english,Legitimate
SMS_00991,"Ya, told..she was asking wats matter?",SAFE,sms_phishing_v1,english,Legitimate
SMS_00992,"Dear,regret i cudnt pick call.drove down frm ctla now at cochin home.left mobile in car..ente style ishtamayoo?happy bakrid!",SAFE,sms_phishing_v1,english,Legitimate
SMS_00993,FREE for 1st week! No1 Nokia tone 4 ur mob every week just txt NOKIA to 8007 Get txting and tell ur mates www.getzed.co.uk POBox 36504 W45WQ norm150p/tone 16+,PHISHING,sms_phishing_v1,english,Spam
SMS_00994,Shall i send that exe to your mail id.,SAFE,sms_phishing_v1,english,Legitimate
SMS_00995,Nope watching tv at home... Not going out. V bored...,SAFE,sms_phishing_v1,english,Legitimate
SMS_00996,Don know..wait i will check it.,SAFE,sms_phishing_v1,english,Legitimate
SMS_00997,"Good afternoon on this glorious anniversary day, my sweet J !! I hope this finds you happy and content, my Prey. I think of you and send a teasing kiss from across the sea coaxing images of fond souveniers ... You Cougar-Pen",SAFE,sms_phishing_v1,english,Legitimate
SMS_00998,Guess what! Somebody you know secretly fancies you! Wanna find out who it is? Give us a call on 09065394514 From Landline DATEBox1282EssexCM61XN 150p/min 18,PHISHING,sms_phishing_v1,english,Spam
SMS_00999,We still on for tonight?,SAFE,sms_phishing_v1,english,Legitimate
SMS_01000,May i call You later Pls,SAFE,sms_phishing_v1,english,Legitimate
SMS_01001,Hasn't that been the pattern recently crap weekends?,SAFE,sms_phishing_v1,english,Legitimate
SMS_01002,I have a sore throat. It's scratches when I talk,SAFE,sms_phishing_v1,english,Legitimate
SMS_01003,Yes da. Any plm at ur office,SAFE,sms_phishing_v1,english,Legitimate
SMS_01004,Are you not around or just still asleep? :V,SAFE,sms_phishing_v1,english,Legitimate
SMS_01005,"Lol you forgot it eh ? Yes, I'll bring it in babe",SAFE,sms_phishing_v1,english,Legitimate
SMS_01006,"Its good, we'll find a way",SAFE,sms_phishing_v1,english,Legitimate
SMS_01007,Can not use foreign stamps in this country. Good lecture .,SAFE,sms_phishing_v1,english,Legitimate
SMS_01008,Yup bathe liao...,SAFE,sms_phishing_v1,english,Legitimate
SMS_01009,HAPPY NEW YEAR MY NO.1 MAN,SAFE,sms_phishing_v1,english,Legitimate
SMS_01010,"OH MR SHEFFIELD! You wanna play THAT game, okay. You're the boss and I'm the nanny. You give me a raise and I'll give YOU one!!",SAFE,sms_phishing_v1,english,Legitimate
SMS_01011,ZOE IT JUST HIT ME 2 IM FUCKING SHITIN MYSELF IL DEFO TRY MY HARDEST 2 CUM 2MOROW LUV U MILLIONS LEKDOG,SAFE,sms_phishing_v1,english,Legitimate
SMS_01012,"Hello baby, did you get back to your mom's ? Are you setting up the computer now ? Filling your belly ? How goes it loverboy ? I miss you already ... *sighs*",SAFE,sms_phishing_v1,english,Legitimate
SMS_01013,"No my blankets are sufficient, thx",SAFE,sms_phishing_v1,english,Legitimate
SMS_01014,"naughty little thought: 'its better to flirt, flirt n flirt, rather than loving someone n gettin hurt, hurt n hurt...:-) Gud nyt",SAFE,sms_phishing_v1,english,Legitimate
SMS_01015,"Edison has rightly said, \A fool can ask more questions than a wise man can answer\"" Now you know why all of us are speechless during ViVa.. GM",SAFE,sms_phishing_v1,english,Legitimate
SMS_01016,They just talking thats it de. They wont any other.,SAFE,sms_phishing_v1,english,Legitimate
SMS_01017,Today am going to college so am not able to atten the class.,SAFE,sms_phishing_v1,english,Legitimate
SMS_01018,I'm in class. Will holla later,SAFE,sms_phishing_v1,english,Legitimate
SMS_01019,Mmm thats better now i got a roast down me! iåÕd b better if i had a few drinks down me 2! Good indian?,SAFE,sms_phishing_v1,english,Legitimate
SMS_01020,"We know someone who you know that fancies you. Call 09058097218 to find out who. POBox 6, LS15HB 150p",PHISHING,sms_phishing_v1,english,Spam
SMS_01021,"Come round, it's .",SAFE,sms_phishing_v1,english,Legitimate
SMS_01022,"Do 1 thing! Change that sentence into: \Because i want 2 concentrate in my educational career im leaving here..\""""",SAFE,sms_phishing_v1,english,Legitimate
SMS_01023,"1000's flirting NOW! Txt GIRL or BLOKE & ur NAME & AGE, eg GIRL ZOE 18 to 8007 to join and get chatting!",PHISHING,sms_phishing_v1,english,Spam
SMS_01024,I walked an hour 2 c u! doesnåÕt that show I care y wont u believe im serious?,SAFE,sms_phishing_v1,english,Legitimate
SMS_01025,18 days to Euro2004 kickoff! U will be kept informed of all the latest news and results daily. Unsubscribe send GET EURO STOP to 83222.,PHISHING,sms_phishing_v1,english,Spam
SMS_01026,Are you available for soiree on June 3rd?,SAFE,sms_phishing_v1,english,Legitimate
SMS_01027,Do u noe wat time e place dat sells 4d closes?,SAFE,sms_phishing_v1,english,Legitimate
SMS_01028,"I got another job! The one at the hospital doing data analysis or something, starts on monday! Not sure when my thesis will got finished",SAFE,sms_phishing_v1,english,Legitimate
SMS_01029,Jay's getting really impatient and belligerent,SAFE,sms_phishing_v1,english,Legitimate
SMS_01030,HIYA COMIN 2 BRISTOL 1 ST WEEK IN APRIL. LES GOT OFF + RUDI ON NEW YRS EVE BUT I WAS SNORING.THEY WERE DRUNK! U BAK AT COLLEGE YET? MY WORK SENDS INK 2 BATH.,SAFE,sms_phishing_v1,english,Legitimate
SMS_01031,I'm at work. Please call,SAFE,sms_phishing_v1,english,Legitimate
SMS_01032,Then u drive lor.,SAFE,sms_phishing_v1,english,Legitimate
SMS_01033,Ard 515 like dat. Y?,SAFE,sms_phishing_v1,english,Legitimate
SMS_01034,Tell me they're female :V how're you throwing in? We're deciding what all to get now,SAFE,sms_phishing_v1,english,Legitimate
SMS_01035,EASTENDERS TV Quiz. What FLOWER does DOT compare herself to? D= VIOLET E= TULIP F= LILY txt D E or F to 84025 NOW 4 chance 2 WIN å£100 Cash WKENT/150P16+,PHISHING,sms_phishing_v1,english,Spam
SMS_01036,I'm working technical support :)voice process.networking field.,SAFE,sms_phishing_v1,english,Legitimate
SMS_01037,I might come to kerala for 2 days.so you can be prepared to take a leave once i finalise .dont plan any travel during my visit.need to finish urgent works.,SAFE,sms_phishing_v1,english,Legitimate
SMS_01038,Ok. Not sure what time tho as not sure if can get to library before class. Will try. See you at some point! Have good eve.,SAFE,sms_phishing_v1,english,Legitimate
SMS_01039,We have new local dates in your area - Lots of new people registered in YOUR AREA. Reply DATE to start now! 18 only www.flirtparty.us REPLYS150,PHISHING,sms_phishing_v1,english,Spam
SMS_01040,"That's fine, I'll bitch at you about it later then",SAFE,sms_phishing_v1,english,Legitimate
SMS_01041,No my mum went 2 dentist.,SAFE,sms_phishing_v1,english,Legitimate
SMS_01042,Once free call me sir. I am waiting for you.,SAFE,sms_phishing_v1,english,Legitimate
SMS_01043,Meeting u is my work. . . Tel me when shall i do my work tomorrow,SAFE,sms_phishing_v1,english,Legitimate
SMS_01044,Someone U know has asked our dating service 2 contact you! Cant Guess who? CALL 09058091854 NOW all will be revealed. PO BOX385 M6 6WU,PHISHING,sms_phishing_v1,english,Spam
SMS_01045,Jus finish bathing...,SAFE,sms_phishing_v1,english,Legitimate
SMS_01046,"alright, I'll make sure the car is back tonight",SAFE,sms_phishing_v1,english,Legitimate
SMS_01047,URGENT! We are trying to contact U. Todays draw shows that you have won a å£800 prize GUARANTEED. Call 09050003091 from land line. Claim C52. Valid12hrs only,PHISHING,sms_phishing_v1,english,Phishing
SMS_01048,Dear U've been invited to XCHAT. This is our final attempt to contact u! Txt CHAT to 86688,PHISHING,sms_phishing_v1,english,Spam
SMS_01049,Lul im gettin some juicy gossip at the hospital. Two nurses are talking about how fat they are gettin. And one thinks shes obese. Oyea.,SAFE,sms_phishing_v1,english,Legitimate
SMS_01050,Aight ill get on fb in a couple minutes,SAFE,sms_phishing_v1,english,Legitimate
SMS_01051,Oi. Ami parchi na re. Kicchu kaaj korte iccha korche na. Phone ta tul na. Plz. Plz.,SAFE,sms_phishing_v1,english,Legitimate
SMS_01052,Where can download clear movies. Dvd copies.,SAFE,sms_phishing_v1,english,Legitimate
SMS_01053,"Yep, by the pretty sculpture",SAFE,sms_phishing_v1,english,Legitimate
SMS_01054,Convey my regards to him,SAFE,sms_phishing_v1,english,Legitimate
SMS_01055,Me too watching surya movie only. . .after 6 pm vijay movie POKKIRI,SAFE,sms_phishing_v1,english,Legitimate
SMS_01056,You tell what happen dont behave like this to me. Ok no need to say,SAFE,sms_phishing_v1,english,Legitimate
SMS_01057,Can u get pic msgs to your phone?,SAFE,sms_phishing_v1,english,Legitimate
SMS_01058,Send to someone else :-),SAFE,sms_phishing_v1,english,Legitimate
SMS_01059,Wat makes some people dearer is not just de happiness dat u feel when u meet them but de pain u feel when u miss dem!!!,SAFE,sms_phishing_v1,english,Legitimate
SMS_01060,For me the love should start with attraction.i should feel that I need her every time around me.she should be the first thing which comes in my thoughts.I would start the day and end it with her.she should be there every time I dream.love will be then when my every breath has her name.my life should happen around her.my life will be named to her.I would cry for her.will give all my happiness and take all her sorrows.I will be ready to fight with anyone for her.I will be in love when I will be doing the craziest things for her.love will be when I don't have to proove anyone that my girl is the most beautiful lady on the whole planet.I will always be singing praises for her.love will be when I start up making chicken curry and end up makiing sambar.life will be the most beautiful then.will get every morning and thank god for the day because she is with me.I would like to say a lot..will tell later..,SAFE,sms_phishing_v1,english,Legitimate
SMS_01061,"FR'NDSHIP is like a needle of a clock. Though V r in d same clock, V r nt able 2 met. Evn if V meet,itz only 4few seconds. Bt V alwys stay conected. Gud 9t;-)",SAFE,sms_phishing_v1,english,Legitimate
SMS_01062,I don't think he has spatula hands!,SAFE,sms_phishing_v1,english,Legitimate
SMS_01063,You can never do NOTHING,SAFE,sms_phishing_v1,english,Legitimate
SMS_01064,You are awarded a SiPix Digital Camera! call 09061221061 from landline. Delivery within 28days. T Cs Box177. M221BP. 2yr warranty. 150ppm. 16 . p på£3.99,PHISHING,sms_phishing_v1,english,Phishing
SMS_01065,Goodmorning today i am late for  &lt;DECIMAL&gt; min.,SAFE,sms_phishing_v1,english,Legitimate
SMS_01066,WIN URGENT! Your mobile number has been awarded with a å£2000 prize GUARANTEED call 09061790121 from land line. claim 3030 valid 12hrs only 150ppm,PHISHING,sms_phishing_v1,english,Phishing
SMS_01067,Please da call me any mistake from my side sorry da. Pls da goto doctor.,SAFE,sms_phishing_v1,english,Legitimate
SMS_01068,Where r we meeting?,SAFE,sms_phishing_v1,english,Legitimate
SMS_01069,"Well the weather in cali's great. But its complexities are great. You need a car to move freely, its taxes are outrageous. But all in all its a great place. The sad part is i missing home.",SAFE,sms_phishing_v1,english,Legitimate
SMS_01070,Now only i reached home. . . I am very tired now. . I will come tomorro,SAFE,sms_phishing_v1,english,Legitimate
SMS_01071,Ryder unsold.now gibbs.,SAFE,sms_phishing_v1,english,Legitimate
SMS_01072,Dear Subscriber ur draw 4 å£100 gift voucher will b entered on receipt of a correct ans. When was Elvis Presleys Birthday? TXT answer to 80062,PHISHING,sms_phishing_v1,english,Spam
SMS_01073,Don't fret. I'll buy the ovulation test strips and send them to you. You wont get them til like march. Can you send me your postal address.u'll be alright.Okay.,SAFE,sms_phishing_v1,english,Legitimate
SMS_01074,NO GIFTS!! You trying to get me to throw myself off a cliff or something?,SAFE,sms_phishing_v1,english,Legitimate
SMS_01075,Been up to ne thing interesting. Did you have a good birthday? When are u wrking nxt? I started uni today.,SAFE,sms_phishing_v1,english,Legitimate
SMS_01076,You busy or can I come by at some point and figure out what we're doing tomorrow,SAFE,sms_phishing_v1,english,Legitimate
SMS_01077,"Yeah go on then, bored and depressed sittin waitin for phone to ring... Hope the wind drops though, scary",SAFE,sms_phishing_v1,english,Legitimate
SMS_01078,Black shirt n blue jeans... I thk i c Ì_...,SAFE,sms_phishing_v1,english,Legitimate
SMS_01079,Aiyah sorry lor... I watch tv watch until i forgot 2 check my phone.,SAFE,sms_phishing_v1,english,Legitimate
SMS_01080,Message Important information for O2 user. Today is your lucky day! 2 find out why log onto http://www.urawinner.com there is a fantastic surprise awaiting you,PHISHING,sms_phishing_v1,english,Phishing
SMS_01081,on hen night. Going with a swing,SAFE,sms_phishing_v1,english,Legitimate
SMS_01082,"Good afternoon, my love. How goes your day ? What are you up to ? I woke early and am online waiting for you ... Hmmm ... Italian boy is online I see . *grins*",SAFE,sms_phishing_v1,english,Legitimate
SMS_01083,From someone not to smoke when every time I've smoked in the last two weeks is because of you calling or texting me that you wanted to smoke,SAFE,sms_phishing_v1,english,Legitimate
SMS_01084,No you'll just get a headache trying to figure it out. U can trust me to do the math. I promise. O:-),SAFE,sms_phishing_v1,english,Legitimate
SMS_01085,S s..first time..dhoni rocks...,SAFE,sms_phishing_v1,english,Legitimate
SMS_01086,Ok ill tell the company,SAFE,sms_phishing_v1,english,Legitimate
SMS_01087,"Awesome, think we can get an 8th at usf some time tonight?",SAFE,sms_phishing_v1,english,Legitimate
SMS_01088,So that means you still think of teju,SAFE,sms_phishing_v1,english,Legitimate
SMS_01089,"No I'm good for the movie, is it ok if I leave in an hourish?",SAFE,sms_phishing_v1,english,Legitimate
SMS_01090,No no:)this is kallis home ground.amla home town is durban:),SAFE,sms_phishing_v1,english,Legitimate
SMS_01091,So lets make it saturday or monday as per convenience.,SAFE,sms_phishing_v1,english,Legitimate
SMS_01092,Hey... What time is your driving on fri? We go for evaluation on fri?,SAFE,sms_phishing_v1,english,Legitimate
SMS_01093,"449050000301 You have won a å£2,000 price! To claim, call 09050000301.",PHISHING,sms_phishing_v1,english,Phishing
SMS_01094,I'm going 4 lunch now wif my family then aft dat i go str 2 orchard lor.,SAFE,sms_phishing_v1,english,Legitimate
SMS_01095,"Bored of speed dating? Try SPEEDCHAT, txt SPEEDCHAT to 80155, if you don't like em txt SWAP and get a new chatter! Chat80155 POBox36504W45WQ 150p/msg rcd 16",PHISHING,sms_phishing_v1,english,Spam
SMS_01096,Cancel cheyyamo?and get some money back?,SAFE,sms_phishing_v1,english,Legitimate
SMS_01097,Do you want 750 anytime any network mins 150 text and a NEW video phone for only five pounds per week call 08000776320 now or reply for delivery Tomorrow,PHISHING,sms_phishing_v1,english,Phishing
SMS_01098,Ok.ok ok..then..whats ur todays plan,SAFE,sms_phishing_v1,english,Legitimate
SMS_01099,Good morning princess! How are you?,SAFE,sms_phishing_v1,english,Legitimate
SMS_01100,Aiyar sorry lor forgot 2 tell u...,SAFE,sms_phishing_v1,english,Legitimate
SMS_01101,For taking part in our mobile survey yesterday! You can now have 500 texts 2 use however you wish. 2 get txts just send TXT to 80160 T&C www.txt43.com 1.50p,PHISHING,sms_phishing_v1,english,Spam
SMS_01102,Not tonight mate. Catching up on some sleep. This is my new number by the way.,SAFE,sms_phishing_v1,english,Legitimate
SMS_01103,"Height of \Oh shit....!!\"" situation: A guy throws a luv letter on a gal but falls on her brothers head whos a gay",SAFE,sms_phishing_v1,english,Legitimate
SMS_01104,Ur HMV Quiz cash-balance is currently å£500 - to maximize ur cash-in now send HMV1 to 86688 only 150p/msg,PHISHING,sms_phishing_v1,english,Spam
SMS_01105,"So check your errors and if you had difficulties, do correction.",SAFE,sms_phishing_v1,english,Legitimate
SMS_01106,Howz pain?hope u r fine..,SAFE,sms_phishing_v1,english,Legitimate
SMS_01107,U wake up already? Thanx 4 e tau sar piah it's quite nice.,SAFE,sms_phishing_v1,english,Legitimate
SMS_01108,K do I need a login or anything,SAFE,sms_phishing_v1,english,Legitimate
SMS_01109,Dont forget you can place as many FREE Requests with 1stchoice.co.uk as you wish. For more Information call 08707808226.,PHISHING,sms_phishing_v1,english,Spam
SMS_01110,LOL ... No just was busy,SAFE,sms_phishing_v1,english,Legitimate
SMS_01111,What * u wearing?,SAFE,sms_phishing_v1,english,Legitimate
SMS_01112,Oh:)as usual vijay film or its different?,SAFE,sms_phishing_v1,english,Legitimate
SMS_01113,I don't know u and u don't know me. Send CHAT to 86688 now and let's find each other! Only 150p/Msg rcvd. HG/Suite342/2Lands/Row/W1J6HL LDN. 18 years or over.,PHISHING,sms_phishing_v1,english,Spam
SMS_01114,Have you had a good day? Mine was really busy are you up to much tomorrow night?,SAFE,sms_phishing_v1,english,Legitimate
SMS_01115,And is there a way you can send shade's stuff to her. And she has been wonderful too.,SAFE,sms_phishing_v1,english,Legitimate
SMS_01116,Really... I tot ur paper ended long ago... But wat u copied jus now got use? U happy lar... I still haf 2 study :-(,SAFE,sms_phishing_v1,english,Legitimate
SMS_01117,"Thank you, winner notified by sms. Good Luck! No future marketing reply STOP to 84122 customer services 08450542832",PHISHING,sms_phishing_v1,english,Phishing
SMS_01118,Babe ? I lost you ... :-(,SAFE,sms_phishing_v1,english,Legitimate
SMS_01119,Ok... Help me ask if she's working tmr a not?,SAFE,sms_phishing_v1,english,Legitimate
SMS_01120,I'm not driving... Raining! Then i'll get caught at e mrt station lor.,SAFE,sms_phishing_v1,english,Legitimate
SMS_01121,Not a drop in the tank,SAFE,sms_phishing_v1,english,Legitimate
SMS_01122,(That said can you text him one more time?),SAFE,sms_phishing_v1,english,Legitimate
SMS_01123,Ok i go change also...,SAFE,sms_phishing_v1,english,Legitimate
SMS_01124,1000's of girls many local 2 u who r virgins 2 this & r ready 2 4fil ur every sexual need. Can u 4fil theirs? text CUTE to 69911(å£1.50p. m),PHISHING,sms_phishing_v1,english,Spam
SMS_01125,Did u find a sitter for kaitlyn? I was sick and slept all day yesterday.,SAFE,sms_phishing_v1,english,Legitimate
SMS_01126,"Sorry man, accidentally left my phone on silent last night and didn't check it til I got up",SAFE,sms_phishing_v1,english,Legitimate
SMS_01127,Hey.. Something came up last min.. Think i wun be signing up tmr.. Hee,SAFE,sms_phishing_v1,english,Legitimate
SMS_01128,He's an adult and would learn from the experience. There's no real danger. I just dont like peeps using drugs they dont need. But no comment,SAFE,sms_phishing_v1,english,Legitimate
SMS_01129,Hey! There's veggie pizza... :/,SAFE,sms_phishing_v1,english,Legitimate
SMS_01130,Yun buying... But school got offer 2000 plus only...,SAFE,sms_phishing_v1,english,Legitimate
SMS_01131,You sure your neighbors didnt pick it up,SAFE,sms_phishing_v1,english,Legitimate
SMS_01132,K. I will sent it again,SAFE,sms_phishing_v1,english,Legitimate
SMS_01133,Well. Im computerless. Time to make some oreo truffles,SAFE,sms_phishing_v1,english,Legitimate
SMS_01134,"Haha yeah I see that now, be there in a sec",SAFE,sms_phishing_v1,english,Legitimate
SMS_01135,I am not having her number sir,SAFE,sms_phishing_v1,english,Legitimate
SMS_01136,Lol now I'm after that hot air balloon!,SAFE,sms_phishing_v1,english,Legitimate
SMS_01137,Ok . . now i am in bus. . If i come soon i will come otherwise tomorrow,SAFE,sms_phishing_v1,english,Legitimate
SMS_01138,Msgs r not time pass.They silently say that I am thinking of U right now and also making U think of me at least 4 a moment. Gd nt.swt drms @Shesil,SAFE,sms_phishing_v1,english,Legitimate
SMS_01139,"Yeah, we can probably swing by once my roommate finishes up with his girl",SAFE,sms_phishing_v1,english,Legitimate
SMS_01140,"Got what it takes 2 take part in the WRC Rally in Oz? U can with Lucozade Energy! Text RALLY LE to 61200 (25p), see packs or lucozade.co.uk/wrc & itcould be u!",PHISHING,sms_phishing_v1,english,Spam
SMS_01141,Happy new years melody!,SAFE,sms_phishing_v1,english,Legitimate
SMS_01142,ÌÏ dun need to pick ur gf?,SAFE,sms_phishing_v1,english,Legitimate
SMS_01143,Yay! You better not have told that to 5 other girls either.,SAFE,sms_phishing_v1,english,Legitimate
SMS_01144,Horrible u eat macs eat until u forgot abt me already rite... U take so long 2 reply. I thk it's more toot than b4 so b prepared. Now wat shall i eat?,SAFE,sms_phishing_v1,english,Legitimate
SMS_01145,"Did he say how fantastic I am by any chance, or anything need a bigger life lift as losing the will 2 live, do you think I would be the first person 2 die from N V Q?",SAFE,sms_phishing_v1,english,Legitimate
SMS_01146,Just nw i came to hme da..,SAFE,sms_phishing_v1,english,Legitimate
SMS_01147,"I'm outside islands, head towards hard rock and you'll run into me",SAFE,sms_phishing_v1,english,Legitimate
SMS_01148,To day class is there are no class.,SAFE,sms_phishing_v1,english,Legitimate
SMS_01149,I'm in chennai velachery:),SAFE,sms_phishing_v1,english,Legitimate
SMS_01150,You flippin your shit yet?,SAFE,sms_phishing_v1,english,Legitimate
SMS_01151,"K give me a sec, breaking a  &lt;#&gt;  at cstore",SAFE,sms_phishing_v1,english,Legitimate
SMS_01152,Am i that much bad to avoid like this?,SAFE,sms_phishing_v1,english,Legitimate
SMS_01153,"Yo, you around? Just got my car back",SAFE,sms_phishing_v1,english,Legitimate
SMS_01154,Annoying isn't it.,SAFE,sms_phishing_v1,english,Legitimate
SMS_01155,"Goodmorning, Today i am late for  &lt;#&gt; min.",SAFE,sms_phishing_v1,english,Legitimate
SMS_01156,There's no point hangin on to mr not right if he's not makin u happy,SAFE,sms_phishing_v1,english,Legitimate
SMS_01157,All will come alive.better correct any good looking figure there itself..,SAFE,sms_phishing_v1,english,Legitimate
SMS_01158,In that case I guess I'll see you at campus lodge,SAFE,sms_phishing_v1,english,Legitimate
SMS_01159,We're done...,SAFE,sms_phishing_v1,english,Legitimate
SMS_01160,Come to my home for one last time i wont do anything. Trust me.,SAFE,sms_phishing_v1,english,Legitimate
SMS_01161,I was up all night too worrying about this appt. It's a shame we missed a girls night out with quizzes popcorn and you doing my hair.,SAFE,sms_phishing_v1,english,Legitimate
SMS_01162,Sex up ur mobile with a FREE sexy pic of Jordan! Just text BABE to 88600. Then every wk get a sexy celeb! PocketBabe.co.uk 4 more pics. 16 å£3/wk 087016248,PHISHING,sms_phishing_v1,english,Spam
SMS_01163,Ok... C ya...,SAFE,sms_phishing_v1,english,Legitimate
SMS_01164,You have 1 new voicemail. Please call 08719181503,PHISHING,sms_phishing_v1,english,Spam
SMS_01165,What he said is not the matter. My mind saying some other matter is there.,SAFE,sms_phishing_v1,english,Legitimate
SMS_01166,"Al he does is moan at me if n e thin goes wrong its my fault&al de arguments r my fault&fed up of him of himso y bother? Hav 2go, thanx.xx",SAFE,sms_phishing_v1,english,Legitimate
SMS_01167,NEFT Transaction with reference number  &lt;#&gt;  for Rs. &lt;DECIMAL&gt;  has been credited to the beneficiary account on  &lt;#&gt;  at  &lt;TIME&gt; : &lt;#&gt;,SAFE,sms_phishing_v1,english,Legitimate
SMS_01168,Otherwise had part time job na-tuition..,SAFE,sms_phishing_v1,english,Legitimate
SMS_01169,I know she called me,SAFE,sms_phishing_v1,english,Legitimate
SMS_01170,"Me also da, i feel yesterday night  wait til 2day night dear.",SAFE,sms_phishing_v1,english,Legitimate
SMS_01171,Thanks for understanding. I've been trying to tell sura that.,SAFE,sms_phishing_v1,english,Legitimate
SMS_01172,WIN a year supply of CDs 4 a store of ur choice worth å£500 & enter our å£100 Weekly draw txt MUSIC to 87066 Ts&Cs www.Ldew.com.subs16+1win150ppmx3,PHISHING,sms_phishing_v1,english,Spam
SMS_01173,The whole car appreciated the last two! Dad and are having a map reading semi argument but apart from that things are going ok. P.,SAFE,sms_phishing_v1,english,Legitimate
SMS_01174,"As a SIM subscriber, you are selected to receive a Bonus! Get it delivered to your door, Txt the word OK to No: 88600 to claim. 150p/msg, EXP. 30Apr",PHISHING,sms_phishing_v1,english,Phishing
SMS_01175,I need you to be in my strong arms...,SAFE,sms_phishing_v1,english,Legitimate
SMS_01176,Also maaaan are you missing out,SAFE,sms_phishing_v1,english,Legitimate
SMS_01177,His bday real is in april .,SAFE,sms_phishing_v1,english,Legitimate
SMS_01178,Guessin you ain't gonna be here before 9?,SAFE,sms_phishing_v1,english,Legitimate
SMS_01179,Ok then i will come to ur home after half an hour,SAFE,sms_phishing_v1,english,Legitimate
SMS_01180,"Yo, the game almost over? Want to go to walmart soon",SAFE,sms_phishing_v1,english,Legitimate
SMS_01181,"Yeah, probably but not sure. Ilol let u know, but personally I wuldnt bother, then again if ur goin to then I mite as well!!",SAFE,sms_phishing_v1,english,Legitimate
SMS_01182,I'll text now! All creepy like so he won't think that we forgot,SAFE,sms_phishing_v1,english,Legitimate
SMS_01183,"that would be good Û_ I'll phone you tomo lunchtime, shall I, to organise something?",SAFE,sms_phishing_v1,english,Legitimate
SMS_01184,You have 1 new voicemail. Please call 08719181513.,PHISHING,sms_phishing_v1,english,Spam
SMS_01185,"Damn, can you make it tonight or do you want to just wait til tomorrow",SAFE,sms_phishing_v1,english,Legitimate
SMS_01186,K..k..i'm also fine:)when will you complete the course?,SAFE,sms_phishing_v1,english,Legitimate
SMS_01187,"True. It is passable. And if you get a high score and apply for phd, you get 5years of salary. So it makes life easier.",SAFE,sms_phishing_v1,english,Legitimate
SMS_01188,No. 1 Nokia Tone 4 ur mob every week! Just txt NOK to 87021. 1st Tone FREE ! so get txtin now and tell ur friends. 150p/tone. 16 reply HL 4info,PHISHING,sms_phishing_v1,english,Spam
SMS_01189,Prakesh is there know.,SAFE,sms_phishing_v1,english,Legitimate
SMS_01190,Teach me apps da. When you come to college.,SAFE,sms_phishing_v1,english,Legitimate
SMS_01191,Rofl betta invest in some  anti aging products,SAFE,sms_phishing_v1,english,Legitimate
SMS_01192,"sir, you will receive the account no another 1hr time. Sorry for the delay.",SAFE,sms_phishing_v1,english,Legitimate
SMS_01193,Reply with your name and address and YOU WILL RECEIVE BY POST a weeks completely free accommodation at various global locations www.phb1.com ph:08700435505150p,PHISHING,sms_phishing_v1,english,Spam
SMS_01194,So Ì_'ll be submitting da project tmr rite?,SAFE,sms_phishing_v1,english,Legitimate
SMS_01195,FREE entry into our å£250 weekly comp just send the word ENTER to 84128 NOW. 18 T&C www.textcomp.com cust care 08712405020.,PHISHING,sms_phishing_v1,english,Spam
SMS_01196,Jus ans me lar. U'll noe later.,SAFE,sms_phishing_v1,english,Legitimate
SMS_01197,I want to send something that can sell fast.  &lt;#&gt; k is not easy money.,SAFE,sms_phishing_v1,english,Legitimate
SMS_01198,have got * few things to do. may be in * pub later.,SAFE,sms_phishing_v1,english,Legitimate
SMS_01199,1's finish meeting call me.,SAFE,sms_phishing_v1,english,Legitimate
SMS_01200,Lol ok. I'll snatch her purse too.,SAFE,sms_phishing_v1,english,Legitimate
SMS_01201,"\Hello-/@drivby-:0quit edrunk sorry iff pthis makes no senrd-dnot no how ^ dancce 2 drum n basq!ihave fun 2nhite x ros xxxxxxx\""""",SAFE,sms_phishing_v1,english,Legitimate
SMS_01202,How much are we getting?,SAFE,sms_phishing_v1,english,Legitimate
SMS_01203,Is ur paper in e morn or aft tmr?,SAFE,sms_phishing_v1,english,Legitimate
SMS_01204,"Dear relieved of westonzoyland, all going to plan this end too!",SAFE,sms_phishing_v1,english,Legitimate
SMS_01205,Hope you are having a great new semester. Do wish you the very best. You are made for greatness.,SAFE,sms_phishing_v1,english,Legitimate
SMS_01206,Oh yes I can speak txt 2 u no! Hmm. Did u get  email?,SAFE,sms_phishing_v1,english,Legitimate
SMS_01207,"I want to show you the world, princess :) how about europe?",SAFE,sms_phishing_v1,english,Legitimate
SMS_01208,Nobody can decide where to eat and dad wants Chinese,SAFE,sms_phishing_v1,english,Legitimate
SMS_01209,No shoot me. I'm in the docs waiting room. :/,SAFE,sms_phishing_v1,english,Legitimate
SMS_01210,Now? I'm going out 4 dinner soon..,SAFE,sms_phishing_v1,english,Legitimate
SMS_01211,Hello which the site to download songs its urgent pls,SAFE,sms_phishing_v1,english,Legitimate
SMS_01212,"I do know what u mean,  is the king of not havin credit! I'm goin2bed now. Night night sweet! Only1more sleep!",SAFE,sms_phishing_v1,english,Legitimate
SMS_01213,Horrible gal. Me in sch doing some stuff. How come u got mc?,SAFE,sms_phishing_v1,english,Legitimate
SMS_01214,"HI HUN! IM NOT COMIN 2NITE-TELL EVERY1 IM SORRY 4 ME, HOPE U AVA GOODTIME!OLI RANG MELNITE IFINK IT MITE B SORTED,BUT IL EXPLAIN EVERYTHIN ON MON.L8RS.x",SAFE,sms_phishing_v1,english,Legitimate
SMS_01215,Please CALL 08712402779 immediately as there is an urgent message waiting for you,PHISHING,sms_phishing_v1,english,Phishing
SMS_01216,Yeah like if it goes like it did with my friends imma flip my shit in like half an hour,SAFE,sms_phishing_v1,english,Legitimate
SMS_01217,Mum say we wan to go then go... Then she can shun bian watch da glass exhibition...,SAFE,sms_phishing_v1,english,Legitimate
SMS_01218,What your plan for pongal?,SAFE,sms_phishing_v1,english,Legitimate
SMS_01219,Just wait till end of march when el nino gets himself. Oh.,SAFE,sms_phishing_v1,english,Legitimate
SMS_01220,"Not yet chikku..going to room nw, i'm in bus..",SAFE,sms_phishing_v1,english,Legitimate
SMS_01221,Am also doing in cbe only. But have to pay.,SAFE,sms_phishing_v1,english,Legitimate
SMS_01222,Honey boo I'm missing u.,SAFE,sms_phishing_v1,english,Legitimate
SMS_01223,"We have sent JD for Customer Service cum Accounts Executive to ur mail id, For details contact us",SAFE,sms_phishing_v1,english,Legitimate
SMS_01224,"Yo, I'm at my parents' gettin cash. Good news: we picked up a downstem",SAFE,sms_phishing_v1,english,Legitimate
SMS_01225,"Thank you so much. When we skyped wit kz and sura, we didnt get the pleasure of your company. Hope you are good. We've given you ultimatum oh! We are countin down to aburo. Enjoy!",SAFE,sms_phishing_v1,english,Legitimate
SMS_01226,"Hungry gay guys feeling hungry and up 4 it, now. Call 08718730555 just 10p/min. To stop texts call 08712460324 (10p/min)",PHISHING,sms_phishing_v1,english,Spam
SMS_01227,Ok. No wahala. Just remember that a friend in need ...,SAFE,sms_phishing_v1,english,Legitimate
SMS_01228,I will see in half an hour,SAFE,sms_phishing_v1,english,Legitimate
SMS_01229,"Im in inperialmusic listening2the weirdest track ever byåÓleafcutter johnåÓ-sounds like insects being molested&someone plumbing,remixed by evil men on acid!",SAFE,sms_phishing_v1,english,Legitimate
SMS_01230,"\Hey sorry I didntgive ya a a bellearlier hunny just been in bedbut mite go 2 thepub l8tr if uwana mt up?loads a luv Jenxxx.\""""",SAFE,sms_phishing_v1,english,Legitimate
SMS_01231,SERIOUSLY. TELL HER THOSE EXACT WORDS RIGHT NOW.,SAFE,sms_phishing_v1,english,Legitimate
SMS_01232,Can U get 2 phone NOW? I wanna chat 2 set up meet Call me NOW on 09096102316 U can cum here 2moro Luv JANE xx Callså£1/minmoremobsEMSPOBox45PO139WA,PHISHING,sms_phishing_v1,english,Spam
SMS_01233,"Tee hee. Off to lecture, cheery bye bye.",SAFE,sms_phishing_v1,english,Legitimate
SMS_01234,"Sorry chikku, my cell got some problem thts y i was nt able to reply u or msg u..",SAFE,sms_phishing_v1,english,Legitimate
SMS_01235,If you still havent collected the dough pls let me know so i can go to the place i sent it to get the control number,SAFE,sms_phishing_v1,english,Legitimate
SMS_01236,Ok...,SAFE,sms_phishing_v1,english,Legitimate
SMS_01237,network operator. The service is free. For T & C's visit 80488.biz,PHISHING,sms_phishing_v1,english,Spam
SMS_01238,Let me know how to contact you. I've you settled in a room. Lets know you are ok.,SAFE,sms_phishing_v1,english,Legitimate
SMS_01239,Wot u up 2 u weirdo?,SAFE,sms_phishing_v1,english,Legitimate
SMS_01240,Can do lor...,SAFE,sms_phishing_v1,english,Legitimate
SMS_01241,Dont put your phone on silent mode ok,SAFE,sms_phishing_v1,english,Legitimate
SMS_01242,Can i meet Ì_ at 5.. As 4 where depends on where Ì_ wan 2 in lor..,SAFE,sms_phishing_v1,english,Legitimate
SMS_01243,Waiting 4 my tv show 2 start lor... U leh still busy doing ur report?,SAFE,sms_phishing_v1,english,Legitimate
SMS_01244,Oh ho. Is this the first time u use these type of words,SAFE,sms_phishing_v1,english,Legitimate
SMS_01245,Am I the only one who doesn't stalk profiles?,SAFE,sms_phishing_v1,english,Legitimate
SMS_01246,"Ever green quote ever told by Jerry in cartoon \A Person Who Irritates u Always Is the one Who Loves u Vry Much But Fails to Express It...!..!! :-) :-) gud nyt""",SAFE,sms_phishing_v1,english,Legitimate
SMS_01247,Yes i thought so. Thanks.,SAFE,sms_phishing_v1,english,Legitimate
SMS_01248,But if she.s drinkin i'm ok.,SAFE,sms_phishing_v1,english,Legitimate
SMS_01249,"Just wondering, the others just took off",SAFE,sms_phishing_v1,english,Legitimate
SMS_01250,"Night has ended for another day, morning has come in a special way. May you smile like the sunny rays and leaves your worries at the blue blue bay. Gud mrng",SAFE,sms_phishing_v1,english,Legitimate
SMS_01251,"What do you do, my dog ? Must I always wait till the end of your day to have word from you ? Did you run out of time on your cell already?",SAFE,sms_phishing_v1,english,Legitimate
SMS_01252,Happy new year to u too!,SAFE,sms_phishing_v1,english,Legitimate
SMS_01253,"Hey...Great deal...Farm tour 9am to 5pm $95/pax, $50 deposit by 16 May",SAFE,sms_phishing_v1,english,Legitimate
SMS_01254,Eat jap done oso aft ur lect wat... ÌÏ got lect at 12 rite...,SAFE,sms_phishing_v1,english,Legitimate
SMS_01255,"Hey babe! I saw you came online for a second and then you disappeared, what happened ?",SAFE,sms_phishing_v1,english,Legitimate
SMS_01256,Da my birthdate in certificate is in april but real date is today. But dont publish it. I shall give you a special treat if you keep the secret. Any way thanks for the wishes,SAFE,sms_phishing_v1,english,Legitimate
SMS_01257,Happy birthday... May all ur dreams come true...,SAFE,sms_phishing_v1,english,Legitimate
SMS_01258,Aiyah u did ok already lar. E nydc at wheellock?,SAFE,sms_phishing_v1,english,Legitimate
SMS_01259,TELL HER I SAID EAT SHIT.,SAFE,sms_phishing_v1,english,Legitimate
SMS_01260,Sure! I am driving but will reach my destination soon.,SAFE,sms_phishing_v1,english,Legitimate
SMS_01261,"K so am I, how much for an 8th? Fifty?",SAFE,sms_phishing_v1,english,Legitimate
SMS_01262,Your daily text from me ÛÒ a favour this time,SAFE,sms_phishing_v1,english,Legitimate
SMS_01263,Great to hear you are settling well. So what's happenin wit ola?,SAFE,sms_phishing_v1,english,Legitimate
SMS_01264,Those cocksuckers. If it makes you feel better ipads are worthless garbage novelty items and you should feel bad for even wanting one,SAFE,sms_phishing_v1,english,Legitimate
SMS_01265,I tot u reach liao. He said t-shirt.,SAFE,sms_phishing_v1,english,Legitimate
SMS_01266,"FRAN I DECIDED 2 GO N E WAY IM COMPLETELY BROKE AN KNACKERED I GOT UP BOUT 3 C U 2MRW LOVE JANX P.S THIS IS MY DADS FONE, -NO CREDIT",SAFE,sms_phishing_v1,english,Legitimate
SMS_01267,Your right! I'll make the appointment right now.,SAFE,sms_phishing_v1,english,Legitimate
SMS_01268,Designation is software developer and may be she get chennai:),SAFE,sms_phishing_v1,english,Legitimate
SMS_01269,Enjoy the jamster videosound gold club with your credits for 2 new videosounds+2 logos+musicnews! get more fun from jamster.co.uk! 16+only Help? call: 09701213186,PHISHING,sms_phishing_v1,english,Spam
SMS_01270,"Get 3 Lions England tone, reply lionm 4 mono or lionp 4 poly. 4 more go 2 www.ringtones.co.uk, the original n best. Tones 3GBP network operator rates apply",PHISHING,sms_phishing_v1,english,Spam
SMS_01271,I jokin oni lar.. ÌÏ busy then i wun disturb Ì_.,SAFE,sms_phishing_v1,english,Legitimate
SMS_01272,"Ok, be careful ! Don't text and drive !",SAFE,sms_phishing_v1,english,Legitimate
SMS_01273,"I.ll always be there, even if its just in spirit. I.ll get a bb soon. Just trying to be sure i need it.",SAFE,sms_phishing_v1,english,Legitimate
SMS_01274,U r too much close to my heart. If u go away i will be shattered. Plz stay with me.,SAFE,sms_phishing_v1,english,Legitimate
SMS_01275,I love u 2 babe! R u sure everything is alrite. Is he being an idiot? Txt bak girlie,SAFE,sms_phishing_v1,english,Legitimate
SMS_01276,How abt making some of the pics bigger?,SAFE,sms_phishing_v1,english,Legitimate
SMS_01277,Got but got 2 colours lor. One colour is quite light n e other is darker lor. Actually i'm done she's styling my hair now.,SAFE,sms_phishing_v1,english,Legitimate
SMS_01278,"Whenevr ur sad, Whenevr ur gray, Remembr im here 2 listn 2 watevr u wanna say, Jus walk wid me a little while,&amp; I promise I'll bring back ur smile.:-)",SAFE,sms_phishing_v1,english,Legitimate
SMS_01279,Why nothing. Ok anyway give me treat,SAFE,sms_phishing_v1,english,Legitimate
SMS_01280,"Win the newest ÛÏHarry Potter and the Order of the Phoenix (Book 5) reply HARRY, answer 5 questions - chance to be the first among readers!",PHISHING,sms_phishing_v1,english,Spam
SMS_01281,Correct. So how was work today,SAFE,sms_phishing_v1,english,Legitimate
SMS_01282,"Just sent again. Do you scream and moan in bed, princess?",SAFE,sms_phishing_v1,english,Legitimate
SMS_01283,"I wake up long ago already... Dunno, what other thing?",SAFE,sms_phishing_v1,english,Legitimate
SMS_01284,Oh just getting even with u.... u?,SAFE,sms_phishing_v1,english,Legitimate
SMS_01285,I thk 50 shd be ok he said plus minus 10.. Did Ì_ leave a line in between paragraphs?,SAFE,sms_phishing_v1,english,Legitimate
SMS_01286,Can you call me plz. Your number shows out of coveragd area. I have urgnt call in vasai &amp; have to reach before 4'o clock so call me plz,SAFE,sms_phishing_v1,english,Legitimate
SMS_01287,Yeah jay's sort of a fucking retard,SAFE,sms_phishing_v1,english,Legitimate
SMS_01288,"Sorry, was in the bathroom, sup",SAFE,sms_phishing_v1,english,Legitimate
SMS_01289,Ur balance is now å£500. Ur next question is: Who sang 'Uptown Girl' in the 80's ? 2 answer txt ur ANSWER to 83600. Good luck!,PHISHING,sms_phishing_v1,english,Spam
SMS_01290,My exam is for february 4. Wish you a great day.,SAFE,sms_phishing_v1,english,Legitimate
SMS_01291,I dont know what to do to come out of this so only am ask questions like this dont mistake me.,SAFE,sms_phishing_v1,english,Legitimate
SMS_01292,"Aight no rush, I'll ask jay",SAFE,sms_phishing_v1,english,Legitimate
SMS_01293,Good Morning plz call me sir,SAFE,sms_phishing_v1,english,Legitimate
SMS_01294,It's ok lar. U sleep early too... Nite...,SAFE,sms_phishing_v1,english,Legitimate
SMS_01295,"Oh... Icic... K lor, den meet other day...",SAFE,sms_phishing_v1,english,Legitimate
SMS_01296,"Oh ! A half hour is much longer in Syria than Canada, eh ? Wow you must get SO much more work done in a day than us with all that extra time ! *grins*",SAFE,sms_phishing_v1,english,Legitimate
SMS_01297,"Sometimes we put walls around our hearts,not just to be safe from getting hurt.. But to find out who cares enough to break the walls &amp; get closer.. GOODNOON:)",SAFE,sms_phishing_v1,english,Legitimate
SMS_01298,"Sweet, we may or may not go to 4U to meet carlos so gauge patty's interest in that",SAFE,sms_phishing_v1,english,Legitimate
SMS_01299,Then she buying today? ÌÏ no need to c meh...,SAFE,sms_phishing_v1,english,Legitimate
SMS_01300,Aight sorry I take ten years to shower. What's the plan?,SAFE,sms_phishing_v1,english,Legitimate
SMS_01301,Every monday..nxt week vl be completing..,SAFE,sms_phishing_v1,english,Legitimate
SMS_01302,Might ax well im there.,SAFE,sms_phishing_v1,english,Legitimate
SMS_01303,Just chill for another 6hrs. If you could sleep the pain is not a surgical emergency so see how it unfolds. Okay,SAFE,sms_phishing_v1,english,Legitimate
SMS_01304,Yeah I'll try to scrounge something up,SAFE,sms_phishing_v1,english,Legitimate
SMS_01305,Crazy ar he's married. ÌÏ like gd looking guys not me. My frens like say he's korean leona's fave but i dun thk he is. Aft some thinking mayb most prob i'll go.,SAFE,sms_phishing_v1,english,Legitimate
SMS_01306,Were somewhere on Fredericksburg,SAFE,sms_phishing_v1,english,Legitimate
SMS_01307,Que pases un buen tiempo or something like that,SAFE,sms_phishing_v1,english,Legitimate
SMS_01308,Is it ok if I stay the night here? Xavier has a sleeping bag and I'm getting tired,SAFE,sms_phishing_v1,english,Legitimate
SMS_01309,She doesnt need any test.,SAFE,sms_phishing_v1,english,Legitimate
SMS_01310,"Nothing much, chillin at home. Any super bowl plan?",SAFE,sms_phishing_v1,english,Legitimate
SMS_01311,"FREE2DAY sexy St George's Day pic of Jordan!Txt PIC to 89080 dont miss out, then every wk a saucy celeb!4 more pics c PocketBabe.co.uk 0870241182716 å£3/wk",PHISHING,sms_phishing_v1,english,Spam
SMS_01312,Bugis oso near wat...,SAFE,sms_phishing_v1,english,Legitimate
SMS_01313,Yo theres no class tmrw right?,SAFE,sms_phishing_v1,english,Legitimate
SMS_01314,Let Ur Heart Be Ur Compass Ur Mind Ur Map Ur Soul Ur Guide And U Will Never loose in world....gnun - Sent via WAY2SMS.COM,SAFE,sms_phishing_v1,english,Legitimate
SMS_01315,"Goodnight, sleep well da please take care pa. Please.",SAFE,sms_phishing_v1,english,Legitimate
SMS_01316,Baaaaabe! I misss youuuuu ! Where are you ? I have to go and teach my class at 5 ...,SAFE,sms_phishing_v1,english,Legitimate
SMS_01317,U ned to convince him tht its not possible witot hurting his feeling its the main,SAFE,sms_phishing_v1,english,Legitimate
SMS_01318,"Good afternoon loverboy ! How goes you day ? Any luck come your way? I think of you, sweetie and send my love across the sea to make you smile and happy",SAFE,sms_phishing_v1,english,Legitimate
SMS_01319,If i start sending blackberry torch to nigeria will you find buyer for me?like 4a month. And tell dad not to buy bb from anyone oh.,SAFE,sms_phishing_v1,english,Legitimate
SMS_01320,"&lt;#&gt; %of pple marry with their lovers... becz they hav gud undrstndng dat avoids problems. i sent dis 2 u, u wil get gud news on friday by d person you like. And tomorrow will be the best day of your life. Dont break this chain. If you break you will suffer. send this to  &lt;#&gt;  frnds in &lt;#&gt;  mins whn u read...",SAFE,sms_phishing_v1,english,Legitimate
SMS_01321,Yo dude guess who just got arrested the other day,SAFE,sms_phishing_v1,english,Legitimate
SMS_01322,Shuhui say change 2 suntec steamboat? U noe where? Where r u now?,SAFE,sms_phishing_v1,english,Legitimate
SMS_01323,What does the dance river do?,SAFE,sms_phishing_v1,english,Legitimate
SMS_01324,"Yetunde, i'm sorry but moji and i seem too busy to be able to go shopping. Can you just please find some other way to get what you wanted us to get. Please forgive me. You can reply free via yahoo messenger.",SAFE,sms_phishing_v1,english,Legitimate
SMS_01325,Hey i will be really pretty late... You want to go for the lesson first? I will join you. I'm only reaching tp mrt,SAFE,sms_phishing_v1,english,Legitimate
SMS_01326,"HOT LIVE FANTASIES call now 08707509020 Just 20p per min NTT Ltd, PO Box 1327 Croydon CR9 5WB 0870..k",PHISHING,sms_phishing_v1,english,Spam
SMS_01327,Bbq this sat at mine from 6ish. Ur welcome 2 come,SAFE,sms_phishing_v1,english,Legitimate
SMS_01328,"I don't know, same thing that's wrong everyso often, he panicks starts goin on bout not bein good enough Û_",SAFE,sms_phishing_v1,english,Legitimate
SMS_01329,Alright. I'm out--have a good night!,SAFE,sms_phishing_v1,english,Legitimate
SMS_01330,Did you try making another butt.,SAFE,sms_phishing_v1,english,Legitimate
SMS_01331,Hope you are feeling great. Pls fill me in. Abiola,SAFE,sms_phishing_v1,english,Legitimate
SMS_01332,I though we shd go out n have some fun so bar in town or something ÛÒ sound ok?,SAFE,sms_phishing_v1,english,Legitimate
SMS_01333,"1) Go to write msg 2) Put on Dictionary mode 3)Cover the screen with hand, 4)Press  &lt;#&gt; . 5)Gently remove Ur hand.. Its interesting..:)",SAFE,sms_phishing_v1,english,Legitimate
SMS_01334,"Bears Pic Nick, and Tom, Pete and ... Dick. In fact, all types try gay chat with photo upload call 08718730666 (10p/min). 2 stop texts call 08712460324",PHISHING,sms_phishing_v1,english,Spam
SMS_01335,"500 New Mobiles from 2004, MUST GO! Txt: NOKIA to No: 89545 & collect yours today!From ONLY å£1 www.4-tc.biz 2optout 087187262701.50gbp/mtmsg18 TXTAUCTION",PHISHING,sms_phishing_v1,english,Spam
SMS_01336,We're finally ready fyi,SAFE,sms_phishing_v1,english,Legitimate
SMS_01337,Auntie huai juan never pick up her phone,SAFE,sms_phishing_v1,english,Legitimate
SMS_01338,Double Mins & Double Txt & 1/2 price Linerental on Latest Orange Bluetooth mobiles. Call MobileUpd8 for the very latest offers. 08000839402 or call2optout/LF56,PHISHING,sms_phishing_v1,english,Spam
SMS_01339,"Ya tel, wats ur problem..",SAFE,sms_phishing_v1,english,Legitimate
SMS_01340,i dnt wnt to tlk wid u,SAFE,sms_phishing_v1,english,Legitimate
SMS_01341,"We spend our days waiting for the ideal path to appear in front of us.. But what we forget is.. \paths are made by walking.. not by waiting..\"" Goodnight!""",SAFE,sms_phishing_v1,english,Legitimate
SMS_01342,Its ok my arm is feeling weak cuz i got a shot so we can go another time,SAFE,sms_phishing_v1,english,Legitimate
SMS_01343,Please reserve ticket on saturday eve from chennai to thirunelvali and again from tirunelvali to chennai on sunday eve...i already see in net..no ticket available..i want to book ticket through tackle ..,SAFE,sms_phishing_v1,english,Legitimate
SMS_01344,"Storming msg: Wen u lift d phne, u say \HELLO\"" Do u knw wt is d real meaning of HELLO?? . . . It's d name of a girl..! . . . Yes.. And u knw who is dat girl?? \""Margaret Hello\"" She is d girlfrnd f Grahmbell who invnted telphone... . . . . Moral:One can 4get d name of a person",SAFE,sms_phishing_v1,english,Legitimate
SMS_01345,That's ok. I popped in to ask bout something and she said you'd been in. Are you around tonght wen this girl comes?,SAFE,sms_phishing_v1,english,Legitimate
SMS_01346,All e best 4 ur exam later.,SAFE,sms_phishing_v1,english,Legitimate
SMS_01347,Hope ur head doesn't hurt 2 much ! Am ploughing my way through a pile of ironing ! Staying in with a chinky tonight come round if you like.,SAFE,sms_phishing_v1,english,Legitimate
SMS_01348,Oh k.i think most of wi and nz players unsold.,SAFE,sms_phishing_v1,english,Legitimate
SMS_01349,"Haha... Where got so fast lose weight, thk muz go 4 a month den got effect... Gee,later we go aust put bk e weight.",SAFE,sms_phishing_v1,english,Legitimate
SMS_01350,"I wonder how you got online, my love ? Had you gone to the net cafe ? Did you get your phone recharged ? Were you on a friends net ? I think of you, boytoy",SAFE,sms_phishing_v1,english,Legitimate
SMS_01351,"Haha just kidding, papa needs drugs",SAFE,sms_phishing_v1,english,Legitimate
SMS_01352,"Thk shld b can... Ya, i wana go 4 lessons... Haha, can go for one whole stretch...",SAFE,sms_phishing_v1,english,Legitimate
SMS_01353,Oh ok..,SAFE,sms_phishing_v1,english,Legitimate
SMS_01354,R we still meeting 4 dinner tonight?,SAFE,sms_phishing_v1,english,Legitimate
SMS_01355,Thats cool! I am a gentleman and will treat you with dignity and respect.,SAFE,sms_phishing_v1,english,Legitimate
SMS_01356,Shall i start from hear.,SAFE,sms_phishing_v1,english,Legitimate
SMS_01357,Then we wait 4 u lor... No need 2 feel bad lar...,SAFE,sms_phishing_v1,english,Legitimate
SMS_01358,No did you check? I got his detailed message now,SAFE,sms_phishing_v1,english,Legitimate
SMS_01359,You have registered Sinco as Payee. Log in at icicibank.com and enter URN  &lt;#&gt;  to confirm. Beware of frauds. Do NOT share or disclose URN to anyone.,SAFE,sms_phishing_v1,english,Legitimate
SMS_01360,"No, I decided that only people who care about stuff vote and caring about stuff is for losers",SAFE,sms_phishing_v1,english,Legitimate
SMS_01361,Kaiez... Enjoy ur tuition... Gee... Thk e second option sounds beta... I'll go yan jiu den msg u...,SAFE,sms_phishing_v1,english,Legitimate
SMS_01362,cool. We will have fun practicing making babies!,SAFE,sms_phishing_v1,english,Legitimate
SMS_01363,Actually getting ready to leave the house.,SAFE,sms_phishing_v1,english,Legitimate
SMS_01364,K..k..any special today?,SAFE,sms_phishing_v1,english,Legitimate
SMS_01365,"URGENT, IMPORTANT INFORMATION FOR O2 USER. TODAY IS YOUR LUCKY DAY! 2 FIND OUT WHY LOG ONTO HTTP://WWW.URAWINNER.COM THERE IS A FANTASTIC SURPRISE AWAITING FOR YOU",PHISHING,sms_phishing_v1,english,Phishing
SMS_01366,Then we gotta do it after that,SAFE,sms_phishing_v1,english,Legitimate
SMS_01367,"I've got ten bucks, jay is being noncomittal",SAFE,sms_phishing_v1,english,Legitimate
SMS_01368,Where at were hungry too,SAFE,sms_phishing_v1,english,Legitimate
SMS_01369,Pls speak to that customer machan.,SAFE,sms_phishing_v1,english,Legitimate
SMS_01370,somewhere out there beneath the pale moon light someone think in of u some where out there where dreams come true... goodnite &amp; sweet dreams,SAFE,sms_phishing_v1,english,Legitimate
SMS_01371,Dear U've been invited to XCHAT. This is our final attempt to contact u! Txt CHAT to 86688 150p/MsgrcvdHG/Suite342/2Lands/Row/W1J6HL LDN 18 yrs,PHISHING,sms_phishing_v1,english,Spam
SMS_01372,So wats ur opinion abt him and how abt is character?,SAFE,sms_phishing_v1,english,Legitimate
SMS_01373,Jay is snickering and tells me that x is totally fucking up the chords as we speak,SAFE,sms_phishing_v1,english,Legitimate
SMS_01374,No..few hours before.went to hair cut .,SAFE,sms_phishing_v1,english,Legitimate
SMS_01375,No wonder... Cos i dun rem seeing a silver car... But i thk i saw a black one...,SAFE,sms_phishing_v1,english,Legitimate
SMS_01376,Lmao. Take a pic and send it to me.,SAFE,sms_phishing_v1,english,Legitimate
SMS_01377,"\Speak only when you feel your words are better than the silence...\"" Gud mrng:-)""",SAFE,sms_phishing_v1,english,Legitimate
SMS_01378,No. She's currently in scotland for that.,SAFE,sms_phishing_v1,english,Legitimate
SMS_01379,Do you work all this week ?,SAFE,sms_phishing_v1,english,Legitimate
SMS_01380,Congratulations ur awarded either å£500 of CD gift vouchers & Free entry 2 our å£100 weekly draw txt MUSIC to 87066 TnCs www.Ldew.com 1 win150ppmx3age16,PHISHING,sms_phishing_v1,english,Spam
SMS_01381,Lol great now im getting hungry.,SAFE,sms_phishing_v1,english,Legitimate
SMS_01382,Yes.. now only saw your message..,SAFE,sms_phishing_v1,english,Legitimate
SMS_01383,I'll be at mu in like  &lt;#&gt;  seconds,SAFE,sms_phishing_v1,english,Legitimate
SMS_01384,THING R GOOD THANX GOT EXAMS IN MARCH IVE DONE NO REVISION? IS FRAN STILL WITH BOYF? IVE GOTTA INTERVIW 4 EXETER BIT WORRIED!x,SAFE,sms_phishing_v1,english,Legitimate
SMS_01385,"Tell you what, if you make a little spreadsheet and track whose idea it was to smoke to determine who \smokes too much\"" for the entire month of february",SAFE,sms_phishing_v1,english,Legitimate
SMS_01386,For sale - arsenal dartboard. Good condition but no doubles or trebles!,PHISHING,sms_phishing_v1,english,Spam
SMS_01387,Don't look back at the building because you have no coat and i don't want you to get more sick. Just hurry home and wear a coat to the gym!!!,SAFE,sms_phishing_v1,english,Legitimate
SMS_01388,"My painful personal thought- \I always try to keep everybody happy all the time. But nobody recognises me when i am alone\""""",SAFE,sms_phishing_v1,english,Legitimate
SMS_01389,Thanks for ve lovely wisheds. You rock,SAFE,sms_phishing_v1,english,Legitimate
SMS_01390,You intrepid duo you! Have a great time and see you both soon.,SAFE,sms_phishing_v1,english,Legitimate
SMS_01391,I asked sen to come chennai and search for job.,SAFE,sms_phishing_v1,english,Legitimate
SMS_01392,Dad went out oredi...,SAFE,sms_phishing_v1,english,Legitimate
SMS_01393,"I jus hope its true that  missin me cos i'm really missin him! You haven't done anything to feel guilty about, yet.",SAFE,sms_phishing_v1,english,Legitimate
SMS_01394,Wat so late still early mah. Or we juz go 4 dinner lor. Aiya i dunno...,SAFE,sms_phishing_v1,english,Legitimate
SMS_01395,"Arms fine, how's Cardiff and uni?",SAFE,sms_phishing_v1,english,Legitimate
SMS_01396,In fact when do you leave? I think addie goes back to school tues or wed,SAFE,sms_phishing_v1,english,Legitimate
SMS_01397,"Cool breeze... Bright sun... Fresh flower... Twittering birds... All these waiting to wish u: \GOODMORNING &amp; HAVE A NICE DAY\"" :)""",SAFE,sms_phishing_v1,english,Legitimate
SMS_01398,Ya:)going for restaurant..,SAFE,sms_phishing_v1,english,Legitimate
SMS_01399,"Its ok., i just askd did u knw tht no?",SAFE,sms_phishing_v1,english,Legitimate
SMS_01400,Free 1st week entry 2 TEXTPOD 4 a chance 2 win 40GB iPod or å£250 cash every wk. Txt POD to 84128 Ts&Cs www.textpod.net custcare 08712405020.,PHISHING,sms_phishing_v1,english,Spam
SMS_01401,Those ducking chinchillas,SAFE,sms_phishing_v1,english,Legitimate
SMS_01402,I am in a marriage function,SAFE,sms_phishing_v1,english,Legitimate
SMS_01403,Looks like u wil b getting a headstart im leaving here bout 2.30ish but if u r desperate for my company I could head in earlier-we were goin to meet in rummer.,SAFE,sms_phishing_v1,english,Legitimate
SMS_01404,DonÛ÷t give a flying monkeys wot they think and I certainly donÛ÷t mind. Any friend of mine and all that!,SAFE,sms_phishing_v1,english,Legitimate
SMS_01405,As a registered optin subscriber ur draw 4 å£100 gift voucher will be entered on receipt of a correct ans to 80062 Whats No1 in the BBC charts,PHISHING,sms_phishing_v1,english,Spam
SMS_01406,say thanks2.,SAFE,sms_phishing_v1,english,Legitimate
SMS_01407,Msg me when rajini comes.,SAFE,sms_phishing_v1,english,Legitimate
SMS_01408,Ya! when are Ì_ taking ure practical lessons? I start in june..,SAFE,sms_phishing_v1,english,Legitimate
SMS_01409,"That's good, because I need drugs",SAFE,sms_phishing_v1,english,Legitimate
SMS_01410,Stupid.its not possible,SAFE,sms_phishing_v1,english,Legitimate
SMS_01411,Can Ì_ all decide faster cos my sis going home liao..,SAFE,sms_phishing_v1,english,Legitimate
SMS_01412,Summers finally here! Fancy a chat or flirt with sexy singles in yr area? To get MATCHED up just reply SUMMER now. Free 2 Join. OptOut txt STOP Help08714742804,PHISHING,sms_phishing_v1,english,Spam
SMS_01413,U sleeping now.. Or you going to take? Haha.. I got spys wat.. Me online checking n replying mails lor..,SAFE,sms_phishing_v1,english,Legitimate
SMS_01414,CLAIRE here am havin borin time & am now alone U wanna cum over 2nite? Chat now 09099725823 hope 2 C U Luv CLAIRE xx Callså£1/minmoremobsEMSPOBox45PO139WA,PHISHING,sms_phishing_v1,english,Spam
SMS_01415,Bought one ringtone and now getting texts costing 3 pound offering more tones etc,PHISHING,sms_phishing_v1,english,Spam
SMS_01416,"Yalru lyfu astne chikku.. Bt innu mundhe lyf ali halla ke bilo (marriage)program edhae, so lyf is nt yet ovr chikku..ali vargu lyfu meow meow:-D",SAFE,sms_phishing_v1,english,Legitimate
SMS_01417,Kinda. First one gets in at twelve! Aah. Speak tomo,SAFE,sms_phishing_v1,english,Legitimate
SMS_01418,"09066362231 URGENT! Your mobile No 07xxxxxxxxx won a å£2,000 bonus caller prize on 02/06/03! this is the 2nd attempt to reach YOU! call 09066362231 ASAP!",PHISHING,sms_phishing_v1,english,Phishing
SMS_01419,Ok good then i later come find Ì_... C lucky i told Ì_ to go earlier... Later pple take finish Ì_ no more again...,SAFE,sms_phishing_v1,english,Legitimate
SMS_01420,Wat makes u thk i'll fall down. But actually i thk i'm quite prone 2 falls. Lucky my dad at home i ask him come n fetch me already.,SAFE,sms_phishing_v1,english,Legitimate
SMS_01421,"YOU 07801543489 are guaranteed the latests Nokia Phone, a 40GB iPod MP3 player or a å£500 prize! Txt word:COLLECT to No:83355! TC-LLC NY-USA 150p/Mt msgrcvd18+",PHISHING,sms_phishing_v1,english,Phishing
SMS_01422,I wont touch you with out your permission.,SAFE,sms_phishing_v1,english,Legitimate
SMS_01423,Hi its LUCY Hubby at meetins all day Fri & I will B alone at hotel U fancy cumin over? Pls leave msg 2day 09099726395 Lucy x Callså£1/minMobsmoreLKPOBOX177HP51FL,PHISHING,sms_phishing_v1,english,Spam
SMS_01424,"7 wonders in My WORLD 7th You 6th Ur style 5th Ur smile 4th Ur Personality 3rd Ur Nature 2nd Ur SMS and 1st \Ur Lovely Friendship\""... good morning dear""",SAFE,sms_phishing_v1,english,Legitimate
SMS_01425,Take some small dose tablet for fever,SAFE,sms_phishing_v1,english,Legitimate
SMS_01426,Oh. U must have taken your REAL Valentine out shopping first.,SAFE,sms_phishing_v1,english,Legitimate
SMS_01427,"Just sent you an email ÛÒ to an address with incomm in it, is that right?",SAFE,sms_phishing_v1,english,Legitimate
SMS_01428,"Will do, you gonna be at blake's all night? I might be able to get out of here a little early",SAFE,sms_phishing_v1,english,Legitimate
SMS_01429,"Friendship is not a game to play, It is not a word to say, It doesn\'t start on March and ends on May, It is tomorrow, yesterday, today and e",SAFE,sms_phishing_v1,english,Legitimate
SMS_01430,"Nice. Wait...should you be texting right now? I'm not gonna pay your ticket, ya know!",SAFE,sms_phishing_v1,english,Legitimate
SMS_01431,I'm watching lotr w my sis dis aft. So u wan 2 meet me 4 dinner at nite a not?,SAFE,sms_phishing_v1,english,Legitimate
SMS_01432,Why you keeping me away like this,SAFE,sms_phishing_v1,english,Legitimate
SMS_01433,I think its far more than that but find out. Check google maps for a place from your dorm.,SAFE,sms_phishing_v1,english,Legitimate
SMS_01434,My trip was ok but quite tiring lor. Uni starts today but it's ok 4 me cos i'm not taking any modules but jus concentrating on my final yr project.,SAFE,sms_phishing_v1,english,Legitimate
SMS_01435,Have you always been saying welp?,SAFE,sms_phishing_v1,english,Legitimate
SMS_01436,"I'm a guy, browsin is compulsory",SAFE,sms_phishing_v1,english,Legitimate
SMS_01437,Purity of friendship between two is not about smiling after reading the forwarded message..Its about smiling just by seeing the name. Gud evng musthu,SAFE,sms_phishing_v1,english,Legitimate
SMS_01438,"(I should add that I don't really care and if you can't I can at least get this dude to fuck off but hey, your money if you want it)",SAFE,sms_phishing_v1,english,Legitimate
SMS_01439,"Hello lover! How goes that new job? Are you there now? Are you happy? Do you think of me? I wake, my slave and send you a teasing kiss from across the sea",SAFE,sms_phishing_v1,english,Legitimate
SMS_01440,I told your number to gautham..,SAFE,sms_phishing_v1,english,Legitimate
SMS_01441,Tell them no need to investigate about me anywhere.,SAFE,sms_phishing_v1,english,Legitimate
SMS_01442,Ok i juz receive..,SAFE,sms_phishing_v1,english,Legitimate
SMS_01443,"Cant believe i said so many things to you this morning when all i really wanted to say was good morning, i love you! Have a beautiful morning. See you in the library later.",SAFE,sms_phishing_v1,english,Legitimate
SMS_01444,"Your account has been credited with 500 FREE Text Messages. To activate, just txt the word: CREDIT to No: 80488 T&Cs www.80488.biz",PHISHING,sms_phishing_v1,english,Phishing
SMS_01445,In the end she might still vomit but its okay. Not everything will come out.,SAFE,sms_phishing_v1,english,Legitimate
SMS_01446,How are you with moneY...as in to you...money aint a thing....how are you sha!,SAFE,sms_phishing_v1,english,Legitimate
SMS_01447,It has everything to do with the weather. Keep extra warm. Its a cold but nothing serious. Pls lots of vitamin c,SAFE,sms_phishing_v1,english,Legitimate
SMS_01448,Hey gals.. Anyone of u going down to e driving centre tmr?,SAFE,sms_phishing_v1,english,Legitimate
SMS_01449,I'm always on yahoo messenger now. Just send the message to me and i.ll get it you may have to send it in the mobile mode sha but i.ll get it. And will reply.,SAFE,sms_phishing_v1,english,Legitimate
SMS_01450,I'm putting it on now. It should be ready for  &lt;TIME&gt;,SAFE,sms_phishing_v1,english,Legitimate
SMS_01451,"Time n Smile r the two crucial things in our life. Sometimes time makes us to forget smile, and sometimes someone's smile makes us to forget time gud noon",SAFE,sms_phishing_v1,english,Legitimate
SMS_01452,"SMS. ac JSco: Energy is high, but u may not know where 2channel it. 2day ur leadership skills r strong. Psychic? Reply ANS w/question. End? Reply END JSCO",PHISHING,sms_phishing_v1,english,Spam
SMS_01453,Host-based IDPS for linux systems.,SAFE,sms_phishing_v1,english,Legitimate
SMS_01454,"HOT LIVE FANTASIES call now 08707509020 Just 20p per min NTT Ltd, PO Box 1327 Croydon CR9 5WB 0870 is a national rate call",PHISHING,sms_phishing_v1,english,Spam
SMS_01455,Don no da:)whats you plan?,SAFE,sms_phishing_v1,english,Legitimate
SMS_01456,Ill be there on  &lt;#&gt;  ok.,SAFE,sms_phishing_v1,english,Legitimate
SMS_01457,Oh my God. I'm almost home,SAFE,sms_phishing_v1,english,Legitimate
SMS_01458,Total video converter free download type this in google search:),SAFE,sms_phishing_v1,english,Legitimate
SMS_01459,Thanks for the Vote. Now sing along with the stars with Karaoke on your mobile. For a FREE link just reply with SING now.,PHISHING,sms_phishing_v1,english,Phishing
SMS_01460,Sounds like something that someone testing me would sayy,SAFE,sms_phishing_v1,english,Legitimate
SMS_01461,When u love someone Dont make them to love u as much as u do. But Love them so much that they dont want to be loved by anyone except you... Gud nit.,SAFE,sms_phishing_v1,english,Legitimate
SMS_01462,"Pete,is this your phone still? Its Jenny from college and Leanne.what are you up to now?:)",SAFE,sms_phishing_v1,english,Legitimate
SMS_01463,Oops sorry. Just to check that you don't mind picking me up tomo at half eight from station. Would that be ok?,SAFE,sms_phishing_v1,english,Legitimate
SMS_01464,"Hey sweet, I was wondering when you had a moment if you might come to me ? I want to send a file to someone but it won't go over yahoo for them because their connection sucks, remember when you set up that page for me to go to and download the format disc ? Could you tell me how to do that ? Or do you know some other way to download big files ? Because they can download stuff directly from the internet. Any help would be great, my prey ... *teasing kiss*",SAFE,sms_phishing_v1,english,Legitimate
SMS_01465,Hows the champ just leaving glasgow!,SAFE,sms_phishing_v1,english,Legitimate
SMS_01466,K:)all the best:)congrats...,SAFE,sms_phishing_v1,english,Legitimate
SMS_01467,I wonder if you'll get this text?,SAFE,sms_phishing_v1,english,Legitimate
SMS_01468,I need to come home and give you some good lovin...,SAFE,sms_phishing_v1,english,Legitimate
SMS_01469,Our brand new mobile music service is now live. The free music player will arrive shortly. Just install on your phone to browse content from the top artists.,PHISHING,sms_phishing_v1,english,Spam
SMS_01470,Shall i ask one thing if you dont mistake me.,SAFE,sms_phishing_v1,english,Legitimate
SMS_01471,Check wid corect speling i.e. Sarcasm,SAFE,sms_phishing_v1,english,Legitimate
SMS_01472,"URGENT! Your Mobile No was awarded a å£2,000 Bonus Caller Prize on 1/08/03! This is our 2nd attempt to contact YOU! Call 0871-4719-523 BOX95QU BT National Rate",PHISHING,sms_phishing_v1,english,Phishing
SMS_01473,Are you angry with me. What happen dear,SAFE,sms_phishing_v1,english,Legitimate
SMS_01474,I thk u dun haf 2 hint in e forum already lor... Cos i told ron n darren is going 2 tell shuhui.,SAFE,sms_phishing_v1,english,Legitimate
SMS_01475,Yup ok thanx...,SAFE,sms_phishing_v1,english,Legitimate
SMS_01476,Hi:)cts employee how are you?,SAFE,sms_phishing_v1,english,Legitimate
SMS_01477,Pls pls find out from aunt nike.,SAFE,sms_phishing_v1,english,Legitimate
SMS_01478,"Wow ... I love you sooo much, you know ? I can barely stand it ! I wonder how your day goes and if you are well, my love ... I think of you and miss you",SAFE,sms_phishing_v1,english,Legitimate
SMS_01479,No screaming means shouting..,SAFE,sms_phishing_v1,english,Legitimate
SMS_01480,Hey what happen de. Are you alright.,SAFE,sms_phishing_v1,english,Legitimate
SMS_01481,Should I have picked up a receipt or something earlier,SAFE,sms_phishing_v1,english,Legitimate
SMS_01482,I think chennai well settled?,SAFE,sms_phishing_v1,english,Legitimate
SMS_01483,Oh dang! I didn't mean o send that to you! Lol!,SAFE,sms_phishing_v1,english,Legitimate
SMS_01484,Unfortunately i've just found out that we have to pick my sister up from the airport that evening so don't think i'll be going out at all. We should try to go out one of th,SAFE,sms_phishing_v1,english,Legitimate
SMS_01485,Horrible bf... I now v hungry...,SAFE,sms_phishing_v1,english,Legitimate
SMS_01486,Remember on that day..,SAFE,sms_phishing_v1,english,Legitimate
SMS_01487,You have won a Nokia 7250i. This is what you get when you win our FREE auction. To take part send Nokia to 86021 now. HG/Suite342/2Lands Row/W1JHL 16+,PHISHING,sms_phishing_v1,english,Spam
SMS_01488,How's it feel? Mr. Your not my real Valentine just my yo Valentine even tho u hardly play!!,SAFE,sms_phishing_v1,english,Legitimate
SMS_01489,All sounds good. Fingers . Makes it difficult to type,SAFE,sms_phishing_v1,english,Legitimate
SMS_01490,Midnight at the earliest,SAFE,sms_phishing_v1,english,Legitimate
SMS_01491,You're not sure that I'm not trying to make xavier smoke because I don't want to smoke after being told I smoke too much?,SAFE,sms_phishing_v1,english,Legitimate
SMS_01492,K come to nordstrom when you're done,SAFE,sms_phishing_v1,english,Legitimate
SMS_01493,Do u konw waht is rael FRIENDSHIP Im gving yuo an exmpel: Jsut ese tihs msg.. Evrey splleing of tihs msg is wrnog.. Bt sitll yuo can raed it wihtuot ayn mitsake.. GOODNIGHT &amp; HAVE A NICE SLEEP..SWEET DREAMS..,SAFE,sms_phishing_v1,english,Legitimate
SMS_01494,Now press conference da:),SAFE,sms_phishing_v1,english,Legitimate
SMS_01495,"Hello from Orange. For 1 month's free access to games, news and sport, plus 10 free texts and 20 photo messages, reply YES. Terms apply: www.orange.co.uk/ow",PHISHING,sms_phishing_v1,english,Spam
SMS_01496,After completed degree. There is no use in joining finance.,SAFE,sms_phishing_v1,english,Legitimate
SMS_01497,"Good afternoon, my love ! Any job prospects ? Are you missing me ? What do you do ? Are you being lazy and bleak, hmmm ? Or happy and filled with my love ?",SAFE,sms_phishing_v1,english,Legitimate
SMS_01498,Shant disturb u anymore... Jia you...,SAFE,sms_phishing_v1,english,Legitimate
SMS_01499,Bishan lar nearer... No need buy so early cos if buy now i gotta park my car...,SAFE,sms_phishing_v1,english,Legitimate
SMS_01500,"Me, i dont know again oh",SAFE,sms_phishing_v1,english,Legitimate
SMS_01501,Dude sux for snake. He got old and raiden got buff,SAFE,sms_phishing_v1,english,Legitimate
SMS_01502,He says hi and to get your ass back to south tampa (preferably at a kegger),SAFE,sms_phishing_v1,english,Legitimate
SMS_01503,In e msg jus now. U said thanks for gift.,SAFE,sms_phishing_v1,english,Legitimate
SMS_01504,U too...,SAFE,sms_phishing_v1,english,Legitimate
SMS_01505,Ok how you dear. Did you call chechi,SAFE,sms_phishing_v1,english,Legitimate
SMS_01506,Yeah we do totes. When u wanna?,SAFE,sms_phishing_v1,english,Legitimate
SMS_01507,Ok i found dis pierre cardin one which looks normal costs 20 its on sale.,SAFE,sms_phishing_v1,english,Legitimate
SMS_01508,Good sleep is about rhythm. The person has to establish a rhythm that the body will learn and use. If you want to know more :-),SAFE,sms_phishing_v1,english,Legitimate
SMS_01509,Wat r u doing?,SAFE,sms_phishing_v1,english,Legitimate
SMS_01510,Message from . I am at Truro Hospital on ext. You can phone me here. as I have a phone by my side,SAFE,sms_phishing_v1,english,Legitimate
SMS_01511,"Single line with a big meaning::::: \Miss anything 4 ur \""Best Life\"" but  don't miss ur best life for anything... Gud nyt...""",SAFE,sms_phishing_v1,english,Legitimate
SMS_01512,"Just got some gas money, any chance you and the gang want to go on a grand nature adventure?",SAFE,sms_phishing_v1,english,Legitimate
SMS_01513,Dnt worry...use ice pieces in a cloth pack.also take 2 tablets.,SAFE,sms_phishing_v1,english,Legitimate
SMS_01514,Dude just saw a parked car with its sunroof popped up. Sux,SAFE,sms_phishing_v1,english,Legitimate
SMS_01515,Get ready to put on your excellent sub face :),SAFE,sms_phishing_v1,english,Legitimate
SMS_01516,Tmrw. Im finishing 9 doors,SAFE,sms_phishing_v1,english,Legitimate
SMS_01517,"The  &lt;#&gt; g that i saw a few days ago, the guy wants sell wifi only for  &lt;#&gt;  and with 3g for  &lt;#&gt; . That's why i blanked him.",SAFE,sms_phishing_v1,english,Legitimate
SMS_01518,I am late. I will be there at,SAFE,sms_phishing_v1,english,Legitimate
SMS_01519,"whatever, im pretty pissed off.",SAFE,sms_phishing_v1,english,Legitimate
SMS_01520,I dont have that much image in class.,SAFE,sms_phishing_v1,english,Legitimate
SMS_01521,No:-)i got rumour that you going to buy apartment in chennai:-),SAFE,sms_phishing_v1,english,Legitimate
SMS_01522,Near kalainar tv office.thenampet,SAFE,sms_phishing_v1,english,Legitimate
SMS_01523,Ur cash-balance is currently 500 pounds - to maximize ur cash-in now send GO to 86688 only 150p/msg. CC 08718720201 HG/Suite342/2Lands Row/W1J6HL,PHISHING,sms_phishing_v1,english,Spam
SMS_01524,SMS AUCTION - A BRAND NEW Nokia 7250 is up 4 auction today! Auction is FREE 2 join & take part! Txt NOKIA to 86021 now! HG/Suite342/2Lands Row/W1J6HL,PHISHING,sms_phishing_v1,english,Spam
SMS_01525,My sis is catching e show in e afternoon so i'm not watching w her. So c u wan 2 watch today or tmr lor.,SAFE,sms_phishing_v1,english,Legitimate
SMS_01526,"Sounds gd... Haha... Can... Wah, u yan jiu so fast liao...",SAFE,sms_phishing_v1,english,Legitimate
SMS_01527,No. To be nosy I guess. Idk am I over reacting if I'm freaked?,SAFE,sms_phishing_v1,english,Legitimate
SMS_01528,"Remember all those whom i hurt during days of satanic imposter in me.need to pay a price,so be it.may destiny keep me going and as u said pray that i get the mind to get over the same.",SAFE,sms_phishing_v1,english,Legitimate
SMS_01529,How to Make a girl Happy? It's not at all difficult to make girls happy. U only need to be... 1. A friend 2. Companion 3. Lover 4. Chef . . .  &lt;#&gt; . Good listener  &lt;#&gt; . Organizer  &lt;#&gt; . Good boyfriend  &lt;#&gt; . Very clean  &lt;#&gt; . Sympathetic  &lt;#&gt; . Athletic  &lt;#&gt; . Warm . . .  &lt;#&gt; . Courageous  &lt;#&gt; . Determined  &lt;#&gt; . True  &lt;#&gt; . Dependable  &lt;#&gt; . Intelligent . . .  &lt;#&gt; . Psychologist  &lt;#&gt; . Pest exterminator  &lt;#&gt; . Psychiatrist  &lt;#&gt; . Healer . .  &lt;#&gt; . Stylist  &lt;#&gt; . Driver . . Aaniye pudunga venaam..,SAFE,sms_phishing_v1,english,Legitimate
SMS_01530,"Why is that, princess? I bet the brothas are all chasing you!",SAFE,sms_phishing_v1,english,Legitimate
SMS_01531,"I shall book chez jules for half eight, if that's ok with you?",SAFE,sms_phishing_v1,english,Legitimate
SMS_01532,Hhahhaahahah rofl wtf nig was leonardo in your room or something,SAFE,sms_phishing_v1,english,Legitimate
SMS_01533,"Yep, at derek's house now, see you Sunday &lt;3",SAFE,sms_phishing_v1,english,Legitimate
SMS_01534,"It's cool, let me know before it kicks off around  &lt;#&gt; , I'll be out and about all day",SAFE,sms_phishing_v1,english,Legitimate
SMS_01535,I was wondering if it would be okay for you to call uncle john and let him know that things are not the same in nigeria as they r here. That  &lt;#&gt;  dollars is 2years sent and that you know its a strain but i plan to pay back every dime he gives. Every dime so for me to expect anything from you is not practical. Something like that.,SAFE,sms_phishing_v1,english,Legitimate
SMS_01536,There are no other charges after transfer charges and you can withdraw anyhow you like,SAFE,sms_phishing_v1,english,Legitimate
SMS_01537,"Dont search love, let love find U. Thats why its called falling in love, bcoz U dont force yourself, U just fall and U know there is smeone to hold U... BSLVYL",SAFE,sms_phishing_v1,english,Legitimate
SMS_01538,At 4. Let's go to bill millers,SAFE,sms_phishing_v1,english,Legitimate
SMS_01539,I love you. You set my soul on fire. It is not just a spark. But it is a flame. A big rawring flame. XoXo,SAFE,sms_phishing_v1,english,Legitimate
SMS_01540,"Somewhr someone is surely made 4 u. And God has decided a perfect time to make u meet dat person. . . . till den, . . . . . Enjoy ur crushes..!!!;-)",SAFE,sms_phishing_v1,english,Legitimate
SMS_01541,That's my honeymoon outfit. :),SAFE,sms_phishing_v1,english,Legitimate
SMS_01542,Will it help if we propose going back again tomorrow,SAFE,sms_phishing_v1,english,Legitimate
SMS_01543,PRIVATE! Your 2003 Account Statement for shows 800 un-redeemed S. I. M. points. Call 08719899230 Identifier Code: 41685 Expires 07/11/04,PHISHING,sms_phishing_v1,english,Phishing
SMS_01544,Never blame a day in ur life. Good days give u happiness. Bad days give u experience. Both are essential in life! All are Gods blessings! good morning.:,SAFE,sms_phishing_v1,english,Legitimate
SMS_01545,Pls confirm the time to collect the cheque.,SAFE,sms_phishing_v1,english,Legitimate
SMS_01546,As a Registered Subscriber yr draw 4 a å£100 gift voucher will b entered on receipt of a correct ans. When are the next olympics. Txt ans to 80062,PHISHING,sms_phishing_v1,english,Spam
SMS_01547,URGENT! Your Mobile number has been awarded with a å£2000 prize GUARANTEED. Call 09061790121 from land line. Claim 3030. Valid 12hrs only 150ppm,PHISHING,sms_phishing_v1,english,Phishing
SMS_01548,Daddy will take good care of you :),SAFE,sms_phishing_v1,english,Legitimate
SMS_01549,"Yeah probably, I still gotta check out with leo",SAFE,sms_phishing_v1,english,Legitimate
SMS_01550,K.then any other special?,SAFE,sms_phishing_v1,english,Legitimate
SMS_01551,Carlos is taking his sweet time as usual so let me know when you and patty are done/want to smoke and I'll tell him to haul ass,SAFE,sms_phishing_v1,english,Legitimate
SMS_01552,Ok pa. Nothing problem:-),SAFE,sms_phishing_v1,english,Legitimate
SMS_01553,Have you heard about that job? I'm going to that wildlife talk again tonight if u want2come. Its that2worzels and a wizzle or whatever it is?!,SAFE,sms_phishing_v1,english,Legitimate
SMS_01554,"God picked up a flower and dippeditinaDEW, lovingly touched itwhichturnedinto u, and the he gifted tomeandsaid,THIS FRIEND IS 4U",SAFE,sms_phishing_v1,english,Legitimate
SMS_01555,When you came to hostel.,SAFE,sms_phishing_v1,english,Legitimate
SMS_01556,Ok no prob... I'll come after lunch then...,SAFE,sms_phishing_v1,english,Legitimate
SMS_01557,Jus telling u dat i'll b leaving 4 shanghai on 21st instead so we'll haf more time 2 meet up cya...,SAFE,sms_phishing_v1,english,Legitimate
SMS_01558,Are your freezing ? Are you home yet ? Will you remember to kiss your mom in the morning? Do you love me ? Do you think of me ? Are you missing me yet ?,SAFE,sms_phishing_v1,english,Legitimate
SMS_01559,You all ready for * big day tomorrow?,SAFE,sms_phishing_v1,english,Legitimate
SMS_01560,I'll probably be around mu a lot,SAFE,sms_phishing_v1,english,Legitimate
SMS_01561,645,SAFE,sms_phishing_v1,english,Legitimate
SMS_01562,RT-KIng Pro Video Club>> Need help? info@ringtoneking.co.uk or call 08701237397 You must be 16+ Club credits redeemable at www.ringtoneking.co.uk! Enjoy!,PHISHING,sms_phishing_v1,english,Spam
SMS_01563,Thnx dude. u guys out 2nite?,SAFE,sms_phishing_v1,english,Legitimate
SMS_01564,Me sef dey laugh you. Meanwhile how's my darling anjie!,SAFE,sms_phishing_v1,english,Legitimate
SMS_01565,Mm i had my food da from out,SAFE,sms_phishing_v1,english,Legitimate
SMS_01566,"K, makes sense, btw carlos is being difficult so you guys are gonna smoke while I go pick up the second batch and get gas",SAFE,sms_phishing_v1,english,Legitimate
SMS_01567,Did u download the fring app?,SAFE,sms_phishing_v1,english,Legitimate
SMS_01568,The 2 oz guy is being kinda flaky but one friend is interested in picking up $ &lt;#&gt;  worth tonight if possible,SAFE,sms_phishing_v1,english,Legitimate
SMS_01569,Friends that u can stay on fb chat with,SAFE,sms_phishing_v1,english,Legitimate
SMS_01570,"Fuck babe, I miss you sooooo much !! I wish you were here to sleep with me ... My bed is so lonely ... I go now, to sleep ... To dream of you, my love ...",SAFE,sms_phishing_v1,english,Legitimate
SMS_01571,"Living is very simple.. Loving is also simple.. Laughing is too simple.. Winning is tooo simple.. But, being 'SIMPLE' is very difficult.. Gud nte.:-",SAFE,sms_phishing_v1,english,Legitimate
SMS_01572,U have a secret admirer who is looking 2 make contact with U-find out who they R*reveal who thinks UR so special-call on 09058094599,PHISHING,sms_phishing_v1,english,Spam
SMS_01573,"Ah, well that confuses things, doesnÛ÷t it?",SAFE,sms_phishing_v1,english,Legitimate
SMS_01574,500 free text msgs. Just text ok to 80488 and we'll credit your account,PHISHING,sms_phishing_v1,english,Phishing
SMS_01575,Hi Dear Call me its urgnt. I don't know whats your problem. You don't want to work or if you have any other problem at least tell me. Wating for your reply.,SAFE,sms_phishing_v1,english,Legitimate
SMS_01576,Dear how you. Are you ok?,SAFE,sms_phishing_v1,english,Legitimate
SMS_01577,"You have been selected to stay in 1 of 250 top British hotels - FOR NOTHING! Holiday Worth å£350! To Claim, Call London 02072069400. Bx 526, SW73SS",PHISHING,sms_phishing_v1,english,Phishing
SMS_01578,Yes princess! I want to make you happy...,SAFE,sms_phishing_v1,english,Legitimate
SMS_01579,Sounds like you have many talents! would you like to go on a dinner date next week?,SAFE,sms_phishing_v1,english,Legitimate
SMS_01580,I am going to film 2day da. At 6pm. Sorry da.,SAFE,sms_phishing_v1,english,Legitimate
SMS_01581,We not watching movie already. Xy wants 2 shop so i'm shopping w her now.,SAFE,sms_phishing_v1,english,Legitimate
SMS_01582,Hello my little party animal! I just thought I'd buzz you as you were with your friends ...*grins*... Reminding you were loved and send a naughty adoring kiss,SAFE,sms_phishing_v1,english,Legitimate
SMS_01583,Yesterday its with me only . Now am going home.,SAFE,sms_phishing_v1,english,Legitimate
SMS_01584,"Eerie Nokia tones 4u, rply TONE TITLE to 8007 eg TONE DRACULA to 8007 Titles: GHOST, ADDAMSFA, MUNSTERS, EXORCIST, TWILIGHT www.getzed.co.uk POBox36504W45WQ 150p",PHISHING,sms_phishing_v1,english,Spam
SMS_01585,"You have come into my life and brought the sun ..Shiny down on me, warming my heart. Putting a constant smile on my face ... Making me feel loved and cared for",SAFE,sms_phishing_v1,english,Legitimate
SMS_01586,"No shit, but I wasn't that surprised, so I went and spent the evening with that french guy I met in town here and we fooled around a bit but I didn't let him fuck me",SAFE,sms_phishing_v1,english,Legitimate
SMS_01587,"0A$NETWORKS allow companies to bill for SMS, so they are responsible for their \suppliers\""  just as a shop has to give a guarantee on what they sell. B. G.""",PHISHING,sms_phishing_v1,english,Spam
SMS_01588,Great comedy..cant stop laughing da:),SAFE,sms_phishing_v1,english,Legitimate
SMS_01589,FreeMsg:Feelin kinda lnly hope u like 2 keep me company! Jst got a cam moby wanna c my pic?Txt or reply DATE to 82242 Msg150p 2rcv Hlp 08712317606 stop to 82242,PHISHING,sms_phishing_v1,english,Spam
SMS_01590,"Alright, we're all set here, text the man",SAFE,sms_phishing_v1,english,Legitimate
SMS_01591,"Hi , where are you? We're at  and they're not keen to go out i kind of am but feel i shouldn't so can we go out tomo, don't mind do you?",SAFE,sms_phishing_v1,english,Legitimate
SMS_01592,Sleeping nt feeling well,SAFE,sms_phishing_v1,english,Legitimate
SMS_01593,U WILL SWITCH YOUR FONE ON DAMMIT!!,SAFE,sms_phishing_v1,english,Legitimate
SMS_01594,India have to take lead:),SAFE,sms_phishing_v1,english,Legitimate
SMS_01595,I.ll post her out l8r. In class,SAFE,sms_phishing_v1,english,Legitimate
SMS_01596,Thts wat Wright Brother did to fly..,SAFE,sms_phishing_v1,english,Legitimate
SMS_01597,"Evening * v good if somewhat event laden. Will fill you in, don't you worry Û_ Head * ok but throat * wrecked. See you at six then!",SAFE,sms_phishing_v1,english,Legitimate
SMS_01598,If u laugh really loud.. If u talk spontaneously.. If u dont care what others feel.. U are probably with your dear &amp; best friends.. GOODEVENING Dear..:),SAFE,sms_phishing_v1,english,Legitimate
SMS_01599,ITS A LAPTOP TAKE IT WITH YOU.,SAFE,sms_phishing_v1,english,Legitimate
SMS_01600,I dont have any of your file in my bag..i was in work when you called me.i 'll tell you if i find anything in my room.,SAFE,sms_phishing_v1,english,Legitimate
SMS_01601,I wan but too early lei... Me outside now wun b home so early... Neva mind then...,SAFE,sms_phishing_v1,english,Legitimate
SMS_01602,"For ur chance to win a å£250 cash every wk TXT: ACTION to 80608. T's&C's www.movietrivia.tv custcare 08712405022, 1x150p/wk",PHISHING,sms_phishing_v1,english,Spam
SMS_01603,I was at bugis juz now wat... But now i'm walking home oredi... ÌÏ so late then reply... I oso saw a top dat i like but din buy... Where r Ì_ now?,SAFE,sms_phishing_v1,english,Legitimate
SMS_01604,At 7 we will go ok na.,SAFE,sms_phishing_v1,english,Legitimate
SMS_01605,Yes I posted a couple of pics on fb. There's still snow outside too. I'm just waking up :),SAFE,sms_phishing_v1,english,Legitimate
SMS_01606,S:-)if we have one good partnership going we will take lead:),SAFE,sms_phishing_v1,english,Legitimate
SMS_01607,RGENT! This is the 2nd attempt to contact U!U have WON å£1250 CALL 09071512433 b4 050703 T&CsBCM4235WC1N3XX. callcost 150ppm mobilesvary. maxå£7. 50,PHISHING,sms_phishing_v1,english,Spam
SMS_01608,"Yeah, where's your class at?",SAFE,sms_phishing_v1,english,Legitimate
SMS_01609,No just send to you. Bec you in temple na.,SAFE,sms_phishing_v1,english,Legitimate
SMS_01610,"You aren't coming home between class, right? I need to work out and shower!",SAFE,sms_phishing_v1,english,Legitimate
SMS_01611,Hi if ur lookin 4 saucy daytime fun wiv busty married woman Am free all next week Chat now 2 sort time 09099726429 JANINExx Callså£1/minMobsmoreLKPOBOX177HP51FL,PHISHING,sms_phishing_v1,english,Spam
SMS_01612,S but mostly not like that.,SAFE,sms_phishing_v1,english,Legitimate
SMS_01613,ÌÏ v ma fan...,SAFE,sms_phishing_v1,english,Legitimate
SMS_01614,Dunno cos i was v late n when i reach they inside already... But we ate spageddies lor... It's e gals who r laughing at me lor...,SAFE,sms_phishing_v1,english,Legitimate
SMS_01615,Guess who spent all last night phasing in and out of the fourth dimension,SAFE,sms_phishing_v1,english,Legitimate
SMS_01616,So now my dad is gonna call after he gets out of work and ask all these crazy questions.,SAFE,sms_phishing_v1,english,Legitimate
SMS_01617,"Yes..but they said its IT.,",SAFE,sms_phishing_v1,english,Legitimate
SMS_01618,"Very hurting n meaningful lines ever: \I compromised everything for my love But at d end my love compromised me for everything:-(\"".. Gud mornin:-)""",SAFE,sms_phishing_v1,english,Legitimate
SMS_01619,Lmao!nice 1,SAFE,sms_phishing_v1,english,Legitimate
SMS_01620,Glad to see your reply.,SAFE,sms_phishing_v1,english,Legitimate
SMS_01621,URGENT! We are trying to contact U. Todays draw shows that you have won a å£800 prize GUARANTEED. Call 09050001295 from land line. Claim A21. Valid 12hrs only,PHISHING,sms_phishing_v1,english,Phishing
SMS_01622,Monthly password for wap. mobsi.com is 391784. Use your wap phone not PC.,PHISHING,sms_phishing_v1,english,Phishing
SMS_01623,Nah dub but je still buff,SAFE,sms_phishing_v1,english,Legitimate
SMS_01624,"Painful words- \I thought being Happy was the most toughest thing on Earth... But the toughest is acting Happy with all unspoken pain inside..\""""",SAFE,sms_phishing_v1,english,Legitimate
SMS_01625,"Yeah, that's fine! It's å£6 to get in, is that ok?",SAFE,sms_phishing_v1,english,Legitimate
SMS_01626,Lol where do u come up with these ideas?,SAFE,sms_phishing_v1,english,Legitimate
SMS_01627,"So many people seems to be special at first sight, But only very few will remain special to you till your last sight.. Maintain them till life ends.. Sh!jas",SAFE,sms_phishing_v1,english,Legitimate
SMS_01628,Okay... We wait ah,SAFE,sms_phishing_v1,english,Legitimate
SMS_01629,Y lei?,SAFE,sms_phishing_v1,english,Legitimate
SMS_01630,HI BABE U R MOST LIKELY TO BE IN BED BUT IM SO SORRY ABOUT TONIGHT! I REALLY WANNA SEE U TOMORROW SO CALL ME AT 9. LOVE ME XXX,SAFE,sms_phishing_v1,english,Legitimate
SMS_01631,Already am squatting is the new way of walking,SAFE,sms_phishing_v1,english,Legitimate
SMS_01632,Do you want bold 2 or bb torch,SAFE,sms_phishing_v1,english,Legitimate
SMS_01633,Cramps stopped. Going back to sleep,SAFE,sms_phishing_v1,english,Legitimate
SMS_01634,todays vodafone numbers ending with 0089(my last four digits) are selected to received a å£350 award. If your number matches please call 09063442151 to claim your å£350 award,PHISHING,sms_phishing_v1,english,Phishing
SMS_01635,Free Top ringtone -sub to weekly ringtone-get 1st week free-send SUBPOLY to 81618-?3 per week-stop sms-08718727870,PHISHING,sms_phishing_v1,english,Spam
SMS_01636,Nan sonathaya soladha. Why boss?,SAFE,sms_phishing_v1,english,Legitimate
SMS_01637,Bring tat cd don forget,SAFE,sms_phishing_v1,english,Legitimate
SMS_01638,I don't know but I'm raping dudes at poker,SAFE,sms_phishing_v1,english,Legitimate
SMS_01639,Weightloss! No more girl friends. Make loads of money on ebay or something. And give thanks to God.,SAFE,sms_phishing_v1,english,Legitimate
SMS_01640,Was gr8 to see that message. So when r u leaving? Congrats dear. What school and wat r ur plans.,SAFE,sms_phishing_v1,english,Legitimate
SMS_01641,ÌÏ eatin later but i'm eatin wif my frens now lei... ÌÏ going home first?,SAFE,sms_phishing_v1,english,Legitimate
SMS_01642,Finish already... Yar they keep saying i mushy... I so embarrassed ok...,SAFE,sms_phishing_v1,english,Legitimate
SMS_01643,"Sorry man, my stash ran dry last night and I can't pick up more until sunday",SAFE,sms_phishing_v1,english,Legitimate
SMS_01644,Hai priya are you right. What doctor said pa. Where are you.,SAFE,sms_phishing_v1,english,Legitimate
SMS_01645,"Free msg. Sorry, a service you ordered from 81303 could not be delivered as you do not have sufficient credit. Please top up to receive the service.",PHISHING,sms_phishing_v1,english,Spam
SMS_01646,Please ask mummy to call father,SAFE,sms_phishing_v1,english,Legitimate
SMS_01647,Can come my room but cannot come my house cos my house still messy... Haha...,SAFE,sms_phishing_v1,english,Legitimate
SMS_01648,I have lost 10 kilos as of today!,SAFE,sms_phishing_v1,english,Legitimate
SMS_01649,Just taste fish curry :-P,SAFE,sms_phishing_v1,english,Legitimate
SMS_01650,What can i do? Might accidant tookplace between somewhere ghodbandar rd. Traffic moves slovely. So plz slip &amp; don't worry.,SAFE,sms_phishing_v1,english,Legitimate
SMS_01651,Yun ah.now Ì_ wkg where?btw if Ì_ go nus sc. ÌÏ wana specialise in wad?,SAFE,sms_phishing_v1,english,Legitimate
SMS_01652,Yes! I am a one woman man! Please tell me your likes and dislikes in bed...,SAFE,sms_phishing_v1,english,Legitimate
SMS_01653,Was doing my test earlier. I appreciate you. Will call you tomorrow.,SAFE,sms_phishing_v1,english,Legitimate
SMS_01654,"How's my loverboy doing ? What does he do that keeps him from coming to his Queen, hmmm ? Doesn't he ache to speak to me ? Miss me desparately ?",SAFE,sms_phishing_v1,english,Legitimate
SMS_01655,U meet other fren dun wan meet me ah... Muz b a guy rite...,SAFE,sms_phishing_v1,english,Legitimate
SMS_01656,"(No promises on when though, haven't even gotten dinner yet)",SAFE,sms_phishing_v1,english,Legitimate
SMS_01657,I got your back! Do you have any dislikes in bed?,SAFE,sms_phishing_v1,english,Legitimate
SMS_01658,o turns out i had stereo love on mi phone under the unknown album.,SAFE,sms_phishing_v1,english,Legitimate
SMS_01659,Hard LIVE 121 chat just 60p/min. Choose your girl and connect LIVE. Call 09094646899 now! Cheap Chat UK's biggest live service. VU BCM1896WC1N3XX,PHISHING,sms_phishing_v1,english,Spam
SMS_01660,Yeah I don't see why not,SAFE,sms_phishing_v1,english,Legitimate
SMS_01661,Asking do u knw them or nt? May be ur frnds or classmates?,SAFE,sms_phishing_v1,english,Legitimate
SMS_01662,"Sorry about earlier. Putting out fires.Are you around to talk after 9? Or do you actually have a life, lol!",SAFE,sms_phishing_v1,english,Legitimate
SMS_01663,WOW! The Boys R Back. TAKE THAT 2007 UK Tour. Win VIP Tickets & pre-book with VIP Club. Txt CLUB to 81303. Trackmarque Ltd info@vipclub4u.,PHISHING,sms_phishing_v1,english,Spam
SMS_01664,"As in missionary hook up, doggy hook up, standing...|",SAFE,sms_phishing_v1,english,Legitimate
SMS_01665,Then u better go sleep.. Dun disturb u liao.. U wake up then msg me lor..,SAFE,sms_phishing_v1,english,Legitimate
SMS_01666,Am watching house ÛÒ very entertaining ÛÒ am getting the whole hugh laurie thing ÛÒ even with the stick ÛÒ indeed especially with the stick.,SAFE,sms_phishing_v1,english,Legitimate
SMS_01667,Thought praps you meant another one. Goodo! I'll look tomorrow,SAFE,sms_phishing_v1,english,Legitimate
SMS_01668,"Hi Jon, Pete here, Ive bin 2 Spain recently & hav sum dinero left, Bill said u or ur åÔrents mayb interested in it, I hav 12,000pes, so around å£48, tb, James.",SAFE,sms_phishing_v1,english,Legitimate
SMS_01669,There bold 2  &lt;#&gt; . Is that yours,SAFE,sms_phishing_v1,english,Legitimate
SMS_01670,You know there is. I shall speak to you in  &lt;#&gt;  minutes then,SAFE,sms_phishing_v1,english,Legitimate
SMS_01671,"\ALRITE HUNNY!WOT U UP 2 2NITE? DIDNT END UP GOIN DOWN TOWN JUS DA PUB INSTEAD! JUS CHILLIN AT DA MO IN ME BEDROOM!LOVE JEN XXX.\""""",SAFE,sms_phishing_v1,english,Legitimate
SMS_01672,I went to project centre,SAFE,sms_phishing_v1,english,Legitimate
SMS_01673,As per your request 'Maangalyam (Alaipayuthe)' has been set as your callertune for all Callers. Press *9 to copy your friends Callertune,SAFE,sms_phishing_v1,english,Legitimate
SMS_01674,Lol yeah at this point I guess not,SAFE,sms_phishing_v1,english,Legitimate
SMS_01675,Doing project w frens lor.,SAFE,sms_phishing_v1,english,Legitimate
SMS_01676,Lol. Well quality aint bad at all so i aint complaining,SAFE,sms_phishing_v1,english,Legitimate
SMS_01677,"K, can that happen tonight?",SAFE,sms_phishing_v1,english,Legitimate
SMS_01678,"Hi, this is Mandy Sullivan calling from HOTMIX FM...you are chosen to receive å£5000.00 in our Easter Prize draw.....Please telephone 09041940223 to claim before 29/03/05 or your prize will be transferred to someone else....",PHISHING,sms_phishing_v1,english,Phishing
SMS_01679,"I think we're going to finn's now, come",SAFE,sms_phishing_v1,english,Legitimate
SMS_01680,Why tired what special there you had,SAFE,sms_phishing_v1,english,Legitimate
SMS_01681,I will come tomorrow di,SAFE,sms_phishing_v1,english,Legitimate
SMS_01682,K go and sleep well. Take rest:-).,SAFE,sms_phishing_v1,english,Legitimate
SMS_01683,U guys never invite me anywhere :(,SAFE,sms_phishing_v1,english,Legitimate
SMS_01684,UR GOING 2 BAHAMAS! CallFREEFONE 08081560665 and speak to a live operator to claim either Bahamas cruise ofå£2000 CASH 18+only. To opt out txt X to 07786200117,PHISHING,sms_phishing_v1,english,Phishing
SMS_01685,I can do that! I want to please you both inside and outside the bedroom...,SAFE,sms_phishing_v1,english,Legitimate
SMS_01686,"\EY! CALM DOWNON THEACUSATIONS.. ITXT U COS IWANA KNOW WOTU R DOIN AT THEW/END... HAVENTCN U IN AGES..RING ME IF UR UP4 NETHING SAT.LOVE J XXX.\""""",SAFE,sms_phishing_v1,english,Legitimate
SMS_01687,I love to wine and dine my lady!,SAFE,sms_phishing_v1,english,Legitimate
SMS_01688,Someone has conacted our dating service and entered your phone because they fancy you!To find out who it is call from landline 09111030116. PoBox12n146tf15,PHISHING,sms_phishing_v1,english,Spam
SMS_01689,"IåÕm cool ta luv but v.tired 2 cause i have been doin loads of planning all wk, we have got our social services inspection at the nursery! Take care & spk sn x.",SAFE,sms_phishing_v1,english,Legitimate
SMS_01690,I don know account details..i will ask my mom and send you.my mom is out of reach now.,SAFE,sms_phishing_v1,english,Legitimate
SMS_01691,I think u have the wrong number.,SAFE,sms_phishing_v1,english,Legitimate
SMS_01692,Feel Yourself That You Are Always Happy.. Slowly It Becomes Your Habit &amp; Finally It Becomes Part Of Your Life.. Follow It.. Happy Morning &amp; Have A Happy Day:),SAFE,sms_phishing_v1,english,Legitimate
SMS_01693,DO NOT B LATE LOVE MUM,SAFE,sms_phishing_v1,english,Legitimate
SMS_01694,Got it..mail panren paru..,SAFE,sms_phishing_v1,english,Legitimate
SMS_01695,* Was thinking about chuckin ur red green n black trainners 2 save carryin them bac on train,SAFE,sms_phishing_v1,english,Legitimate
SMS_01696,Give one miss from that number please,SAFE,sms_phishing_v1,english,Legitimate
SMS_01697,Jus came back fr lunch wif my sis only. U leh?,SAFE,sms_phishing_v1,english,Legitimate
SMS_01698,How is your schedule next week? I am out of town this weekend.,SAFE,sms_phishing_v1,english,Legitimate
SMS_01699,Really good:)dhanush rocks once again:),SAFE,sms_phishing_v1,english,Legitimate
SMS_01700,Lmao ok I wont be needing u to do my hair anymore.,SAFE,sms_phishing_v1,english,Legitimate
SMS_01701,"Miss ya, need ya, want ya, love ya.",SAFE,sms_phishing_v1,english,Legitimate
SMS_01702,Sorry i'm not free...,SAFE,sms_phishing_v1,english,Legitimate
SMS_01703,Do u ever get a song stuck in your head for no reason and it won't go away til u listen to it like 5 times?,SAFE,sms_phishing_v1,english,Legitimate
SMS_01704,Nt yet chikku..simple habba..hw abt u?,SAFE,sms_phishing_v1,english,Legitimate
SMS_01705,"Got ur mail Dileep.thank you so muchand look forward to lots of support...very less contacts here,remember one venugopal you mentioned.tomorrow if not late,i shall try to come up till there.goodnight dear.",SAFE,sms_phishing_v1,english,Legitimate
SMS_01706,Sometimes Heart Remembrs someone Very much... Forgets someone soon... Bcoz Heart will not like everyone. But liked ones will be Remembered Everytime... BSLVYL,SAFE,sms_phishing_v1,english,Legitimate
SMS_01707,Joy's father is John. Then John is the NAME of Joy's father. Mandan,SAFE,sms_phishing_v1,english,Legitimate
SMS_01708,Hi 07734396839 IBH Customer Loyalty Offer: The NEW NOKIA6600 Mobile from ONLY å£10 at TXTAUCTION!Txt word:START to No:81151 & get Yours Now!4T&,PHISHING,sms_phishing_v1,english,Spam
SMS_01709,Hi this is yijue... It's regarding the 3230 textbook it's intro to algorithms second edition... I'm selling it for $50...,SAFE,sms_phishing_v1,english,Legitimate
SMS_01710,SMS AUCTION You have won a Nokia 7250i. This is what you get when you win our FREE auction. To take part send Nokia to 86021 now. HG/Suite342/2Lands Row/W1JHL 16+,PHISHING,sms_phishing_v1,english,Spam
SMS_01711,"K, want us to come by now?",SAFE,sms_phishing_v1,english,Legitimate
SMS_01712,How. Its a little difficult but its a simple way to enter this place,SAFE,sms_phishing_v1,english,Legitimate
SMS_01713,Ha... Both of us doing e same thing. But i got tv 2 watch. U can thk of where 2 go tonight or u already haf smth in mind...,SAFE,sms_phishing_v1,english,Legitimate
SMS_01714,Dont show yourself. How far. Put new pictures up on facebook.,SAFE,sms_phishing_v1,english,Legitimate
SMS_01715,Watching tv now. I got new job :),SAFE,sms_phishing_v1,english,Legitimate
SMS_01716,"Good afternoon sexy buns! How goes the job search ? I wake and you are my first thought as always, my love. I wish your fine and happy and know I adore you!",SAFE,sms_phishing_v1,english,Legitimate
SMS_01717,"I'm not coming over, do whatever you want",SAFE,sms_phishing_v1,english,Legitimate
SMS_01718,"Its ok chikku, and its my 1 of favourite song..:-)",SAFE,sms_phishing_v1,english,Legitimate
SMS_01719,Did u see what I posted on your Facebook?,SAFE,sms_phishing_v1,english,Legitimate
SMS_01720,Call FREEPHONE 0800 542 0578 now!,PHISHING,sms_phishing_v1,english,Spam
SMS_01721,Buy Space Invaders 4 a chance 2 win orig Arcade Game console. Press 0 for Games Arcade (std WAP charge) See o2.co.uk/games 4 Terms + settings. No purchase,PHISHING,sms_phishing_v1,english,Spam
SMS_01722,BIG BROTHER ALERT! The computer has selected u for 10k cash or #150 voucher. Call 09064018838. NTT PO Box CRO1327 18+ BT Landline Cost 150ppm mobiles vary,PHISHING,sms_phishing_v1,english,Spam
SMS_01723,";-( oh well, c u later",SAFE,sms_phishing_v1,english,Legitimate
SMS_01724,My uncles in Atlanta. Wish you guys a great semester.,SAFE,sms_phishing_v1,english,Legitimate
SMS_01725,No dear i do have free messages without any recharge. Hi hi hi,SAFE,sms_phishing_v1,english,Legitimate
SMS_01726,I dun believe u. I thk u told him.,SAFE,sms_phishing_v1,english,Legitimate
SMS_01727,"Do you know why god created gap between your fingers..? So that, One who is made for you comes &amp; fills those gaps by holding your hand with LOVE..!",SAFE,sms_phishing_v1,english,Legitimate
SMS_01728,Yes:)sura in sun tv.:)lol.,SAFE,sms_phishing_v1,english,Legitimate
SMS_01729,Arun can u transfr me d amt,SAFE,sms_phishing_v1,english,Legitimate
SMS_01730,Takin a shower now but yeah I'll leave when I'm done,SAFE,sms_phishing_v1,english,Legitimate
SMS_01731,Am not working but am up to eyes in philosophy so will text u later when a bit more free for chat...,SAFE,sms_phishing_v1,english,Legitimate
SMS_01732,U havenåÕt lost me ill always b here 4u.i didnåÕt intend 2 hurt u but I never knew how u felt about me when Iwas+marine&thatåÕs what itried2tell urmom.i careabout u,SAFE,sms_phishing_v1,english,Legitimate
SMS_01733,"WIN: We have a winner! Mr. T. Foley won an iPod! More exciting prizes soon, so keep an eye on ur mobile or visit www.win-82050.co.uk",PHISHING,sms_phishing_v1,english,Phishing
SMS_01734,You bad girl. I can still remember them,SAFE,sms_phishing_v1,english,Legitimate
SMS_01735,How much i gave to you. Morning.,SAFE,sms_phishing_v1,english,Legitimate
SMS_01736,"I hope your alright babe? I worry that you might have felt a bit desparate when you learned the job was a fake ? I am here waiting when you come back, my love",SAFE,sms_phishing_v1,english,Legitimate
SMS_01737,"Hey, can you tell me blake's address? Carlos wanted me to meet him there but I got lost and he's not answering his phone",SAFE,sms_phishing_v1,english,Legitimate
SMS_01738,Can i get your opinion on something first?,SAFE,sms_phishing_v1,english,Legitimate
SMS_01739,That one week leave i put know that time. Why.,SAFE,sms_phishing_v1,english,Legitimate
SMS_01740,"If we hit it off, you can move in with me :)",SAFE,sms_phishing_v1,english,Legitimate
SMS_01741,excellent. I spent  &lt;#&gt;  years in the Air Force. Iraq and afghanistan. I am stable and honest. do you like traveling?,SAFE,sms_phishing_v1,english,Legitimate
SMS_01742,I wanna watch that movie,SAFE,sms_phishing_v1,english,Legitimate
SMS_01743,Ok lor thanx... ÌÏ in school?,SAFE,sms_phishing_v1,english,Legitimate
SMS_01744,I'm in class. Did you get my text.,SAFE,sms_phishing_v1,english,Legitimate
SMS_01745,The bus leaves at  &lt;#&gt;,SAFE,sms_phishing_v1,english,Legitimate
SMS_01746,God bless.get good sleep my dear...i will pray!,SAFE,sms_phishing_v1,english,Legitimate
SMS_01747,Todays Voda numbers ending 1225 are selected to receive a å£50award. If you have a match please call 08712300220 quoting claim code 3100 standard rates app,PHISHING,sms_phishing_v1,english,Phishing
SMS_01748,Do have a nice day today. I love you so dearly.,SAFE,sms_phishing_v1,english,Legitimate
SMS_01749,Aiyo a bit pai seh Ì_ noe... Scared he dun rem who i am then die... Hee... But he become better lookin oredi leh...,SAFE,sms_phishing_v1,english,Legitimate
SMS_01750,"Aight, I'll ask a few of my roommates",SAFE,sms_phishing_v1,english,Legitimate
SMS_01751,"Now, whats your house # again ? And do you have any beer there ?",SAFE,sms_phishing_v1,english,Legitimate
SMS_01752,Do Ì_ all wan 2 meet up n combine all the parts? How's da rest of da project going?,SAFE,sms_phishing_v1,english,Legitimate
SMS_01753,"\Getting tickets 4 walsall tue 6 th march. My mate is getting me them on sat. ill pay my treat. Want 2 go. Txt bak .Terry\""""",SAFE,sms_phishing_v1,english,Legitimate
SMS_01754,Yes we are chatting too.,SAFE,sms_phishing_v1,english,Legitimate
SMS_01755,HI ITS JESS I DONT KNOW IF YOU ARE AT WORK BUT CALL ME WHEN U CAN IM AT HOME ALL EVE. XXX,SAFE,sms_phishing_v1,english,Legitimate
SMS_01756,Sian... Aft meeting supervisor got work 2 do liao... U working now?,SAFE,sms_phishing_v1,english,Legitimate
SMS_01757,Are you going to write ccna exam this week??,SAFE,sms_phishing_v1,english,Legitimate
SMS_01758,Well i will watch shrek in 3D!!B),SAFE,sms_phishing_v1,english,Legitimate
SMS_01759,Am i that much dirty fellow?,SAFE,sms_phishing_v1,english,Legitimate
SMS_01760,Dunno dat's wat he told me. Ok lor...,SAFE,sms_phishing_v1,english,Legitimate
SMS_01761,I'll probably be by tomorrow (or even later tonight if something's going on),SAFE,sms_phishing_v1,english,Legitimate
SMS_01762,I couldn't say no as he is a dying man and I feel sad for him so I will go and I just wanted you to know I would probably be gone late into your night,SAFE,sms_phishing_v1,english,Legitimate
SMS_01763,If you're thinking of lifting me one then no.,SAFE,sms_phishing_v1,english,Legitimate
SMS_01764,Same as u... Dun wan... Y u dun like me already ah... Wat u doing now? Still eating?,SAFE,sms_phishing_v1,english,Legitimate
SMS_01765,Sent me ur email id soon,SAFE,sms_phishing_v1,english,Legitimate
SMS_01766,"Dude. What's up. How Teresa. Hope you have been okay. When i didnt hear from these people, i called them and they had received the package since dec  &lt;#&gt; . Just thot you'ld like to know. Do have a fantastic year and all the best with your reading. Plus if you can really really Bam first aid for Usmle, then your work is done.",SAFE,sms_phishing_v1,english,Legitimate
SMS_01767,Hey gorgeous man. My work mobile number is. Have a good one babe. Squishy Mwahs.,SAFE,sms_phishing_v1,english,Legitimate
SMS_01768,"Hottest pics straight to your phone!! See me getting Wet and Wanting, just for you xx Text PICS to 89555 now! txt costs 150p textoperator g696ga 18 XxX",PHISHING,sms_phishing_v1,english,Spam
SMS_01769,That's the way you should stay oh.,SAFE,sms_phishing_v1,english,Legitimate
SMS_01770,Hello- thanx for taking that call. I got a job! Starts on monday!,SAFE,sms_phishing_v1,english,Legitimate
SMS_01771,What time is ur flight tmr?,SAFE,sms_phishing_v1,english,Legitimate
SMS_01772,When should I come over?,SAFE,sms_phishing_v1,english,Legitimate
SMS_01773,I have a rather prominent bite mark on my right cheek,SAFE,sms_phishing_v1,english,Legitimate
SMS_01774,* Will be september by then!,SAFE,sms_phishing_v1,english,Legitimate
SMS_01775,Are you wet right now?,SAFE,sms_phishing_v1,english,Legitimate
SMS_01776,And how's your husband.,SAFE,sms_phishing_v1,english,Legitimate
SMS_01777,"Hack Chat. Get backdoor entry into 121 chat rooms at a fraction of the cost. Reply NEO69 or call 09050280520, to subscribe 25p pm. DPS, Bcm box 8027 Ldn, wc1n3xx",PHISHING,sms_phishing_v1,english,Spam
SMS_01778,Are we doing the norm tomorrow? I finish just a 4.15 cos of st tests. Need to sort library stuff out at some point tomo - got letter from today - access til end march so i better get move on!,SAFE,sms_phishing_v1,english,Legitimate
SMS_01779,Yeah. I got a list with only u and Joanna if I'm feeling really anti social,SAFE,sms_phishing_v1,english,Legitimate
SMS_01780,I am in your office na.,SAFE,sms_phishing_v1,english,Legitimate
SMS_01781,"\Are you comingdown later?\""""",SAFE,sms_phishing_v1,english,Legitimate
SMS_01782,Super da:)good replacement for murali,SAFE,sms_phishing_v1,english,Legitimate
SMS_01783,Da is good good player.why he is unsold.,SAFE,sms_phishing_v1,english,Legitimate
SMS_01784,Hi. || Do u want | to join me with sts later? || Meeting them at five. || Call u after class.,SAFE,sms_phishing_v1,english,Legitimate
SMS_01785,Its on in engalnd! But telly has decided it won't let me watch it and mia and elliot were kissing! Damn it!,SAFE,sms_phishing_v1,english,Legitimate
SMS_01786,"FREE NOKIA Or Motorola with upto 12mths 1/2price linerental, 500 FREE x-net mins&100txt/mth FREE B'tooth*. Call Mobileupd8 on 08001950382 or call 2optout/D3WV",PHISHING,sms_phishing_v1,english,Spam
SMS_01787,I dont want to hear philosophy. Just say what happen,SAFE,sms_phishing_v1,english,Legitimate
SMS_01788,You got job in wipro:)you will get every thing in life in 2 or 3 years.,SAFE,sms_phishing_v1,english,Legitimate
SMS_01789,Then cant get da laptop? My matric card wif Ì_ lei...,SAFE,sms_phishing_v1,english,Legitimate
SMS_01790,Dunno da next show aft 6 is 850. Toa payoh got 650.,SAFE,sms_phishing_v1,english,Legitimate
SMS_01791,"This is the 2nd time we have tried 2 contact u. U have won the 750 Pound prize. 2 claim is easy, call 08718726970 NOW! Only 10p per min. BT-national-rate",PHISHING,sms_phishing_v1,english,Phishing
SMS_01792,I just made some payments so dont have that much. Sorry. Would you want it fedex or the other way.,SAFE,sms_phishing_v1,english,Legitimate
SMS_01793,They did't play one day last year know even though they have very good team.. Like india.,SAFE,sms_phishing_v1,english,Legitimate
SMS_01794,K.:)you are the only girl waiting in reception ah?,SAFE,sms_phishing_v1,english,Legitimate
SMS_01795,"Say this slowly.? GOD,I LOVE YOU &amp; I NEED YOU,CLEAN MY HEART WITH YOUR BLOOD.Send this to Ten special people &amp; u c miracle tomorrow, do it,pls,pls do it...",SAFE,sms_phishing_v1,english,Legitimate
SMS_01796,I hate when she does this. She turns what should be a fun shopping trip into an annoying day of how everything would look in her house.,SAFE,sms_phishing_v1,english,Legitimate
SMS_01797,"Sir, i am waiting for your call.",SAFE,sms_phishing_v1,english,Legitimate
SMS_01798,What's up. Do you want me to come online?,SAFE,sms_phishing_v1,english,Legitimate
SMS_01799,"It could work, we'll reach a consensus at the next meeting",SAFE,sms_phishing_v1,english,Legitimate
SMS_01800,Aiyah then i wait lor. Then u entertain me. Hee...,SAFE,sms_phishing_v1,english,Legitimate
SMS_01801,"The last thing i ever wanted to do was hurt you. And i didn't think it would have. You'd laugh, be embarassed, delete the tag and keep going. But as far as i knew, it wasn't even up. The fact that you even felt like i would do it to hurt you shows you really don't know me at all. It was messy wednesday, but it wasn't bad. The problem i have with it is you HAVE the time to clean it, but you choose not to. You skype, you take pictures, you sleep, you want to go out. I don't mind a few things here and there, but when you don't make the bed, when you throw laundry on top of it, when i can't have a friend in the house because i'm embarassed that there's underwear and bras strewn on the bed, pillows on the floor, that's something else. You used to be good about at least making the bed.",SAFE,sms_phishing_v1,english,Legitimate
SMS_01802,I'll let you know when it kicks in,SAFE,sms_phishing_v1,english,Legitimate
SMS_01803,You call him now ok i said call him,SAFE,sms_phishing_v1,english,Legitimate
SMS_01804,Call to the number which is available in appointment. And ask to connect the call to waheed fathima.,SAFE,sms_phishing_v1,english,Legitimate
SMS_01805,Or Ì_ go buy wif him then i meet Ì_ later can?,SAFE,sms_phishing_v1,english,Legitimate
SMS_01806,Mmmm ... Fuck ... Not fair ! You know my weaknesses ! *grins* *pushes you to your knee's* *exposes my belly and pulls your head to it* Don't forget ... I know yours too *wicked smile*,SAFE,sms_phishing_v1,english,Legitimate
SMS_01807,Today my system sh get ready.all is well and i am also in the deep well,SAFE,sms_phishing_v1,english,Legitimate
SMS_01808,Mom wants to know where you at,SAFE,sms_phishing_v1,english,Legitimate
SMS_01809,"Aight, I'll text you when I'm back",SAFE,sms_phishing_v1,english,Legitimate
SMS_01810,Dont know supports ass and srt i thnk. I think ps3 can play through usb too,SAFE,sms_phishing_v1,english,Legitimate
SMS_01811,Oh ok i didnt know what you meant. Yep i am baby jontin,SAFE,sms_phishing_v1,english,Legitimate
SMS_01812,You have WON a guaranteed å£1000 cash or a å£2000 prize.To claim yr prize call our customer service representative on,PHISHING,sms_phishing_v1,english,Phishing
SMS_01813,Would you like to see my XXX pics they are so hot they were nearly banned in the uk!,PHISHING,sms_phishing_v1,english,Spam
SMS_01814,This pen thing is beyond a joke. Wont a Biro do? Don't do a masters as can't do this ever again!,SAFE,sms_phishing_v1,english,Legitimate
SMS_01815,I AM AT A PARTY WITH ALEX NICHOLS,SAFE,sms_phishing_v1,english,Legitimate
SMS_01816,U have a secret admirer who is looking 2 make contact with U-find out who they R*reveal who thinks UR so special-call on 09058094594,PHISHING,sms_phishing_v1,english,Spam
SMS_01817,Just seeing your missed call my dear brother. Do have a gr8 day.,SAFE,sms_phishing_v1,english,Legitimate
SMS_01818,Ok.. ÌÏ finishing soon?,SAFE,sms_phishing_v1,english,Legitimate
SMS_01819,"Sorry, I can't help you on this.",SAFE,sms_phishing_v1,english,Legitimate
SMS_01820,"Come to me, slave. Your doing it again ... Going into your shell and unconsciously avoiding me ... You are making me unhappy :-(",SAFE,sms_phishing_v1,english,Legitimate
SMS_01821,I love your ass! Do you enjoy doggy style? :),SAFE,sms_phishing_v1,english,Legitimate
SMS_01822,I think asking for a gym is the excuse for lazy people. I jog.,SAFE,sms_phishing_v1,english,Legitimate
SMS_01823,Dear 0776xxxxxxx U've been invited to XCHAT. This is our final attempt to contact u! Txt CHAT to 86688 150p/MsgrcvdHG/Suite342/2Lands/Row/W1J6HL LDN 18yrs,PHISHING,sms_phishing_v1,english,Spam
SMS_01824,Urgent! Please call 09061743811 from landline. Your ABTA complimentary 4* Tenerife Holiday or å£5000 cash await collection SAE T&Cs Box 326 CW25WX 150ppm,PHISHING,sms_phishing_v1,english,Phishing
SMS_01825,No. On the way home. So if not for the long dry spell the season would have been over,SAFE,sms_phishing_v1,english,Legitimate
SMS_01826,I gotta collect da car at 6 lei.,SAFE,sms_phishing_v1,english,Legitimate
SMS_01827,Ok but knackered. Just came home and went to sleep! Not good at this full time work lark.,SAFE,sms_phishing_v1,english,Legitimate
SMS_01828,Probably earlier than that if the station's where I think it is,SAFE,sms_phishing_v1,english,Legitimate
SMS_01829,CALL 09090900040 & LISTEN TO EXTREME DIRTY LIVE CHAT GOING ON IN THE OFFICE RIGHT NOW TOTAL PRIVACY NO ONE KNOWS YOUR [sic] LISTENING 60P MIN 24/7MP 0870753331018+,PHISHING,sms_phishing_v1,english,Spam
SMS_01830,"FreeMsg Hey U, i just got 1 of these video/pic fones, reply WILD to this txt & ill send U my pics, hurry up Im so bored at work xxx (18 150p/rcvd STOP2stop)",PHISHING,sms_phishing_v1,english,Spam
SMS_01831,"Uh, heads up we don't have THAT much left",SAFE,sms_phishing_v1,english,Legitimate
SMS_01832,I tot u outside cos darren say u come shopping. Of course we nice wat. We jus went sim lim look at mp3 player.,SAFE,sms_phishing_v1,english,Legitimate
SMS_01833,"Aight, sounds good. When do you want me to come down?",SAFE,sms_phishing_v1,english,Legitimate
SMS_01834,Wat would u like 4 ur birthday?,SAFE,sms_phishing_v1,english,Legitimate
SMS_01835,I love working from home :),SAFE,sms_phishing_v1,english,Legitimate
SMS_01836,And miss vday the parachute and double coins??? U must not know me very well...,SAFE,sms_phishing_v1,english,Legitimate
SMS_01837,My sister got placed in birla soft da:-),SAFE,sms_phishing_v1,english,Legitimate
SMS_01838,Free entry in 2 a weekly comp for a chance to win an ipod. Txt POD to 80182 to get entry (std txt rate) T&C's apply 08452810073 for details 18+,PHISHING,sms_phishing_v1,english,Spam
SMS_01839,Wah... Okie okie... Muz make use of e unlimited... Haha...,SAFE,sms_phishing_v1,english,Legitimate
SMS_01840,"There're some people by mu, I'm at the table by lambda",SAFE,sms_phishing_v1,english,Legitimate
SMS_01841,And stop being an old man. You get to build snowman snow angels and snowball fights.,SAFE,sms_phishing_v1,english,Legitimate
SMS_01842,ELLO BABE U OK?,SAFE,sms_phishing_v1,english,Legitimate
SMS_01843,Hello beautiful r u ok? I've kinda ad a row wiv and he walked out the pub?? I wanted a night wiv u Miss u,SAFE,sms_phishing_v1,english,Legitimate
SMS_01844,Then u going ikea str aft dat?,SAFE,sms_phishing_v1,english,Legitimate
SMS_01845,Becoz its  &lt;#&gt;  jan whn al the post ofice is in holiday so she cn go fr the post ofice...got it duffer,SAFE,sms_phishing_v1,english,Legitimate
SMS_01846,Lol grr my mom is taking forever with my prescription. Pharmacy is like 2 minutes away. Ugh.,SAFE,sms_phishing_v1,english,Legitimate
SMS_01847,For real tho this sucks. I can't even cook my whole electricity is out. And I'm hungry.,SAFE,sms_phishing_v1,english,Legitimate
SMS_01848,You want to go?,SAFE,sms_phishing_v1,english,Legitimate
SMS_01849,New TEXTBUDDY Chat 2 horny guys in ur area 4 just 25p Free 2 receive Search postcode or at gaytextbuddy.com. TXT ONE name to 89693. 08715500022 rpl Stop 2 cnl,PHISHING,sms_phishing_v1,english,Spam
SMS_01850,Its not that time of the month nor mid of the time?,SAFE,sms_phishing_v1,english,Legitimate
SMS_01851,Fffff. Can you text kadeem or are you too far gone,SAFE,sms_phishing_v1,english,Legitimate
SMS_01852,We not leaving yet. Ok lor then we go elsewhere n eat. U thk...,SAFE,sms_phishing_v1,english,Legitimate
SMS_01853,Is fujitsu s series lifebook good?,SAFE,sms_phishing_v1,english,Legitimate
SMS_01854,Yar i wanted 2 scold u yest but late already... I where got zhong se qing you? If u ask me b4 he ask me then i'll go out w u all lor. N u still can act so real.,SAFE,sms_phishing_v1,english,Legitimate
SMS_01855,Dont know you bring some food,SAFE,sms_phishing_v1,english,Legitimate
SMS_01856,No current and food here. I am alone also,SAFE,sms_phishing_v1,english,Legitimate
SMS_01857,I'll be in sch fr 4-6... I dun haf da book in sch... It's at home...,SAFE,sms_phishing_v1,english,Legitimate
SMS_01858,Hello. They are going to the village pub at 8 so either come here or there accordingly. Ok?,SAFE,sms_phishing_v1,english,Legitimate
SMS_01859,Ok,SAFE,sms_phishing_v1,english,Legitimate
SMS_01860,We don call like  &lt;#&gt;  times oh. No give us hypertension oh.,SAFE,sms_phishing_v1,english,Legitimate
SMS_01861,"Dont give a monkeys wot they think and i certainly don't mind. Any friend of mine&all that! Just don't sleep wiv , that wud be annoyin!",SAFE,sms_phishing_v1,english,Legitimate
SMS_01862,Omg it could snow here tonite!,SAFE,sms_phishing_v1,english,Legitimate
SMS_01863,Call from 08702490080 - tells u 2 call 09066358152 to claim å£5000 prize. U have 2 enter all ur mobile & personal details @ the prompts. Careful!,PHISHING,sms_phishing_v1,english,Phishing
SMS_01864,Free 1st week entry 2 TEXTPOD 4 a chance 2 win 40GB iPod or å£250 cash every wk. Txt VPOD to 81303 Ts&Cs www.textpod.net custcare 08712405020.,PHISHING,sms_phishing_v1,english,Spam
SMS_01865,Carry on not disturbing both of you,SAFE,sms_phishing_v1,english,Legitimate
SMS_01866,What pa tell me.. I went to bath:-),SAFE,sms_phishing_v1,english,Legitimate
SMS_01867,Jus finished avatar nigro,SAFE,sms_phishing_v1,english,Legitimate
SMS_01868,R u over scratching it?,SAFE,sms_phishing_v1,english,Legitimate
SMS_01869,Hope you are having a great day.,SAFE,sms_phishing_v1,english,Legitimate
SMS_01870,Did either of you have any idea's? Do you know of anyplaces doing something?,SAFE,sms_phishing_v1,english,Legitimate
SMS_01871,"My planning usually stops at \find hella weed  smoke hella weed\""""",SAFE,sms_phishing_v1,english,Legitimate
SMS_01872,"The fact that you're cleaning shows you know why i'm upset. Your priority is constantly \what i want to do\"" not \""what i need to do.\""""",SAFE,sms_phishing_v1,english,Legitimate
SMS_01873,Excellent! Are you ready to moan and scream in ecstasy?,SAFE,sms_phishing_v1,english,Legitimate
SMS_01874,More people are dogging in your area now. Call 09090204448 and join like minded guys. Why not arrange 1 yourself. There's 1 this evening. Aå£1.50 minAPN LS278BB,PHISHING,sms_phishing_v1,english,Spam
SMS_01875,Dude avatar 3d was imp. At one point i thought there were actually flies in the room and almost tried hittng one as a reflex,SAFE,sms_phishing_v1,english,Legitimate
SMS_01876,"WELL DONE! Your 4* Costa Del Sol Holiday or å£5000 await collection. Call 09050090044 Now toClaim. SAE, TCs, POBox334, Stockport, SK38xh, Costå£1.50/pm, Max10mins",PHISHING,sms_phishing_v1,english,Phishing
SMS_01877,K...k:)why cant you come here and search job:),SAFE,sms_phishing_v1,english,Legitimate
SMS_01878,I got lousy sleep. I kept waking up every 2 hours to see if my cat wanted to come in. I worry about him when its cold :(,SAFE,sms_phishing_v1,english,Legitimate
SMS_01879,"Yeah, I'll leave in a couple minutes &amp; let you know when I get to mu",SAFE,sms_phishing_v1,english,Legitimate
SMS_01880,Can Ì_ call me at 10:10 to make sure dat i've woken up...,SAFE,sms_phishing_v1,english,Legitimate
SMS_01881,Hey we can go jazz power yoga hip hop kb and yogasana,SAFE,sms_phishing_v1,english,Legitimate
SMS_01882,The battery is for mr adewale my uncle. Aka Egbon,SAFE,sms_phishing_v1,english,Legitimate
SMS_01883,Wait 2 min..stand at bus stop,SAFE,sms_phishing_v1,english,Legitimate
SMS_01884,Oh ic. I thought you meant mary jane.,SAFE,sms_phishing_v1,english,Legitimate
SMS_01885,Haha... Really oh no... How? Then will they deduct your lesson tmr?,SAFE,sms_phishing_v1,english,Legitimate
SMS_01886,Nah im goin 2 the wrks with j wot bout u?,SAFE,sms_phishing_v1,english,Legitimate
SMS_01887,Then just eat a shit and wait for ur monkey face bitch.......... U asshole..................,SAFE,sms_phishing_v1,english,Legitimate
SMS_01888,Good night. Am going to sleep.,SAFE,sms_phishing_v1,english,Legitimate
SMS_01889,"Aight I'll grab something to eat too, text me when you're back at mu",SAFE,sms_phishing_v1,english,Legitimate
SMS_01890,Take something for pain. If it moves however to any side in the next 6hrs see a doctor.,SAFE,sms_phishing_v1,english,Legitimate
SMS_01891,"Lol ... Oh no babe, I wont be sliding into your place after midnight, but thanks for the invite",SAFE,sms_phishing_v1,english,Legitimate
SMS_01892,Howz that persons story,SAFE,sms_phishing_v1,english,Legitimate
SMS_01893,Guess what! Somebody you know secretly fancies you! Wanna find out who it is? Give us a call on 09065394973 from Landline DATEBox1282EssexCM61XN 150p/min 18,PHISHING,sms_phishing_v1,english,Spam
SMS_01894,LOL that would be awesome payback.,SAFE,sms_phishing_v1,english,Legitimate
SMS_01895,it to 80488. Your 500 free text messages are valid until 31 December 2005.,PHISHING,sms_phishing_v1,english,Spam
SMS_01896,"Honeybee Said: *I'm d Sweetest in d World* God Laughed &amp; Said: *Wait,U Havnt Met d Person Reading This Msg* MORAL: Even GOD Can Crack Jokes! GM+GN+GE+GN:)",SAFE,sms_phishing_v1,english,Legitimate
SMS_01897,Thanks. It was only from tescos but quite nice. All gone now. Speak soon,SAFE,sms_phishing_v1,english,Legitimate
SMS_01898,What's a feathery bowa? Is that something guys have that I don't know about?,SAFE,sms_phishing_v1,english,Legitimate
SMS_01899,Even i cant close my eyes you are in me our vava playing umma :-D,SAFE,sms_phishing_v1,english,Legitimate
SMS_01900,2 laptop... I noe infra but too slow lar... I wan fast one,SAFE,sms_phishing_v1,english,Legitimate
SMS_01901,You have won a guaranteed å£200 award or even å£1000 cashto claim UR award call free on 08000407165 (18+) 2 stop getstop on 88222 PHP,PHISHING,sms_phishing_v1,english,Phishing
SMS_01902,Nvm it's ok...,SAFE,sms_phishing_v1,english,Legitimate
SMS_01903,Enjoy ur life. . Good night,SAFE,sms_phishing_v1,english,Legitimate
SMS_01904,Yes but can we meet in town cos will go to gep and then home. You could text at bus stop. And don't worry we'll have finished by march Û_ ish!,SAFE,sms_phishing_v1,english,Legitimate
SMS_01905,Thats cool. Where should i cum? On you or in you? :),SAFE,sms_phishing_v1,english,Legitimate
SMS_01906,Delhi and chennai still silent.,SAFE,sms_phishing_v1,english,Legitimate
SMS_01907,Lol alright i was thinkin that too haha,SAFE,sms_phishing_v1,english,Legitimate
SMS_01908,Reply to win å£100 weekly! Where will the 2006 FIFA World Cup be held? Send STOP to 87239 to end service,PHISHING,sms_phishing_v1,english,Spam
SMS_01909,No I'm in the same boat. Still here at my moms. Check me out on yo. I'm half naked.,SAFE,sms_phishing_v1,english,Legitimate
SMS_01910,Shhhhh nobody is supposed to know!,SAFE,sms_phishing_v1,english,Legitimate
SMS_01911,"Sorry, I'll call later in meeting any thing related to trade please call Arul. &lt;#&gt;",SAFE,sms_phishing_v1,english,Legitimate
SMS_01912,Hey i will be late... i'm at amk. Need to drink tea or coffee,SAFE,sms_phishing_v1,english,Legitimate
SMS_01913,Urgent! Please call 09061743810 from landline. Your ABTA complimentary 4* Tenerife Holiday or #5000 cash await collection SAE T&Cs Box 326 CW25WX 150 ppm,PHISHING,sms_phishing_v1,english,Phishing
SMS_01914,The length is e same but e top shorter n i got a fringe now. I thk i'm not going liao. Too lazy. Dun wan 2 distract u also.,SAFE,sms_phishing_v1,english,Legitimate
SMS_01915,S..antha num corrct dane,SAFE,sms_phishing_v1,english,Legitimate
SMS_01916,The basket's gettin full so I might be by tonight,SAFE,sms_phishing_v1,english,Legitimate
SMS_01917,HI DARLIN IVE JUST GOT BACK AND I HAD A REALLY NICE NIGHT AND THANKS SO MUCH FOR THE LIFT SEE U TOMORROW XXX,SAFE,sms_phishing_v1,english,Legitimate
SMS_01918,No other Valentines huh? The proof is on your fb page. Ugh I'm so glad I really DIDN'T watch your rupaul show you TOOL!,SAFE,sms_phishing_v1,english,Legitimate
SMS_01919,Free tones Hope you enjoyed your new content. text stop to 61610 to unsubscribe. help:08712400602450p Provided by tones2you.co.uk,PHISHING,sms_phishing_v1,english,Spam
SMS_01920,Eh den sat u book e kb liao huh...,SAFE,sms_phishing_v1,english,Legitimate
SMS_01921,Have you been practising your curtsey?,SAFE,sms_phishing_v1,english,Legitimate
SMS_01922,Lol boo I was hoping for a laugh,SAFE,sms_phishing_v1,english,Legitimate
SMS_01923,"\YEH I AM DEF UP4 SOMETHING SAT JUST GOT PAYED2DAY & I HAVBEEN GIVEN Aå£50 PAY RISE 4MY WORK & HAVEBEEN MADE PRESCHOOLCO-ORDINATOR 2I AM FEELINGOOD LUV\""""",SAFE,sms_phishing_v1,english,Legitimate
SMS_01924,"Well, I have to leave for my class babe ... You never came back to me ... :-( ... Hope you have a nice sleep, my love",SAFE,sms_phishing_v1,english,Legitimate
SMS_01925,LMAO where's your fish memory when I need it?,SAFE,sms_phishing_v1,english,Legitimate
SMS_01926,But i'll b going 2 sch on mon. My sis need 2 take smth.,SAFE,sms_phishing_v1,english,Legitimate
SMS_01927,Idea will soon get converted to live:),SAFE,sms_phishing_v1,english,Legitimate
SMS_01928,TheMob>Yo yo yo-Here comes a new selection of hot downloads for our members to get for FREE! Just click & open the next link sent to ur fone...,PHISHING,sms_phishing_v1,english,Phishing
SMS_01929,S....s...india going to draw the series after many years in south african soil..,SAFE,sms_phishing_v1,english,Legitimate
SMS_01930,"Goodmorning, today i am late for  &lt;DECIMAL&gt; min.",SAFE,sms_phishing_v1,english,Legitimate
SMS_01931,Can't take any major roles in community outreach. You rock mel,SAFE,sms_phishing_v1,english,Legitimate
SMS_01932,Shopping lor. Them raining mah hard 2 leave orchard.,SAFE,sms_phishing_v1,english,Legitimate
SMS_01933,Hi here. have birth at on the  to  at 8lb 7oz. Mother and baby doing brilliantly.,SAFE,sms_phishing_v1,english,Legitimate
SMS_01934,See the forwarding message for proof,SAFE,sms_phishing_v1,english,Legitimate
SMS_01935,"I can't keep going through this. It was never my intention to run you out, but if you choose to do that rather than keep the room clean so *I* don't have to say no to visitors, then maybe that's the best choice. Yes, I wanted you to be embarassed, so maybe you'd feel for once how I feel when i have a friend who wants to drop buy and i have to say no, as happened this morning. I've tried everything. I don't know what else to do.",SAFE,sms_phishing_v1,english,Legitimate
SMS_01936,Dunno lei... I thk mum lazy to go out... I neva ask her yet...,SAFE,sms_phishing_v1,english,Legitimate
SMS_01937,"Do whatever you want. You know what the rules are. We had a talk earlier this week about what had to start happening, you showing responsibility. Yet, every week it's can i bend the rule this way? What about that way? Do whatever. I'm tired of having thia same argument with you every week. And a  &lt;#&gt;  movie DOESNT inlude the previews. You're still getting in after 1.",SAFE,sms_phishing_v1,english,Legitimate
SMS_01938,"Beautiful Truth against Gravity.. Read carefully: \Our heart feels light when someone is in it.. But it feels very heavy when someone leaves it..\"" GOODMORNING""",SAFE,sms_phishing_v1,english,Legitimate
SMS_01939,Great News! Call FREEFONE 08006344447 to claim your guaranteed å£1000 CASH or å£2000 gift. Speak to a live operator NOW!,PHISHING,sms_phishing_v1,english,Phishing
SMS_01940,Ambrith..madurai..met u in arun dha marrge..remembr?,SAFE,sms_phishing_v1,english,Legitimate
SMS_01941,Just re read it and I have no shame but tell me how he takes it and if he runs I will blame u 4 ever!! Not really 4 ever just a long time,SAFE,sms_phishing_v1,english,Legitimate
SMS_01942,"Princess, is your kitty shaved or natural?",SAFE,sms_phishing_v1,english,Legitimate
SMS_01943,"Better than bb. If he wont use it, his wife will or them doctor",SAFE,sms_phishing_v1,english,Legitimate
SMS_01944,Ya it came a while ago,SAFE,sms_phishing_v1,english,Legitimate
SMS_01945,From tomorrow onwards eve 6 to 3 work.,SAFE,sms_phishing_v1,english,Legitimate
SMS_01946,Anything lor but toa payoh got place 2 walk meh...,SAFE,sms_phishing_v1,english,Legitimate
SMS_01947,"I don't have anybody's number, I still haven't thought up a tactful way to ask alex",SAFE,sms_phishing_v1,english,Legitimate
SMS_01948,"U can WIN å£100 of Music Gift Vouchers every week starting NOW Txt the word DRAW to 87066 TsCs www.ldew.com SkillGame,1Winaweek, age16.150ppermessSubscription",PHISHING,sms_phishing_v1,english,Spam
SMS_01949,Is there any movie theatre i can go to and watch unlimited movies and just pay once?,SAFE,sms_phishing_v1,english,Legitimate
SMS_01950,U having lunch alone? I now so bored...,SAFE,sms_phishing_v1,english,Legitimate
SMS_01951,"Yes obviously, but you are the eggs-pert and the potato headÛ_ Speak soon!",SAFE,sms_phishing_v1,english,Legitimate
SMS_01952,"Nah man, my car is meant to be crammed full of people",SAFE,sms_phishing_v1,english,Legitimate
SMS_01953,No got new job at bar in airport on satsgettin 4.47per hour but means no lie in! keep in touch,SAFE,sms_phishing_v1,english,Legitimate
SMS_01954,Kallis is ready for bat in 2nd innings,SAFE,sms_phishing_v1,english,Legitimate
SMS_01955,Thanx but my birthday is over already.,SAFE,sms_phishing_v1,english,Legitimate
SMS_01956,"Ugh y can't u just apologize, admit u were wrong and ask me to take u back?",SAFE,sms_phishing_v1,english,Legitimate
SMS_01957,"I noe la... U wana pei bf oso rite... K lor, other days den...",SAFE,sms_phishing_v1,english,Legitimate
SMS_01958,"Yes, i'm small kid.. And boost is the secret of my energy..",SAFE,sms_phishing_v1,english,Legitimate
SMS_01959,IM GONNA MISS U SO MUCH,SAFE,sms_phishing_v1,english,Legitimate
SMS_01960,Is avatar supposed to have subtoitles,SAFE,sms_phishing_v1,english,Legitimate
SMS_01961,Simply sitting and watching match in office..,SAFE,sms_phishing_v1,english,Legitimate
SMS_01962,You can jot down things you want to remember later.,SAFE,sms_phishing_v1,english,Legitimate
SMS_01963,Oh sorry please its over,SAFE,sms_phishing_v1,english,Legitimate
SMS_01964,Hey are we going for the lo lesson or gym?,SAFE,sms_phishing_v1,english,Legitimate
SMS_01965,"Dont pack what you can buy at any store.like cereals. If you must pack food, pack gari or something 9ja that you will miss.",SAFE,sms_phishing_v1,english,Legitimate
SMS_01966,You always make things bigger than they are,SAFE,sms_phishing_v1,english,Legitimate
SMS_01967,ÌÏ dun wan to watch infernal affair?,SAFE,sms_phishing_v1,english,Legitimate
SMS_01968,"Me not waking up until 4 in the afternoon, sup",SAFE,sms_phishing_v1,english,Legitimate
SMS_01969,I can send you a pic if you like :),SAFE,sms_phishing_v1,english,Legitimate
SMS_01970,Okay... I booked all already... Including the one at bugis.,SAFE,sms_phishing_v1,english,Legitimate
SMS_01971,"Aight fuck it, I'll get it later",SAFE,sms_phishing_v1,english,Legitimate
SMS_01972,No de. But call me after some time. Ill tell you k,SAFE,sms_phishing_v1,english,Legitimate
SMS_01973,So dont use hook up any how,SAFE,sms_phishing_v1,english,Legitimate
SMS_01974,How much is blackberry bold2 in nigeria.,SAFE,sms_phishing_v1,english,Legitimate
SMS_01975,Hi where you. You in home or calicut?,SAFE,sms_phishing_v1,english,Legitimate
SMS_01976,Hey darlin.. i can pick u up at college if u tell me wen & where 2 mt.. love Pete xx,SAFE,sms_phishing_v1,english,Legitimate
SMS_01977,"Call 09094100151 to use ur mins! Calls cast 10p/min (mob vary). Service provided by AOM, just GBP5/month. AOM Box61,M60 1ER until u stop. Ages 18+ only!",PHISHING,sms_phishing_v1,english,Spam
SMS_01978,"Oh... I was thkin of goin yogasana at 10 den no nd to go at 3 den can rush to parco 4 nb... Okie lor, u call me when ready...",SAFE,sms_phishing_v1,english,Legitimate
SMS_01979,Y so late but i need to go n get da laptop...,SAFE,sms_phishing_v1,english,Legitimate
SMS_01980,"Sir, I am waiting for your mail.",SAFE,sms_phishing_v1,english,Legitimate
SMS_01981,.Please charge my mobile when you get up in morning.,SAFE,sms_phishing_v1,english,Legitimate
SMS_01982,"Nothing, i got msg frm tht unknown no..",SAFE,sms_phishing_v1,english,Legitimate
SMS_01983,Ugh fuck it I'm resubbing to eve,SAFE,sms_phishing_v1,english,Legitimate
SMS_01984,He didn't see his shadow. We get an early spring yay,SAFE,sms_phishing_v1,english,Legitimate
SMS_01985,I did. One slice and one breadstick. Lol,SAFE,sms_phishing_v1,english,Legitimate
SMS_01986,"Hey ! I want you ! I crave you ! I miss you ! I need you ! I love you, Ahmad Saeed al Hallaq ...",SAFE,sms_phishing_v1,english,Legitimate
SMS_01987,Is there any training tomorrow?,SAFE,sms_phishing_v1,english,Legitimate
SMS_01988,"URGENT! Your mobile No *********** WON a å£2,000 Bonus Caller Prize on 02/06/03! This is the 2nd attempt to reach YOU! Call 09066362220 ASAP! BOX97N7QP, 150ppm",PHISHING,sms_phishing_v1,english,Phishing
SMS_01989,Pass dis to all ur contacts n see wat u get! Red;i'm in luv wid u. Blue;u put a smile on my face. Purple;u r realy hot. Pink;u r so swt. Orange;i thnk i lyk u. Green;i realy wana go out wid u. Yelow;i wnt u bck. Black;i'm jealous of u. Brown;i miss you Nw plz giv me one color,SAFE,sms_phishing_v1,english,Legitimate
SMS_01990,Cos daddy arranging time c wat time fetch Ì_ mah...,SAFE,sms_phishing_v1,english,Legitimate
SMS_01991,Then. You are eldest know.,SAFE,sms_phishing_v1,english,Legitimate
SMS_01992,Who's there say hi to our drugdealer,SAFE,sms_phishing_v1,english,Legitimate
SMS_01993,Its hard to believe things like this. All can say lie but think twice before saying anything to me.,SAFE,sms_phishing_v1,english,Legitimate
SMS_01994,"Eerie Nokia tones 4u, rply TONE TITLE to 8007 eg TONE DRACULA to 8007 Titles: GHOST, ADDAMSFA, MUNSTERS, EXORCIST, TWILIGHT www.getzed.co.uk POBox36504W45WQ 150p",PHISHING,sms_phishing_v1,english,Spam
SMS_01995,Sexy Singles are waiting for you! Text your AGE followed by your GENDER as wither M or F E.G.23F. For gay men text your AGE followed by a G. e.g.23G.,PHISHING,sms_phishing_v1,english,Spam
SMS_01996,Good night my dear.. Sleepwell&amp;Take care,SAFE,sms_phishing_v1,english,Legitimate
SMS_01997,That is wondarfull song,SAFE,sms_phishing_v1,english,Legitimate
SMS_01998,"FreeMsg: Claim ur 250 SMS messages-Text OK to 84025 now!Use web2mobile 2 ur mates etc. Join Txt250.com for 1.50p/wk. T&C BOX139, LA32WU. 16 . Remove txtX or stop",PHISHING,sms_phishing_v1,english,Phishing
SMS_01999,Yar lor actually we quite fast... Cos da ge slow wat... Haha...,SAFE,sms_phishing_v1,english,Legitimate
SMS_02000,Must come later.. I normally bathe him in da afternoon mah..,SAFE,sms_phishing_v1,english,Legitimate
SMS_02001,"Trust me. Even if isn't there, its there.",SAFE,sms_phishing_v1,english,Legitimate
SMS_02002,Hey hun-onbus goin 2 meet him. He wants 2go out 4a meal but I donyt feel like it cuz have 2 get last bus home!But hes sweet latelyxxx,SAFE,sms_phishing_v1,english,Legitimate
SMS_02003,85233 FREE>Ringtone!Reply REAL,PHISHING,sms_phishing_v1,english,Spam
SMS_02004,I can take you at like noon,SAFE,sms_phishing_v1,english,Legitimate
SMS_02005,Where is it. Is there any opening for mca.,SAFE,sms_phishing_v1,english,Legitimate
SMS_02006,I'm aight. Wat's happening on your side.,SAFE,sms_phishing_v1,english,Legitimate
SMS_02007,I'm done oredi...,SAFE,sms_phishing_v1,english,Legitimate
SMS_02008,"you are sweet as well, princess. Please tell me your likes and dislikes in bed...",SAFE,sms_phishing_v1,english,Legitimate
SMS_02009,How are you. Wish you a great semester,SAFE,sms_phishing_v1,english,Legitimate
SMS_02010,Moji i love you more than words. Have a rich day,SAFE,sms_phishing_v1,english,Legitimate
SMS_02011,Dude how do you like the buff wind.,SAFE,sms_phishing_v1,english,Legitimate
SMS_02012,"\alright babe  justthought iåÕd sayhey! how u doin?nearly the endof me wk offdam nevamind!We will have 2Hook up sn if uwant m8? loveJen x.\""""",SAFE,sms_phishing_v1,english,Legitimate
SMS_02013,Well done ENGLAND! Get the official poly ringtone or colour flag on yer mobile! text TONE or FLAG to 84199 NOW! Opt-out txt ENG STOP. Box39822 W111WX å£1.50,PHISHING,sms_phishing_v1,english,Spam
SMS_02014,"No i'm not. I can't give you everything you want and need. You actually could do better for yourself on yor own--you've got more money than i do. I can't get work, i can't get a man, i can't pay the rent, i can't even fill my fucking gas tank. yes, i'm stressed and depressed. I didn't even call home for thanksgiving cuz i'll have to tell them i,m up to nothing.",SAFE,sms_phishing_v1,english,Legitimate
SMS_02015,S:-)kallis wont play in first two odi:-),SAFE,sms_phishing_v1,english,Legitimate
SMS_02016,Then get some cash together and I'll text jason,SAFE,sms_phishing_v1,english,Legitimate
SMS_02017,"Oh, my love, it's soooo good to hear from you. Omg I missed you so much today. I'm sorry your having problems with the provider but thank you for tming me",SAFE,sms_phishing_v1,english,Legitimate
SMS_02018,"Final Chance! Claim ur å£150 worth of discount vouchers today! Text YES to 85023 now! SavaMob, member offers mobile! T Cs SavaMob POBOX84, M263UZ. å£3.00 Subs 16",PHISHING,sms_phishing_v1,english,Phishing
SMS_02019,"Probably, want to pick up more?",SAFE,sms_phishing_v1,english,Legitimate
SMS_02020,I'm done...,SAFE,sms_phishing_v1,english,Legitimate
SMS_02021,Are you the cutest girl in the world or what,SAFE,sms_phishing_v1,english,Legitimate
SMS_02022,"No dice, art class 6 thru 9 :( thanks though. Any idea what time I should come tomorrow?",SAFE,sms_phishing_v1,english,Legitimate
SMS_02023,"SMS SERVICES. for your inclusive text credits, pls goto www.comuk.net login= ***** unsubscribe with STOP. no extra charge. help:08700469649. PO BOX420. IP4 5WE",PHISHING,sms_phishing_v1,english,Phishing
SMS_02024,Oh Howda gud gud.. Mathe en samachara chikku:-),SAFE,sms_phishing_v1,english,Legitimate
SMS_02025,I thk 530 lor. But dunno can get tickets a not. Wat u doing now?,SAFE,sms_phishing_v1,english,Legitimate
SMS_02026,Audrie lousy autocorrect,SAFE,sms_phishing_v1,english,Legitimate
SMS_02027,Its a site to simulate the test. It just gives you very tough questions to test your readiness.,SAFE,sms_phishing_v1,english,Legitimate
SMS_02028,Anyway seriously hit me up when you're back because otherwise I have to light up with armand and he always has shit and/or is vomiting,SAFE,sms_phishing_v1,english,Legitimate
SMS_02029,I fetch yun or u fetch?,SAFE,sms_phishing_v1,english,Legitimate
SMS_02030,Thank you. I like you as well...,SAFE,sms_phishing_v1,english,Legitimate
SMS_02031,"Hmmm ... And imagine after you've come home from that having to rub my feet, make me dinner and help me get ready for my date ! Are you sure your ready for that kind of life ?",SAFE,sms_phishing_v1,english,Legitimate
SMS_02032,Lara said she can loan me  &lt;#&gt; .,SAFE,sms_phishing_v1,english,Legitimate
SMS_02033,Do we have any spare power supplies,SAFE,sms_phishing_v1,english,Legitimate
SMS_02034,Yar he quite clever but aft many guesses lor. He got ask me 2 bring but i thk darren not so willing 2 go. Aiya they thk leona still not attach wat.,SAFE,sms_phishing_v1,english,Legitimate
SMS_02035,You are a winner you have been specially selected to receive å£1000 cash or a å£2000 award. Speak to a live operator to claim call 087123002209am-7pm. Cost 10p,PHISHING,sms_phishing_v1,english,Phishing
SMS_02036,"Yeah, don't go to bed, I'll be back before midnight",SAFE,sms_phishing_v1,english,Legitimate
SMS_02037,"Sunshine Hols. To claim ur med holiday send a stamped self address envelope to Drinks on Us UK, PO Box 113, Bray, Wicklow, Eire. Quiz Starts Saturday! Unsub Stop",PHISHING,sms_phishing_v1,english,Phishing
SMS_02038,Well I wasn't available as I washob nobbing with last night so they had to ask Nickey Platt instead of me!;,SAFE,sms_phishing_v1,english,Legitimate
SMS_02039,"It's that time of the week again, ryan",SAFE,sms_phishing_v1,english,Legitimate
SMS_02040,Wish u many many returns of the day.. Happy birthday vikky..,SAFE,sms_phishing_v1,english,Legitimate
SMS_02041,"U can WIN å£100 of Music Gift Vouchers every week starting NOW Txt the word DRAW to 87066 TsCs www.Idew.com SkillGame, 1Winaweek, age16. 150ppermessSubscription",PHISHING,sms_phishing_v1,english,Spam
SMS_02042,I hope you know I'm still mad at you.,SAFE,sms_phishing_v1,english,Legitimate
SMS_02043,"Argh my 3g is spotty, anyway the only thing I remember from the research we did was that province and sterling were the only problem-free places we looked at",SAFE,sms_phishing_v1,english,Legitimate
SMS_02044,In xam hall boy asked girl Tell me the starting term for dis answer I can den manage on my own After lot of hesitation n lookin around silently she said THE! intha ponnungale ipaditan;),SAFE,sms_phishing_v1,english,Legitimate
SMS_02045,Do you know when the result.,SAFE,sms_phishing_v1,english,Legitimate
SMS_02046,"Sorry im getting up now, feel really bad- totally rejected that kinda me thing.",SAFE,sms_phishing_v1,english,Legitimate
SMS_02047,You do got a shitload of diamonds though,SAFE,sms_phishing_v1,english,Legitimate
SMS_02048,Tessy..pls do me a favor. Pls convey my birthday wishes to Nimya..pls dnt forget it. Today is her birthday Shijas,SAFE,sms_phishing_v1,english,Legitimate
SMS_02049,Well I'm going to be an aunty!,SAFE,sms_phishing_v1,english,Legitimate
SMS_02050,Mine here like all fr china then so noisy.,SAFE,sms_phishing_v1,english,Legitimate
SMS_02051,Later i guess. I needa do mcat study too.,SAFE,sms_phishing_v1,english,Legitimate
SMS_02052,S...from the training manual it show there is no tech process:)its all about password reset and troubleshooting:),SAFE,sms_phishing_v1,english,Legitimate
SMS_02053,Your B4U voucher w/c 27/03 is MARSMS. Log onto www.B4Utele.com for discount credit. To opt out reply stop. Customer care call 08717168528,PHISHING,sms_phishing_v1,english,Spam
SMS_02054,"Spoke with uncle john today. He strongly feels that you need to sacrifice to keep me here. He's going to call you. When he does, i beg you to just listen. Dont make any promises or make it clear things are not easy. And i need you to please let us work things out. As long as i keep expecting help, my creativity will be stifled so pls just keep him happy, no promises on your part.",SAFE,sms_phishing_v1,english,Legitimate
SMS_02055,"Carlos took a while (again), we leave in a minute",SAFE,sms_phishing_v1,english,Legitimate
SMS_02056,Well done and ! luv ya all,SAFE,sms_phishing_v1,english,Legitimate
SMS_02057,Then why you came to hostel.,SAFE,sms_phishing_v1,english,Legitimate
SMS_02058,K still are you loving me.,SAFE,sms_phishing_v1,english,Legitimate
SMS_02059,But i juz remembered i gotta bathe my dog today..,SAFE,sms_phishing_v1,english,Legitimate
SMS_02060,After the drug she will be able to eat.,SAFE,sms_phishing_v1,english,Legitimate
SMS_02061,Alright took the morphine. Back in yo.,SAFE,sms_phishing_v1,english,Legitimate
SMS_02062,You see the requirements please,SAFE,sms_phishing_v1,english,Legitimate
SMS_02063,You stayin out of trouble stranger!!saw Dave the other day heåÕs sorted now!still with me bloke when u gona get a girl MR!ur mum still Thinks we will get 2GETHA!,SAFE,sms_phishing_v1,english,Legitimate
SMS_02064,FreeMsg: Hey - I'm Buffy. 25 and love to satisfy men. Home alone feeling randy. Reply 2 C my PIX! QlynnBV Help08700621170150p a msg Send stop to stop txts,PHISHING,sms_phishing_v1,english,Spam
SMS_02065,So can collect ur laptop?,SAFE,sms_phishing_v1,english,Legitimate
SMS_02066,"Ok. Can be later showing around 8-8:30 if you want + cld have drink before. Wld prefer not to spend money on nosh if you don't mind, as doing that nxt wk.",SAFE,sms_phishing_v1,english,Legitimate
SMS_02067,I will once i get home,SAFE,sms_phishing_v1,english,Legitimate
SMS_02068,Waaaat?? Lololo ok next time then!,SAFE,sms_phishing_v1,english,Legitimate
SMS_02069,"The table's occupied, I'm waiting by the tree",SAFE,sms_phishing_v1,english,Legitimate
SMS_02070,I surely dont forgot to come:)i will always be in touch in with you:-),SAFE,sms_phishing_v1,english,Legitimate
SMS_02071,Hi kindly give us back our documents which we submitted for loan from STAPATI,SAFE,sms_phishing_v1,english,Legitimate
SMS_02072,I dont have i shall buy one dear,SAFE,sms_phishing_v1,english,Legitimate
SMS_02073,Oh god i am happy to see your message after 3 days,SAFE,sms_phishing_v1,english,Legitimate
SMS_02074,What year. And how many miles.,SAFE,sms_phishing_v1,english,Legitimate
SMS_02075,Hey cutie. How goes it? Here in WALES its kinda ok. There is like hills and shit but i still avent killed myself.,SAFE,sms_phishing_v1,english,Legitimate
SMS_02076,"Sad story of a Man - Last week was my b'day. My Wife did'nt wish me. My Parents forgot n so did my Kids . I went to work. Even my Colleagues did not wish. As I entered my cabin my PA said, '' Happy B'day Boss !!''. I felt special. She askd me 4 lunch. After lunch she invited me to her apartment. We went there. She said,'' do u mind if I go into the bedroom for a minute ? '' ''OK'', I sed in a sexy mood. She came out 5 minuts latr wid a cake...n My Wife, My Parents, My Kidz, My Friends n My Colleagues. All screaming.. SURPRISE !! and I was waiting on the sofa.. ... ..... ' NAKED...!",SAFE,sms_phishing_v1,english,Legitimate
SMS_02077,I think you should go the honesty road. Call the bank tomorrow. Its the tough decisions that make us great people.,SAFE,sms_phishing_v1,english,Legitimate
SMS_02078,FREE for 1st week! No1 Nokia tone 4 ur mob every week just txt NOKIA to 87077 Get txting and tell ur mates. zed POBox 36504 W45WQ norm150p/tone 16+,PHISHING,sms_phishing_v1,english,Spam
SMS_02079,No. Its not specialisation. Can work but its slave labor. Will look for it this month sha cos no shakara 4 beggar.,SAFE,sms_phishing_v1,english,Legitimate
SMS_02080,Is she replying. Has boye changed his phone number,SAFE,sms_phishing_v1,english,Legitimate
SMS_02081,hi my darlin im on my way to London and we have just been smashed into by another driver! and have a big dent! im really missing u what have u been up to? xxx,SAFE,sms_phishing_v1,english,Legitimate
SMS_02082,"Nothing really, just making sure everybody's up to speed",SAFE,sms_phishing_v1,english,Legitimate
SMS_02083,I'm not coming home 4 dinner.,SAFE,sms_phishing_v1,english,Legitimate
SMS_02084,"Thank you. And by the way, I just lost.",SAFE,sms_phishing_v1,english,Legitimate
SMS_02085,Yes.he have good crickiting mind,SAFE,sms_phishing_v1,english,Legitimate
SMS_02086,Thx. All will be well in a few months,SAFE,sms_phishing_v1,english,Legitimate
SMS_02087,"\CAN I PLEASE COME UP NOW IMIN TOWN.DONTMATTER IF URGOIN OUTL8R JUST REALLYNEED 2DOCD.PLEASE DONTPLEASE DONTIGNORE MYCALLS U NO THECD ISV.IMPORTANT TOME 4 2MORO\""""",SAFE,sms_phishing_v1,english,Legitimate
SMS_02088,I wont. So wat's wit the guys,SAFE,sms_phishing_v1,english,Legitimate
SMS_02089,Yavnt tried yet and never played original either,SAFE,sms_phishing_v1,english,Legitimate
SMS_02090,"Hiya, had a good day? Have you spoken to since the weekend?",SAFE,sms_phishing_v1,english,Legitimate
SMS_02091,See? I thought it all through,SAFE,sms_phishing_v1,english,Legitimate
SMS_02092,get ready to moan and scream :),SAFE,sms_phishing_v1,english,Legitimate
SMS_02093,Oh k :)why you got job then whats up?,SAFE,sms_phishing_v1,english,Legitimate
SMS_02094,"I don,t think so. You don't need to be going out that late on a school night. ESPECIALLY when the one class you have is the one you missed last wednesday and probably failed a test in on friday",SAFE,sms_phishing_v1,english,Legitimate
SMS_02095,And popping &lt;#&gt; ibuprofens was no help.,SAFE,sms_phishing_v1,english,Legitimate
SMS_02096,"Babe ! How goes that day ? What are you doing ? Where are you ? I sip my cappuccino and think of you, my love ... I send a kiss to you from across the sea",SAFE,sms_phishing_v1,english,Legitimate
SMS_02097,Ok.,SAFE,sms_phishing_v1,english,Legitimate
SMS_02098,PS U no ur a grown up now right?,SAFE,sms_phishing_v1,english,Legitimate
SMS_02099,"Chinatown got porridge, claypot rice, yam cake, fishhead beehoon... Either we eat cheap den go cafe n tok or go nydc or somethin...",SAFE,sms_phishing_v1,english,Legitimate
SMS_02100,I know a few people I can hit up and fuck to the yes,SAFE,sms_phishing_v1,english,Legitimate
SMS_02101,Purity of friendship between two is not about smiling after reading the forwarded message..Its about smiling just by seeing the name. Gud evng,SAFE,sms_phishing_v1,english,Legitimate
SMS_02102,So is there anything specific I should be doing with regards to jaklin or what because idk what the fuck,SAFE,sms_phishing_v1,english,Legitimate
SMS_02103,Oh god. I'm gonna Google nearby cliffs now.,SAFE,sms_phishing_v1,english,Legitimate
SMS_02104,FREE camera phones with linerental from 4.49/month with 750 cross ntwk mins. 1/2 price txt bundle deals also avble. Call 08001950382 or call2optout/J MF,PHISHING,sms_phishing_v1,english,Spam
SMS_02105,Yup i shd haf ard 10 pages if i add figures... ÌÏ all got how many pages?,SAFE,sms_phishing_v1,english,Legitimate
SMS_02106,"Ooh, 4got, i'm gonna start belly dancing in moseley weds 6.30 if u want 2 join me, they have a cafe too.",SAFE,sms_phishing_v1,english,Legitimate
SMS_02107,Thankyou so much for the call. I appreciate your care.,SAFE,sms_phishing_v1,english,Legitimate
SMS_02108,Congrats ! Treat pending.i am not on mail for 2 days.will mail once thru.Respect mother at home.check mails.,SAFE,sms_phishing_v1,english,Legitimate
SMS_02109,I called but no one pick up e phone. I ask both of them already they said ok.,SAFE,sms_phishing_v1,english,Legitimate
SMS_02110,Hi my email address has changed now it is,SAFE,sms_phishing_v1,english,Legitimate
SMS_02111,"V-aluable. A-ffectionate. L-oveable. E-ternal. N-oble. T-ruthful. I-ntimate. N-atural. E-namous. Happy \VALENTINES DAY\"" in advance""",SAFE,sms_phishing_v1,english,Legitimate
SMS_02112,"Not much, just some textin'. How bout you?",SAFE,sms_phishing_v1,english,Legitimate
SMS_02113,Bring it if you got it,SAFE,sms_phishing_v1,english,Legitimate
SMS_02114,I'm in a movie. Call me 4 wat?,SAFE,sms_phishing_v1,english,Legitimate
SMS_02115,Not sure I have the stomach for it ...,SAFE,sms_phishing_v1,english,Legitimate
SMS_02116,Haha... can... But i'm having dinner with my cousin...,SAFE,sms_phishing_v1,english,Legitimate
SMS_02117,"A boy was late 2 home. His father: \POWER OF FRNDSHIP\""""",SAFE,sms_phishing_v1,english,Legitimate
SMS_02118,"(And my man carlos is definitely coming by mu tonight, no excuses)",SAFE,sms_phishing_v1,english,Legitimate
SMS_02119,soon you will have the real thing princess! Do i make you wet? :),SAFE,sms_phishing_v1,english,Legitimate
SMS_02120,Raji..pls do me a favour. Pls convey my Birthday wishes to Nimya. Pls. Today is her birthday.,SAFE,sms_phishing_v1,english,Legitimate
SMS_02121,"Haha, my legs and neck are killing me and my amigos are hoping to end the night with a burn, think I could swing by in like an hour?",SAFE,sms_phishing_v1,english,Legitimate
SMS_02122,"URGENT! Your mobile No 07xxxxxxxxx won a å£2,000 bonus caller prize on 02/06/03! this is the 2nd attempt to reach YOU! call 09066362231 ASAP! BOX97N7QP, 150PPM",PHISHING,sms_phishing_v1,english,Phishing
SMS_02123,Usually the body takes care of it buy making sure it doesnt progress. Can we pls continue this talk on saturday.,SAFE,sms_phishing_v1,english,Legitimate
SMS_02124,"URGENT!! Your 4* Costa Del Sol Holiday or å£5000 await collection. Call 09050090044 Now toClaim. SAE, TC s, POBox334, Stockport, SK38xh, Costå£1.50/pm, Max10mins",PHISHING,sms_phishing_v1,english,Phishing
SMS_02125,"Hmm well, night night",SAFE,sms_phishing_v1,english,Legitimate
SMS_02126,Just wanted to say holy shit you guys weren't kidding about this bud,SAFE,sms_phishing_v1,english,Legitimate
SMS_02127,"Just gettin a bit arty with my collages at the mo, well tryin 2 ne way! Got a roast in a min lovely i shall enjoy that!",SAFE,sms_phishing_v1,english,Legitimate
SMS_02128,"This is one of the days you have a billion classes, right?",SAFE,sms_phishing_v1,english,Legitimate
SMS_02129,"Goodmorning, today i am late for 2hrs. Because of back pain.",SAFE,sms_phishing_v1,english,Legitimate
SMS_02130,Ok then i'll let him noe later n ask him call u tmr...,SAFE,sms_phishing_v1,english,Legitimate
SMS_02131,OK i'm waliking ard now... Do u wan me 2 buy anything go ur house?,SAFE,sms_phishing_v1,english,Legitimate
SMS_02132,* Will have two more cartons off u and is very pleased with shelves,SAFE,sms_phishing_v1,english,Legitimate
SMS_02133,Nice talking to you! please dont forget my pix :) i want to see all of you...,SAFE,sms_phishing_v1,english,Legitimate
SMS_02134,You have WON a guaranteed å£1000 cash or a å£2000 prize. To claim yr prize call our customer service representative on 08714712379 between 10am-7pm Cost 10p,PHISHING,sms_phishing_v1,english,Phishing
SMS_02135,But really quite funny lor wat... Then u shd haf run shorter distance wat...,SAFE,sms_phishing_v1,english,Legitimate
SMS_02136,I notice you like looking in the shit mirror youre turning into a right freak,SAFE,sms_phishing_v1,english,Legitimate
SMS_02137,Great. I was getting worried about you. Just know that a wonderful and caring person like you will have only the best in life. Know that u r wonderful and God's love is yours.,SAFE,sms_phishing_v1,english,Legitimate
SMS_02138,"Thanks for your ringtone order, ref number K718. Your mobile will be charged å£4.50. Should your tone not arrive please call customer services on 09065069120",PHISHING,sms_phishing_v1,english,Spam
SMS_02139,"I prefer my free days... Tues, wed, fri oso can... ÌÏ ask those workin lor...",SAFE,sms_phishing_v1,english,Legitimate
SMS_02140,Alrite jod hows the revision goin? Keris bin doin a smidgin. N e way u wanna cum over after college?xx,SAFE,sms_phishing_v1,english,Legitimate
SMS_02141,If you have belive me. Come to my home.,SAFE,sms_phishing_v1,english,Legitimate
SMS_02142,Oh k.k..where did you take test?,SAFE,sms_phishing_v1,english,Legitimate
SMS_02143,Those were my exact intentions,SAFE,sms_phishing_v1,english,Legitimate
SMS_02144,haha but no money leh... Later got to go for tuition... Haha and looking for empty slots for driving lessons,SAFE,sms_phishing_v1,english,Legitimate
SMS_02145,"Hey... Thk we juz go accordin to wat we discussed yest lor, except no kb on sun... Cos there's nt much lesson to go if we attend kb on sat...",SAFE,sms_phishing_v1,english,Legitimate
SMS_02146,"K, wen ur free come to my home and also tel vikky i hav sent mail to him also.. Better come evening il be free today aftr 6pm..:-)",SAFE,sms_phishing_v1,english,Legitimate
SMS_02147,Nothing just getting msgs by dis name wit different no's..,SAFE,sms_phishing_v1,english,Legitimate
SMS_02148,What's your room number again? Wanna make sure I'm knocking on the right door,SAFE,sms_phishing_v1,english,Legitimate
SMS_02149,\Si.como no?!listened2the plaid album-quite gd&the new air1 which is hilarious-also boughtåÓbraindanceåÓa comp.ofstuff on aphexåÕs ;abel,SAFE,sms_phishing_v1,english,Legitimate
SMS_02150,Pls tell nelson that the bb's are no longer comin. The money i was expecting aint coming,SAFE,sms_phishing_v1,english,Legitimate
SMS_02151,"Give her something to drink, if she takes it and doesn't vomit then you her temp might drop. If she unmits however let me know.",SAFE,sms_phishing_v1,english,Legitimate
SMS_02152,Think you sent the text to the home phone. That cant display texts. If you still want to send it his number is,SAFE,sms_phishing_v1,english,Legitimate
SMS_02153,Every day i use to sleep after  &lt;#&gt;  so only.,SAFE,sms_phishing_v1,english,Legitimate
SMS_02154,K I'll call you when I'm close,SAFE,sms_phishing_v1,english,Legitimate
SMS_02155,U buy newspapers already?,SAFE,sms_phishing_v1,english,Legitimate
SMS_02156,Nope wif my sis lor... Aft bathing my dog then i can bathe... Looks like it's going 2 rain soon.,SAFE,sms_phishing_v1,english,Legitimate
SMS_02157,Boo I'm on my way to my moms. She's making tortilla soup. Yummmm,SAFE,sms_phishing_v1,english,Legitimate
SMS_02158,No management puzzeles.,SAFE,sms_phishing_v1,english,Legitimate
SMS_02159,How did you find out in a way that didn't include all of these details,SAFE,sms_phishing_v1,english,Legitimate
SMS_02160,"Hi ya babe x u 4goten bout me?' scammers getting smart..Though this is a regular vodafone no, if you respond you get further prem rate msg/subscription. Other nos used also. Beware!",PHISHING,sms_phishing_v1,english,Spam
SMS_02161,Back 2 work 2morro half term over! Can U C me 2nite 4 some sexy passion B4 I have 2 go back? Chat NOW 09099726481 Luv DENA Calls å£1/minMobsmoreLKPOBOX177HP51FL,PHISHING,sms_phishing_v1,english,Spam
SMS_02162,will you like to be spoiled? :),SAFE,sms_phishing_v1,english,Legitimate
SMS_02163,"Thanks for your ringtone order, ref number R836. Your mobile will be charged å£4.50. Should your tone not arrive please call customer services on 09065069154",PHISHING,sms_phishing_v1,english,Spam
SMS_02164,I am getting threats from your sales executive Shifad as i raised complaint against him. Its an official message.,SAFE,sms_phishing_v1,english,Legitimate
SMS_02165,hope things went well at 'doctors' ;) reminds me i still need 2go.did u c d little thing i left in the lounge?,SAFE,sms_phishing_v1,english,Legitimate
SMS_02166,Den wat will e schedule b lk on sun?,SAFE,sms_phishing_v1,english,Legitimate
SMS_02167,Lol enjoy role playing much?,SAFE,sms_phishing_v1,english,Legitimate
SMS_02168,Ok. Me watching tv too.,SAFE,sms_phishing_v1,english,Legitimate
SMS_02169,"I just lov this line: \Hurt me with the truth  I don't mind i wil tolerat.bcs ur my someone..... But  Never comfort me with a lie\"" gud ni8 and sweet dreams""",SAFE,sms_phishing_v1,english,Legitimate
SMS_02170,"Just checked out, heading out to drop off my stuff now",SAFE,sms_phishing_v1,english,Legitimate
SMS_02171,Here got lots of hair dresser fr china.,SAFE,sms_phishing_v1,english,Legitimate
SMS_02172,Sad story of a Man - Last week was my b'day. My Wife did'nt wish me. My Parents forgot n so did my Kids . I went to work. Even my Colleagues did not wish.,SAFE,sms_phishing_v1,english,Legitimate
SMS_02173,Ill call you evening ill some ideas.,SAFE,sms_phishing_v1,english,Legitimate
SMS_02174,SplashMobile: Choose from 1000s of gr8 tones each wk! This is a subscrition service with weekly tones costing 300p. U have one credit - kick back and ENJOY,PHISHING,sms_phishing_v1,english,Spam
SMS_02175,Did you show him and wot did he say or could u not c him 4 dust?,SAFE,sms_phishing_v1,english,Legitimate
SMS_02176,It should take about  &lt;#&gt;  min,SAFE,sms_phishing_v1,english,Legitimate
SMS_02177,Not heard from U4 a while. Call 4 rude chat private line 01223585334 to cum. Wan 2C pics of me gettin shagged then text PIX to 8552. 2End send STOP 8552 SAM xxx,PHISHING,sms_phishing_v1,english,Spam
SMS_02178,<Forwarded from 88877>FREE entry into our å£250 weekly comp just send the word ENTER to 88877 NOW. 18 T&C www.textcomp.com,PHISHING,sms_phishing_v1,english,Spam
SMS_02179,Finish liao... U?,SAFE,sms_phishing_v1,english,Legitimate
SMS_02180,88066 FROM 88066 LOST 3POUND HELP,PHISHING,sms_phishing_v1,english,Spam
SMS_02181,Haha i think i did too,SAFE,sms_phishing_v1,english,Legitimate
SMS_02182,U know we watchin at lido?,SAFE,sms_phishing_v1,english,Legitimate
SMS_02183,Life spend with someone for a lifetime may be meaningless but a few moments spent with someone who really love you means more than life itself..,SAFE,sms_phishing_v1,english,Legitimate
SMS_02184,"Haha awesome, I've been to 4u a couple times. Who all's coming?",SAFE,sms_phishing_v1,english,Legitimate
SMS_02185,Cold. Dont be sad dear,SAFE,sms_phishing_v1,english,Legitimate
SMS_02186,Think I could stop by in like an hour or so? My roommate's looking to stock up for a trip,SAFE,sms_phishing_v1,english,Legitimate
SMS_02187,Is that on the telly? No its Brdget Jones!,SAFE,sms_phishing_v1,english,Legitimate
SMS_02188,Hello! How r u? Im bored. Inever thought id get bored with the tv but I am. Tell me something exciting has happened there? Anything! =/,SAFE,sms_phishing_v1,english,Legitimate
SMS_02189,Hmm...Bad news...Hype park plaza $700 studio taken...Only left 2 bedrm-$900...,SAFE,sms_phishing_v1,english,Legitimate
SMS_02190,"Sorry, I'll call later in meeting",SAFE,sms_phishing_v1,english,Legitimate
SMS_02191,R Ì_ comin back for dinner?,SAFE,sms_phishing_v1,english,Legitimate
SMS_02192,"I hav almost reached. Call, i m unable to connect u.",SAFE,sms_phishing_v1,english,Legitimate
SMS_02193,Whom you waited for yesterday,SAFE,sms_phishing_v1,english,Legitimate
SMS_02194,I reach home safe n sound liao...,SAFE,sms_phishing_v1,english,Legitimate
SMS_02195,"Velly good, yes please!",SAFE,sms_phishing_v1,english,Legitimate
SMS_02196,"Hi, wkend ok but journey terrible. Wk not good as have huge back log of marking to do",SAFE,sms_phishing_v1,english,Legitimate
SMS_02197,I have had two more letters from . I will copy them for you cos one has a message for you. Speak soon,SAFE,sms_phishing_v1,english,Legitimate
SMS_02198,Alex knows a guy who sells mids but he's down in south tampa and I don't think I could set it up before like 8,SAFE,sms_phishing_v1,english,Legitimate
SMS_02199,Dont you have message offer,SAFE,sms_phishing_v1,english,Legitimate
SMS_02200,Had your mobile 11mths ? Update for FREE to Oranges latest colour camera mobiles & unlimited weekend calls. Call Mobile Upd8 on freefone 08000839402 or 2StopTx,PHISHING,sms_phishing_v1,english,Phishing
SMS_02201,"HEY THERE BABE, HOW U DOIN? WOT U UP 2 2NITE LOVE ANNIE X.",SAFE,sms_phishing_v1,english,Legitimate
SMS_02202,Remind me how to get there and I shall do so,SAFE,sms_phishing_v1,english,Legitimate
SMS_02203,:-( that's not v romantic!,SAFE,sms_phishing_v1,english,Legitimate
SMS_02204,Hello. Damn this christmas thing. I think i have decided to keep this mp3 that doesnt work.,SAFE,sms_phishing_v1,english,Legitimate
SMS_02205,You have 1 new message. Please call 08718738034.,PHISHING,sms_phishing_v1,english,Spam
SMS_02206,HI DARLIN IM MISSIN U HOPE YOU ARE HAVING A GOOD TIME. WHEN ARE U BACK AND WHAT TIME IF U CAN GIVE ME A CALL AT HOME. JESS XX,SAFE,sms_phishing_v1,english,Legitimate
SMS_02207,<Forwarded from 21870000>Hi - this is your Mailbox Messaging SMS alert. You have 4 messages. You have 21 matches. Please call back on 09056242159 to retrieve your messages and matches,PHISHING,sms_phishing_v1,english,Spam
SMS_02208,Draw va?i dont think so:),SAFE,sms_phishing_v1,english,Legitimate
SMS_02209,Dont pick up d call when something important is There to tell. Hrishi,SAFE,sms_phishing_v1,english,Legitimate
SMS_02210,Nothin comes to my mind. ÌÏ help me buy hanger lor. Ur laptop not heavy?,SAFE,sms_phishing_v1,english,Legitimate
SMS_02211,"&lt;#&gt; , that's all? Guess that's easy enough",SAFE,sms_phishing_v1,english,Legitimate
SMS_02212,We can make a baby in yo tho,SAFE,sms_phishing_v1,english,Legitimate
SMS_02213,Should I tell my friend not to come round til like  &lt;#&gt; ish?,SAFE,sms_phishing_v1,english,Legitimate
SMS_02214,Friendship poem: Dear O Dear U R Not Near But I Can Hear Dont Get Fear Live With Cheer No More Tear U R Always my Dear. Gud ni8,SAFE,sms_phishing_v1,english,Legitimate
SMS_02215,Still in the area of the restaurant. Ill try to come back soon,SAFE,sms_phishing_v1,english,Legitimate
SMS_02216,"Aight that'll work, thanks",SAFE,sms_phishing_v1,english,Legitimate
SMS_02217,Moby Pub Quiz.Win a å£100 High Street prize if u know who the new Duchess of Cornwall will be? Txt her first name to 82277.unsub STOP å£1.50 008704050406 SP Arrow,PHISHING,sms_phishing_v1,english,Phishing
SMS_02218,"I have 2 sleeping bags, 1 blanket and paper and  phone details. Anything else?",SAFE,sms_phishing_v1,english,Legitimate
SMS_02219,You have won a Nokia 7250i. This is what you get when you win our FREE auction. To take part send Nokia to 86021 now. HG/Suite342/2Lands Row/W1JHL 16+,PHISHING,sms_phishing_v1,english,Spam
SMS_02220,"Congratulations! Thanks to a good friend U have WON the å£2,000 Xmas prize. 2 claim is easy, just call 08718726971 NOW! Only 10p per minute. BT-national-rate.",PHISHING,sms_phishing_v1,english,Phishing
SMS_02221,"tddnewsletter@emc1.co.uk (More games from TheDailyDraw) Dear Helen, Dozens of Free Games - with great prizesWith..",PHISHING,sms_phishing_v1,english,Phishing
SMS_02222,So what do you guys do.,SAFE,sms_phishing_v1,english,Legitimate
SMS_02223,Also that chat was awesome but don't make it regular unless you can see her in person,SAFE,sms_phishing_v1,english,Legitimate
SMS_02224,That's significant but dont worry.,SAFE,sms_phishing_v1,english,Legitimate
SMS_02225,That's cause your old. I live to be high.,SAFE,sms_phishing_v1,english,Legitimate
SMS_02226,"Waqt se pehle or naseeb se zyada kisi ko kuch nahi milta,Zindgi wo nahi he jo hum sochte hai Zindgi wo hai jo ham jeetey hai..........",SAFE,sms_phishing_v1,english,Legitimate
SMS_02227,On the way to office da..,SAFE,sms_phishing_v1,english,Legitimate
SMS_02228,In which place do you want da.,SAFE,sms_phishing_v1,english,Legitimate
SMS_02229,This pain couldn't have come at a worse time.,SAFE,sms_phishing_v1,english,Legitimate
SMS_02230,Should I be stalking u?,SAFE,sms_phishing_v1,english,Legitimate
SMS_02231,Sorry dude. Dont know how i forgot. Even after Dan reminded me. Sorry. Hope you guys had fun.,SAFE,sms_phishing_v1,english,Legitimate
SMS_02232,Ok lor.,SAFE,sms_phishing_v1,english,Legitimate
SMS_02233,Apps class varaya elaya.,SAFE,sms_phishing_v1,english,Legitimate
SMS_02234,"URGENT! Your mobile number *************** WON a å£2000 Bonus Caller prize on 10/06/03! This is the 2nd attempt to reach you! Call 09066368753 ASAP! Box 97N7QP, 150ppm",PHISHING,sms_phishing_v1,english,Phishing
SMS_02235,That day you asked about anand number. Why:-),SAFE,sms_phishing_v1,english,Legitimate
SMS_02236,Am surfing online store. For offers do you want to buy any thing.,SAFE,sms_phishing_v1,english,Legitimate
SMS_02237,Long beach lor. Expected... U having dinner now?,SAFE,sms_phishing_v1,english,Legitimate
SMS_02238,At home by the way,SAFE,sms_phishing_v1,english,Legitimate
SMS_02239,We are both fine. Thanks,SAFE,sms_phishing_v1,english,Legitimate
SMS_02240,What happen to her tell the truth,SAFE,sms_phishing_v1,english,Legitimate
SMS_02241,Do you like Italian food?,SAFE,sms_phishing_v1,english,Legitimate
SMS_02242,Which is weird because I know I had it at one point,SAFE,sms_phishing_v1,english,Legitimate
SMS_02243,"\Aww you must be nearly dead!Well Jez isComing over toDo some workAnd that whillTake forever!\""""",SAFE,sms_phishing_v1,english,Legitimate
SMS_02244,Tell your friends what you plan to do on Valentines day @ &lt;URL&gt;,SAFE,sms_phishing_v1,english,Legitimate
SMS_02245,"Alright, see you in a bit",SAFE,sms_phishing_v1,english,Legitimate
SMS_02246,Cheers for the message Zogtorius. IåÕve been staring at my phone for an age deciding whether to text or not.,SAFE,sms_phishing_v1,english,Legitimate
SMS_02247,I will take care of financial problem.i will help:),SAFE,sms_phishing_v1,english,Legitimate
SMS_02248,Tell dear what happen to you. Why you talking to me like an alian,SAFE,sms_phishing_v1,english,Legitimate
SMS_02249,Double your mins & txts on Orange or 1/2 price linerental - Motorola and SonyEricsson with B/Tooth FREE-Nokia FREE Call MobileUpd8 on 08000839402 or2optout/HV9D,PHISHING,sms_phishing_v1,english,Spam
SMS_02250,"Hi this is yijue, can i meet u at 11 tmr?",SAFE,sms_phishing_v1,english,Legitimate
SMS_02251,Its posible dnt live in  &lt;#&gt; century cm frwd n thnk different,SAFE,sms_phishing_v1,english,Legitimate
SMS_02252,But i dint slept in afternoon.,SAFE,sms_phishing_v1,english,Legitimate
SMS_02253,That seems unnecessarily affectionate,SAFE,sms_phishing_v1,english,Legitimate
SMS_02254,Yar else i'll thk of all sorts of funny things.,SAFE,sms_phishing_v1,english,Legitimate
SMS_02255,"Download as many ringtones as u like no restrictions, 1000s 2 choose. U can even send 2 yr buddys. Txt Sir to 80082 å£3",PHISHING,sms_phishing_v1,english,Spam
SMS_02256,Thats cool. How was your day?,SAFE,sms_phishing_v1,english,Legitimate
SMS_02257,Please CALL 08712402902 immediately as there is an urgent message waiting for you.,PHISHING,sms_phishing_v1,english,Phishing
SMS_02258,R we going with the  &lt;#&gt;  bus?,SAFE,sms_phishing_v1,english,Legitimate
SMS_02259,"Hello, my love ! How went your day ? Are you alright ? I think of you, my sweet and send a jolt to your heart to remind you ... I LOVE YOU! Can you hear it ? I screamed it across the sea for all the world to hear. Ahmad al Hallaq is loved ! and owned ! *possessive passionate kiss*",SAFE,sms_phishing_v1,english,Legitimate
SMS_02260,No..he joined today itself.,SAFE,sms_phishing_v1,english,Legitimate
SMS_02261,Okay same with me. Well thanks for the clarification,SAFE,sms_phishing_v1,english,Legitimate
SMS_02262,I'll talk to the others and probably just come early tomorrow then,SAFE,sms_phishing_v1,english,Legitimate
SMS_02263,"Spook up your mob with a Halloween collection of a logo & pic message plus a free eerie tone, txt CARD SPOOK to 8007 zed 08701417012150p per logo/pic",PHISHING,sms_phishing_v1,english,Spam
SMS_02264,"Had the money issue weigh me down but thanks to you, I can breathe easier now. I.ll make sure you dont regret it. Thanks.",SAFE,sms_phishing_v1,english,Legitimate
SMS_02265,Hi. I'm sorry i missed your call. Can you pls call back.,SAFE,sms_phishing_v1,english,Legitimate
SMS_02266,"Fantasy Football is back on your TV. Go to Sky Gamestar on Sky Active and play å£250k Dream Team. Scoring starts on Saturday, so register now!SKY OPT OUT to 88088",PHISHING,sms_phishing_v1,english,Spam
SMS_02267,Ok then no need to tell me anything i am going to sleep good night,SAFE,sms_phishing_v1,english,Legitimate
SMS_02268,Ok try to do week end course in coimbatore.,SAFE,sms_phishing_v1,english,Legitimate
SMS_02269,Tone Club: Your subs has now expired 2 re-sub reply MONOC 4 monos or POLYC 4 polys 1 weekly @ 150p per week Txt STOP 2 stop This msg free Stream 0871212025016,PHISHING,sms_phishing_v1,english,Spam
SMS_02270,V nice! Off 2 sheffield tom 2 air my opinions on categories 2 b used 2 measure ethnicity in next census. Busy transcribing. :-),SAFE,sms_phishing_v1,english,Legitimate
SMS_02271,If you r @ home then come down within 5 min,SAFE,sms_phishing_v1,english,Legitimate
SMS_02272,"A Boy loved a gal. He propsd bt she didnt mind. He gv lv lttrs, Bt her frnds threw thm. Again d boy decided 2 aproach d gal , dt time a truck was speeding towards d gal. Wn it was about 2 hit d girl,d boy ran like hell n saved her. She asked 'hw cn u run so fast?' D boy replied \Boost is d secret of my energy\"" n instantly d girl shouted \""our energy\"" n Thy lived happily 2gthr drinking boost evrydy Moral of d story:- I hv free msgs:D;): gud ni8""",SAFE,sms_phishing_v1,english,Legitimate
SMS_02273,"That day Ì_ say Ì_ cut ur hair at paragon, is it called hair sense? Do Ì_ noe how much is a hair cut?",SAFE,sms_phishing_v1,english,Legitimate
SMS_02274,"Hmm, too many of them unfortunately... Pics obviously arent hot cakes. Its kinda fun tho",SAFE,sms_phishing_v1,english,Legitimate
SMS_02275,Watching tv lor... Y she so funny we bluff her 4 wat. Izzit because she thk it's impossible between us?,SAFE,sms_phishing_v1,english,Legitimate
SMS_02276,XMAS Prize draws! We are trying to contact U. Todays draw shows that you have won a å£2000 prize GUARANTEED. Call 09058094565 from land line. Valid 12hrs only,PHISHING,sms_phishing_v1,english,Phishing
SMS_02277,Dunno lei he neva say...,SAFE,sms_phishing_v1,english,Legitimate
SMS_02278,Thanx 4 2day! U r a goodmate I THINK UR RITE SARY! ASUSUAL!1 U CHEERED ME UP! LOVE U FRANYxxxxx,SAFE,sms_phishing_v1,english,Legitimate
SMS_02279,I'm on my way home. Went to change batt 4 my watch then go shop a bit lor.,SAFE,sms_phishing_v1,english,Legitimate
SMS_02280,YES! The only place in town to meet exciting adult singles is now in the UK. Txt CHAT to 86688 now! 150p/Msg.,PHISHING,sms_phishing_v1,english,Spam
SMS_02281,"Hi, Mobile no.  &lt;#&gt;  has added you in their contact list on www.fullonsms.com It s a great place to send free sms to people For more visit fullonsms.com",SAFE,sms_phishing_v1,english,Legitimate
SMS_02282,"Good evening Sir, hope you are having a nice day. I wanted to bring it to your notice that I have been late in paying rent for the past few months and have had to pay a $ &lt;#&gt;  charge. I felt it would be inconsiderate of me to nag about something you give at great cost to yourself and that's why i didnt speak up. I however am in a recession and wont be able to pay the charge this month hence my askin well ahead of month's end. Can you please help. Thank you for everything.",SAFE,sms_phishing_v1,english,Legitimate
SMS_02283,"If i let you do this, i want you in the house by 8am.",SAFE,sms_phishing_v1,english,Legitimate
SMS_02284,"Best line said in Love: . \I will wait till the day I can forget u Or The day u realize that u cannot forget me.\""... Gn""",SAFE,sms_phishing_v1,english,Legitimate
SMS_02285,I will reach before ten morning,SAFE,sms_phishing_v1,english,Legitimate
SMS_02286,Your pussy is perfect!,SAFE,sms_phishing_v1,english,Legitimate
SMS_02287,"Someone has contacted our dating service and entered your phone becausethey fancy you! To find out who it is call from a landline 09058098002. PoBox1, W14RG 150p",PHISHING,sms_phishing_v1,english,Spam
SMS_02288,No message..no responce..what happend?,SAFE,sms_phishing_v1,english,Legitimate
SMS_02289,Also where's the piece,SAFE,sms_phishing_v1,english,Legitimate
SMS_02290,"wiskey Brandy Rum Gin Beer Vodka Scotch Shampain Wine \KUDI\""yarasu dhina vaazhthukkal. ..""",SAFE,sms_phishing_v1,english,Legitimate
SMS_02291,Boo. How's things? I'm back at home and a little bored already :-(,SAFE,sms_phishing_v1,english,Legitimate
SMS_02292,First has she gained more than  &lt;#&gt; kg since she took in. Second has she done the blood sugar tests. If she has and its ok and her blood pressure is within normal limits then no worries,SAFE,sms_phishing_v1,english,Legitimate
SMS_02293,PICK UR FONE UP NOW U DUMB?,SAFE,sms_phishing_v1,english,Legitimate
SMS_02294,"Thanks da thangam, i feel very very happy dear. I also miss you da.",SAFE,sms_phishing_v1,english,Legitimate
SMS_02295,"Okey doke. I'm at home, but not dressed cos laying around ill! Speak to you later bout times and stuff.",SAFE,sms_phishing_v1,english,Legitimate
SMS_02296,I don't run away frm u... I walk slowly &amp; it kills me that u don't care enough to stop me...,SAFE,sms_phishing_v1,english,Legitimate
SMS_02297,"Babe, I'm back ... Come back to me ...",SAFE,sms_phishing_v1,english,Legitimate
SMS_02298,Well you told others you'd marry them...,SAFE,sms_phishing_v1,english,Legitimate
SMS_02299,Neshanth..tel me who r u?,SAFE,sms_phishing_v1,english,Legitimate
SMS_02300,YO YO YO BYATCH WHASSUP?,SAFE,sms_phishing_v1,english,Legitimate
SMS_02301,Oh... Kay... On sat right?,SAFE,sms_phishing_v1,english,Legitimate
SMS_02302,Hi! This is Roger from CL. How are you?,SAFE,sms_phishing_v1,english,Legitimate
SMS_02303,Babe: U want me dont u baby! Im nasty and have a thing 4 filthyguys. Fancy a rude time with a sexy bitch. How about we go slo n hard! Txt XXX SLO(4msgs),PHISHING,sms_phishing_v1,english,Spam
SMS_02304,Oh oh... Wasted... Den muz chiong on sat n sun liao...,SAFE,sms_phishing_v1,english,Legitimate
SMS_02305,Jesus christ bitch I'm trying to give you drugs answer your fucking phone,SAFE,sms_phishing_v1,english,Legitimate
SMS_02306,Please give it 2  or i will pick it up on Tuesday evening about 8 if that is ok.,SAFE,sms_phishing_v1,english,Legitimate
SMS_02307,I'm meeting Darren...,SAFE,sms_phishing_v1,english,Legitimate
SMS_02308,"One of best dialogue in cute reltnship..!! \Wen i Die Dont Come Near My Body..!! Bcoz My Hands May Not Come 2 Wipe Ur Tears Off That Time..!Gud ni8""",SAFE,sms_phishing_v1,english,Legitimate
SMS_02309,"Solve d Case : A Man Was Found Murdered On  &lt;DECIMAL&gt; . &lt;#&gt;  AfterNoon. 1,His wife called Police. 2,Police questioned everyone. 3,Wife: Sir,I was sleeping, when the murder took place. 4.Cook: I was cooking. 5.Gardener: I was picking vegetables. 6.House-Maid: I went 2 d post office. 7.Children: We went 2 play. 8.Neighbour: We went 2 a marriage. Police arrested d murderer Immediately. Who's It? Reply With Reason, If U r Brilliant.",SAFE,sms_phishing_v1,english,Legitimate
SMS_02310,Dear where you will be when i reach there,SAFE,sms_phishing_v1,english,Legitimate
SMS_02311,Aww that's the first time u said u missed me without asking if I missed u first. You DO love me! :),SAFE,sms_phishing_v1,english,Legitimate
SMS_02312,Ok... Thanx... Gd nite 2 Ì_ too...,SAFE,sms_phishing_v1,english,Legitimate
SMS_02313,"Come to me right now, Ahmad",SAFE,sms_phishing_v1,english,Legitimate
SMS_02314,Lol please do. Actually send a pic of yourself right now. I wanna see. Pose with a comb and hair dryer or something.,SAFE,sms_phishing_v1,english,Legitimate
SMS_02315,O was not into fps then.,SAFE,sms_phishing_v1,english,Legitimate
SMS_02316,Huh means computational science... Y they like dat one push here n there...,SAFE,sms_phishing_v1,english,Legitimate
SMS_02317,"Could you not read me, my Love ? I answered you",SAFE,sms_phishing_v1,english,Legitimate
SMS_02318,Oh... Lk tt den we take e one tt ends at cine lor... Dun wan yogasana oso can...,SAFE,sms_phishing_v1,english,Legitimate
SMS_02319,"Madam,regret disturbance.might receive a reference check from DLF Premarica.kindly be informed.Rgds,Rakhesh,Kerala.",SAFE,sms_phishing_v1,english,Legitimate
SMS_02320,SMS SERVICES For your inclusive text credits pls gotto www.comuk.net login 3qxj9 unsubscribe with STOP no extra charge help 08702840625 comuk.220cm2 9AE,PHISHING,sms_phishing_v1,english,Phishing
SMS_02321,Oic... Then better quickly go bathe n settle down...,SAFE,sms_phishing_v1,english,Legitimate
SMS_02322,Err... Cud do. I'm going to  at 8pm. I haven't got a way to contact him until then.,SAFE,sms_phishing_v1,english,Legitimate
SMS_02323,A bloo bloo bloo I'll miss the first bowl,SAFE,sms_phishing_v1,english,Legitimate
SMS_02324,Lmao but its so fun...,SAFE,sms_phishing_v1,english,Legitimate
SMS_02325,Oh k k:)but he is not a big hitter.anyway good,SAFE,sms_phishing_v1,english,Legitimate
SMS_02326,Hey!!! I almost forgot ... Happy B-day babe ! I love ya!!,SAFE,sms_phishing_v1,english,Legitimate
SMS_02327,Valentines Day Special! Win over å£1000 in our quiz and take your partner on the trip of a lifetime! Send GO to 83600 now. 150p/msg rcvd. CustCare:08718720201,PHISHING,sms_phishing_v1,english,Spam
SMS_02328,Do you think i can move  &lt;#&gt;  in a week,SAFE,sms_phishing_v1,english,Legitimate
SMS_02329,She.s find. I sent you an offline message to know how anjola's now.,SAFE,sms_phishing_v1,english,Legitimate
SMS_02330,Guess who am I?This is the first time I created a web page WWW.ASJESUS.COM read all I wrote. I'm waiting for your opinions. I want to be your friend 1/1,PHISHING,sms_phishing_v1,english,Spam
SMS_02331,How was txting and driving,SAFE,sms_phishing_v1,english,Legitimate
SMS_02332,That's good. Lets thank God. Please complete the drug. Have lots of water. And have a beautiful day.,SAFE,sms_phishing_v1,english,Legitimate
SMS_02333,Really dun bluff me leh... U sleep early too. Nite...,SAFE,sms_phishing_v1,english,Legitimate
SMS_02334,"Indians r poor but India is not a poor country. Says one of the swiss bank directors. He says that \ &lt;#&gt;  lac crore\"" of Indian money is deposited in swiss banks which can be used for 'taxless' budget for  &lt;#&gt;  yrs. Can give  &lt;#&gt;  crore jobs to all Indians. From any village to Delhi 4 lane roads. Forever free power suply to more than  &lt;#&gt;  social projects. Every citizen can get monthly  &lt;#&gt; /- for  &lt;#&gt;  yrs. No need of World Bank &amp; IMF loan. Think how our money is blocked by rich politicians. We have full rights against corrupt politicians. Itna forward karo ki pura INDIA padhe.g.m.\""""",SAFE,sms_phishing_v1,english,Legitimate
SMS_02335,Uncle boye. I need movies oh. Guide me. Plus you know torrents are not particularly legal here. And the system is slowing down. What should i do. Have a gr8 day. Plus have you started cos i dont meet you online. How was the honey moon.,SAFE,sms_phishing_v1,english,Legitimate
SMS_02336,Oh ya ya. I remember da. .,SAFE,sms_phishing_v1,english,Legitimate
SMS_02337,Btw regarding that we should really try to see if anyone else can be our 4th guy before we commit to a random dude,SAFE,sms_phishing_v1,english,Legitimate
SMS_02338,"For ur chance to win å£250 cash every wk TXT: PLAY to 83370. T's&C's www.music-trivia.net custcare 08715705022, 1x150p/wk.",PHISHING,sms_phishing_v1,english,Spam
SMS_02339,I not busy juz dun wan 2 go so early.. Hee..,SAFE,sms_phishing_v1,english,Legitimate
SMS_02340,Rightio. 11.48 it is then. Well arent we all up bright and early this morning.,SAFE,sms_phishing_v1,english,Legitimate
SMS_02341,"Great. I'm in church now, will holla when i get out",SAFE,sms_phishing_v1,english,Legitimate
SMS_02342,Back in brum! Thanks for putting us up and keeping us all and happy. See you soon,SAFE,sms_phishing_v1,english,Legitimate
SMS_02343,I donno if they are scorable,SAFE,sms_phishing_v1,english,Legitimate
SMS_02344,&lt;#&gt;  great loxahatchee xmas tree burning update: you can totally see stars here,SAFE,sms_phishing_v1,english,Legitimate
SMS_02345,"Yes but i dont care! I need you bad, princess!",SAFE,sms_phishing_v1,english,Legitimate
SMS_02346,"The guy (kadeem) hasn't been selling since the break, I know one other guy but he's paranoid as fuck and doesn't like selling without me there and I can't be up there til late tonight",SAFE,sms_phishing_v1,english,Legitimate
SMS_02347,Tmr then Ì_ brin lar... Aiya later i come n c lar... Mayb Ì_ neva set properly Ì_ got da help sheet wif Ì_...,SAFE,sms_phishing_v1,english,Legitimate
SMS_02348,Do u knw dis no. &lt;#&gt; ?,SAFE,sms_phishing_v1,english,Legitimate
SMS_02349,Then she dun believe wat?,SAFE,sms_phishing_v1,english,Legitimate
SMS_02350,K..give back my thanks.,SAFE,sms_phishing_v1,english,Legitimate
SMS_02351,I know complain num only..bettr directly go to bsnl offc nd apply for it..,SAFE,sms_phishing_v1,english,Legitimate
SMS_02352,Okay. I've seen it. So i should pick it on friday?,SAFE,sms_phishing_v1,english,Legitimate
SMS_02353,How much she payed. Suganya.,SAFE,sms_phishing_v1,english,Legitimate
SMS_02354,Left dessert. U wan me 2 go suntec look 4 u?,SAFE,sms_phishing_v1,english,Legitimate
SMS_02355,"Abeg, make profit. But its a start. Are you using it to get sponsors for the next event?",SAFE,sms_phishing_v1,english,Legitimate
SMS_02356,Onum ela pa. Normal than.,SAFE,sms_phishing_v1,english,Legitimate
SMS_02357,K.k..how is your sister kids?,SAFE,sms_phishing_v1,english,Legitimate
SMS_02358,"Cool, I'll text you when I'm on the way",SAFE,sms_phishing_v1,english,Legitimate
SMS_02359,Nope. Meanwhile she talk say make i greet you.,SAFE,sms_phishing_v1,english,Legitimate
SMS_02360,i cant talk to you now.i will call when i can.dont keep calling.,SAFE,sms_phishing_v1,english,Legitimate
SMS_02361,Anything lar...,SAFE,sms_phishing_v1,english,Legitimate
SMS_02362,"Rose needs water, season needs change, poet needs imagination..My phone needs ur sms and i need ur lovely frndship forever....",SAFE,sms_phishing_v1,english,Legitimate
SMS_02363,"Good afternoon, babe. How goes that day ? Any job prospects yet ? I miss you, my love ... *sighs* ... :-(",SAFE,sms_phishing_v1,english,Legitimate
SMS_02364,They will pick up and drop in car.so no problem..,SAFE,sms_phishing_v1,english,Legitimate
SMS_02365,S.i think he is waste for rr..,SAFE,sms_phishing_v1,english,Legitimate
SMS_02366,He is world famamus....,SAFE,sms_phishing_v1,english,Legitimate
SMS_02367,Is there coming friday is leave for pongal?do you get any news from your work place.,SAFE,sms_phishing_v1,english,Legitimate
SMS_02368,Lol well don't do it without me. We could have a big sale together.,SAFE,sms_phishing_v1,english,Legitimate
SMS_02369,* Am on my way,SAFE,sms_phishing_v1,english,Legitimate
SMS_02370,Eat at old airport road... But now 630 oredi... Got a lot of pple...,SAFE,sms_phishing_v1,english,Legitimate
SMS_02371,"sry can't talk on phone, with parents",SAFE,sms_phishing_v1,english,Legitimate
SMS_02372,Ok lor wat time Ì_ finish?,SAFE,sms_phishing_v1,english,Legitimate
SMS_02373,"Princess, i like to make love  &lt;#&gt;  times per night. Hope thats not a problem!",SAFE,sms_phishing_v1,english,Legitimate
SMS_02374,Mm i am on the way to railway,SAFE,sms_phishing_v1,english,Legitimate
SMS_02375,"I'm done. I'm sorry. I hope your next space gives you everything you want. Remember all the furniture is yours. If i'm not around when you move it, just lock all the locks and leave the key with jenne.",SAFE,sms_phishing_v1,english,Legitimate
SMS_02376,Not yet. Just i'd like to keep in touch and it will be the easiest way to do that from barcelona. By the way how ru and how is the house?,SAFE,sms_phishing_v1,english,Legitimate
SMS_02377,"Sppok up ur mob with a Halloween collection of nokia logo&pic message plus a FREE eerie tone, txt CARD SPOOK to 8007",PHISHING,sms_phishing_v1,english,Spam
SMS_02378,"Urgent! call 09066612661 from landline. Your complementary 4* Tenerife Holiday or å£10,000 cash await collection SAE T&Cs PO Box 3 WA14 2PX 150ppm 18+ Sender: Hol Offer",PHISHING,sms_phishing_v1,english,Phishing
SMS_02379,K.:)do it at evening da:)urgent:),SAFE,sms_phishing_v1,english,Legitimate
SMS_02380,Pansy! You've been living in a jungle for two years! Its my driving you should be more worried about!,SAFE,sms_phishing_v1,english,Legitimate
SMS_02381,Mm have some kanji dont eat anything heavy ok,SAFE,sms_phishing_v1,english,Legitimate
SMS_02382,Only if you promise your getting out as SOON as you can. And you'll text me in the morning to let me know you made it in ok.,SAFE,sms_phishing_v1,english,Legitimate
SMS_02383,Lol that's different. I don't go trying to find every real life photo you ever took.,SAFE,sms_phishing_v1,english,Legitimate
SMS_02384,I dont thnk its a wrong calling between us,SAFE,sms_phishing_v1,english,Legitimate
SMS_02385,K ill drink.pa then what doing. I need srs model pls send it to my mail id pa.,SAFE,sms_phishing_v1,english,Legitimate
SMS_02386,Aiyah e rain like quite big leh. If drizzling i can at least run home.,SAFE,sms_phishing_v1,english,Legitimate
SMS_02387,I have 2 docs appointments next week.:/ I'm tired of them shoving stuff up me. Ugh why couldn't I have had a normal body?,SAFE,sms_phishing_v1,english,Legitimate
SMS_02388,Dun b sad.. It's over.. Dun thk abt it already. Concentrate on ur other papers k.,SAFE,sms_phishing_v1,english,Legitimate
SMS_02389,"Greetings me, ! Consider yourself excused.",SAFE,sms_phishing_v1,english,Legitimate
SMS_02390,No drama Pls.i have had enough from you and family while i am struggling in the hot sun in a strange place.No reason why there should be an ego of not going 'IF NOT INVITED' when actually its necessity to go.wait for very serious reppurcussions.,SAFE,sms_phishing_v1,english,Legitimate
SMS_02391,they released another Italian one today and it has a cosign option,SAFE,sms_phishing_v1,english,Legitimate
SMS_02392,"You at mu? You should try to figure out how much money everyone has for gas and alcohol, jay and I are trying to figure out our weed budget",SAFE,sms_phishing_v1,english,Legitimate
SMS_02393,WINNER! As a valued network customer you hvae been selected to receive a å£900 reward! To collect call 09061701444. Valid 24 hours only. ACL03530150PM,PHISHING,sms_phishing_v1,english,Phishing
SMS_02394,HCL chennai requires FRESHERS for voice process.Excellent english needed.Salary upto  &lt;#&gt; .Call Ms.Suman  &lt;#&gt;  for Telephonic interview -via Indyarocks.com,SAFE,sms_phishing_v1,english,Legitimate
SMS_02395,Dai what this da.. Can i send my resume to this id.,SAFE,sms_phishing_v1,english,Legitimate
SMS_02396,"I know where the  &lt;#&gt;  is, I'll be there around 5",SAFE,sms_phishing_v1,english,Legitimate
SMS_02397,Yup i've finished c Ì_ there...,SAFE,sms_phishing_v1,english,Legitimate
SMS_02398,Remember to ask alex about his pizza,SAFE,sms_phishing_v1,english,Legitimate
SMS_02399,No da..today also i forgot..,SAFE,sms_phishing_v1,english,Legitimate
SMS_02400,"Ola would get back to you maybe not today but I ve told him you can be his direct link in the US in getting cars he bids for online, you arrange shipping and you get a cut. Or U????? For a partnership where U????? Invest money for shipping and he takes care of the rest!U??Wud b self reliant soon dnt worry",SAFE,sms_phishing_v1,english,Legitimate
SMS_02401,Fwiw the reason I'm only around when it's time to smoke is that because of gas I can only afford to be around when someone tells me to be and that apparently only happens when somebody wants to light up,SAFE,sms_phishing_v1,english,Legitimate
SMS_02402,"Hello, my boytoy! I made it home and my constant thought is of you, my love. I hope your having a nice visit but I can't wait till you come home to me ...*kiss*",SAFE,sms_phishing_v1,english,Legitimate
SMS_02403,Congrats kano..whr s the treat maga?,SAFE,sms_phishing_v1,english,Legitimate
SMS_02404,Who u talking about?,SAFE,sms_phishing_v1,english,Legitimate
SMS_02405,Yup...,SAFE,sms_phishing_v1,english,Legitimate
SMS_02406,"U wake up already? Wat u doing? U picking us up later rite? I'm taking sq825, reaching ard 7 smth 8 like dat. U can check e arrival time. C ya soon...",SAFE,sms_phishing_v1,english,Legitimate
SMS_02407,Yunny i'm walking in citylink now Ì_ faster come down... Me very hungry...,SAFE,sms_phishing_v1,english,Legitimate
SMS_02408,Er yep sure. Props?,SAFE,sms_phishing_v1,english,Legitimate
SMS_02409,"Hiya , have u been paying money into my account? If so, thanks. Got a pleasant surprise when i checked my balance -u c, i don't get statements 4 that acc",SAFE,sms_phishing_v1,english,Legitimate
SMS_02410,U have won a nokia 6230 plus a free digital camera. This is what u get when u win our FREE auction. To take part send NOKIA to 83383 now. POBOX114/14TCR/W1 16,PHISHING,sms_phishing_v1,english,Spam
SMS_02411,Ok ill send you with in  &lt;DECIMAL&gt;  ok.,SAFE,sms_phishing_v1,english,Legitimate
SMS_02412,Bognor it is! Should be splendid at this time of year.,SAFE,sms_phishing_v1,english,Legitimate
SMS_02413,Yes.i'm in office da:),SAFE,sms_phishing_v1,english,Legitimate
SMS_02414,Ok. I only ask abt e movie. U wan ktv oso?,SAFE,sms_phishing_v1,english,Legitimate
SMS_02415,Misplaced your number and was sending texts to your old number. Wondering why i've not heard from you this year. All the best in your mcat. Got this number from my atlanta friends,SAFE,sms_phishing_v1,english,Legitimate
SMS_02416,Dunno lei... I might b eatin wif my frens... If Ì_ wan to eat then i wait 4 Ì_ lar,SAFE,sms_phishing_v1,english,Legitimate
SMS_02417,FREE entry into our å£250 weekly comp just send the word WIN to 80086 NOW. 18 T&C www.txttowin.co.uk,PHISHING,sms_phishing_v1,english,Spam
SMS_02418,Do u noe how 2 send files between 2 computers?,SAFE,sms_phishing_v1,english,Legitimate
SMS_02419,"Mmmmm ... I loved waking to your words this morning ! I miss you too, my Love. I hope your day goes well and you are happy. I wait for us to be together again",SAFE,sms_phishing_v1,english,Legitimate
SMS_02420,jay says he'll put in  &lt;#&gt;,SAFE,sms_phishing_v1,english,Legitimate
SMS_02421,Can you just come in for a sec? There's somebody here I want you to see,SAFE,sms_phishing_v1,english,Legitimate
SMS_02422,So the sun is anti sleep medicine.,SAFE,sms_phishing_v1,english,Legitimate
SMS_02423,What's happening with you. Have you gotten a job and have you begun registration for permanent residency,SAFE,sms_phishing_v1,english,Legitimate
SMS_02424,Yup ok...,SAFE,sms_phishing_v1,english,Legitimate
SMS_02425,Glad it went well :) come over at 11 then we'll have plenty of time before claire goes to work.,SAFE,sms_phishing_v1,english,Legitimate
SMS_02426,Ok enjoy . R u there in home.,SAFE,sms_phishing_v1,english,Legitimate
SMS_02427,"Can you pls pls send me a mail on all you know about relatives coming to deliver here? All you know about costs, risks, benefits and anything else. Thanks.",SAFE,sms_phishing_v1,english,Legitimate
SMS_02428,You do what all you like,SAFE,sms_phishing_v1,english,Legitimate
SMS_02429,That's y we haf to combine n c how lor...,SAFE,sms_phishing_v1,english,Legitimate
SMS_02430,The monthly amount is not that terrible and you will not pay anything till 6months after finishing school.,SAFE,sms_phishing_v1,english,Legitimate
SMS_02431,Hmmm:)how many players selected?,SAFE,sms_phishing_v1,english,Legitimate
SMS_02432,"They said if its gonna snow, it will start around 8 or 9 pm tonite! They are predicting an inch of accumulation.",SAFE,sms_phishing_v1,english,Legitimate
SMS_02433,I dont. Can you send it to me. Plus how's mode.,SAFE,sms_phishing_v1,english,Legitimate
SMS_02434,Aiyo please Ì_ got time meh.,SAFE,sms_phishing_v1,english,Legitimate
SMS_02435,Package all your programs well,SAFE,sms_phishing_v1,english,Legitimate
SMS_02436,"She is our sister.. She belongs 2 our family.. She is d hope of tomorrow.. Pray 4 her,who was fated 4 d Shoranur train incident. Lets hold our hands together &amp; fuelled by love &amp; concern prior 2 her grief &amp; pain. Pls join in dis chain &amp; pass it. STOP VIOLENCE AGAINST WOMEN.",SAFE,sms_phishing_v1,english,Legitimate
SMS_02437,So are you guys asking that i get that slippers again or its gone with last year,SAFE,sms_phishing_v1,english,Legitimate
SMS_02438,Company is very good.environment is terrific and food is really nice:),SAFE,sms_phishing_v1,english,Legitimate
SMS_02439,"Text82228>> Get more ringtones, logos and games from www.txt82228.com. Questions: info@txt82228.co.uk",PHISHING,sms_phishing_v1,english,Spam
SMS_02440,Honestly i've just made a lovely cup of tea and promptly dropped my keys in it and then burnt my fingers getting them out!,SAFE,sms_phishing_v1,english,Legitimate
SMS_02441,Yup but not studying surfing lor. I'm in e lazy mode today.,SAFE,sms_phishing_v1,english,Legitimate
SMS_02442,Please sen :)my kind advice :-)please come here and try:-),SAFE,sms_phishing_v1,english,Legitimate
SMS_02443,I'm done. C Ì_ there.,SAFE,sms_phishing_v1,english,Legitimate
SMS_02444,"Oh fine, I'll be by tonight",SAFE,sms_phishing_v1,english,Legitimate
SMS_02445,ÌÏ give me some time to walk there.,SAFE,sms_phishing_v1,english,Legitimate
SMS_02446,I'll reach in ard 20 mins ok...,SAFE,sms_phishing_v1,english,Legitimate
SMS_02447,"FreeMSG You have been awarded a FREE mini DIGITAL CAMERA, just reply SNAP to collect your prize! (quizclub Opt out? Stop 80122300p/wk SP:RWM Ph:08704050406)",PHISHING,sms_phishing_v1,english,Phishing
SMS_02448,Fuck babe ... What happened to you ? How come you never came back?,SAFE,sms_phishing_v1,english,Legitimate
SMS_02449,This message is brought to you by GMW Ltd. and is not connected to the,PHISHING,sms_phishing_v1,english,Spam
SMS_02450,"Some friends want me to drive em someplace, probably take a while",SAFE,sms_phishing_v1,english,Legitimate
SMS_02451,I also thk too fast... Xy suggest one not me. U dun wan it's ok. Going 2 rain leh where got gd.,SAFE,sms_phishing_v1,english,Legitimate
SMS_02452,Are you still getting the goods.,SAFE,sms_phishing_v1,english,Legitimate
SMS_02453,And maybe some pressies,SAFE,sms_phishing_v1,english,Legitimate
SMS_02454,"Yeah I am, so I'll leave maybe 7ish?",SAFE,sms_phishing_v1,english,Legitimate
SMS_02455,I told her I had a Dr appt next week. She thinks I'm gonna die. I told her its just a check. Nothing to be worried about. But she didn't listen.,SAFE,sms_phishing_v1,english,Legitimate
SMS_02456,You in your room? I need a few,SAFE,sms_phishing_v1,english,Legitimate
SMS_02457,I dont want to hear anything,SAFE,sms_phishing_v1,english,Legitimate
SMS_02458,Hey. For me there is no leave on friday. Wait i will ask my superior and tell you..,SAFE,sms_phishing_v1,english,Legitimate
SMS_02459,Ultimately tor motive tui achieve korli.,SAFE,sms_phishing_v1,english,Legitimate
SMS_02460,From 5 to 2 only my work timing.,SAFE,sms_phishing_v1,english,Legitimate
SMS_02461,Û_ and donÛ÷t worry weÛ÷ll have finished by march Û_ ish!,SAFE,sms_phishing_v1,english,Legitimate
SMS_02462,"The house is on the water with a dock, a boat rolled up with a newscaster who dabbles in jazz flute behind the wheel",SAFE,sms_phishing_v1,english,Legitimate
SMS_02463,"Congrats 2 mobile 3G Videophones R yours. call 09063458130 now! videochat wid ur mates, play java games, Dload polypH music, noline rentl. bx420. ip4. 5we. 150p",PHISHING,sms_phishing_v1,english,Spam
SMS_02464,Your next amazing xxx PICSFREE1 video will be sent to you enjoy! If one vid is not enough for 2day text back the keyword PICSFREE1 to get the next video.,PHISHING,sms_phishing_v1,english,Spam
SMS_02465,Now thats going to ruin your thesis!,SAFE,sms_phishing_v1,english,Legitimate
SMS_02466,In sch but neva mind u eat 1st lor..,SAFE,sms_phishing_v1,english,Legitimate
SMS_02467,Hey whats up? U sleeping all morning?,SAFE,sms_phishing_v1,english,Legitimate
SMS_02468,Erm. I thought the contract ran out the4th of october.,SAFE,sms_phishing_v1,english,Legitimate
SMS_02469,I dunno until when... Lets go learn pilates...,SAFE,sms_phishing_v1,english,Legitimate
SMS_02470,U are subscribed to the best Mobile Content Service in the UK for å£3 per ten days until you send STOP to 83435. Helpline 08706091795.,PHISHING,sms_phishing_v1,english,Spam
SMS_02471,Yup i'm elaborating on the safety aspects and some other issues..,SAFE,sms_phishing_v1,english,Legitimate
SMS_02472,"3 FREE TAROT TEXTS! Find out about your love life now! TRY 3 FOR FREE! Text CHANCE to 85555 16 only! After 3 Free, Msgs å£1.50 each",PHISHING,sms_phishing_v1,english,Spam
SMS_02473,"Goodmorning, today i am late for 1hr.",SAFE,sms_phishing_v1,english,Legitimate
SMS_02474,Hi happy birthday. Hi hi hi hi hi hi hi,SAFE,sms_phishing_v1,english,Legitimate
SMS_02475,I will be outside office take all from there,SAFE,sms_phishing_v1,english,Legitimate
SMS_02476,If you don't respond imma assume you're still asleep and imma start calling n shit,SAFE,sms_phishing_v1,english,Legitimate
SMS_02477,"Aight, see you in a bit",SAFE,sms_phishing_v1,english,Legitimate
SMS_02478,My superior telling that friday is leave for all other department except ours:)so it will be leave for you:)any way call waheed fathima hr and conform it:),SAFE,sms_phishing_v1,english,Legitimate
SMS_02479,Join the UK's horniest Dogging service and u can have sex 2nite!. Just sign up and follow the instructions. Txt ENTRY to 69888 now! Nyt.EC2A.3LP.msg@150p,PHISHING,sms_phishing_v1,english,Spam
SMS_02480,Lol I have to take it. member how I said my aunt flow didn't visit for 6 months? It's cause I developed ovarian cysts. Bc is the only way to shrink them.,SAFE,sms_phishing_v1,english,Legitimate
SMS_02481,Still work going on:)it is very small house.,SAFE,sms_phishing_v1,english,Legitimate
SMS_02482,"My friend just got here and says he's upping his order by a few grams (he's got $ &lt;#&gt; ), when can you get here?",SAFE,sms_phishing_v1,english,Legitimate
SMS_02483,Tmr timin still da same wat cos i got lesson until 6...,SAFE,sms_phishing_v1,english,Legitimate
SMS_02484,"ThatÛ÷s the thing with apes, u can fight to the death to keep something, but the minute they have it when u let go, thats it!",SAFE,sms_phishing_v1,english,Legitimate
SMS_02485,No i'm not gonna be able to. || too late notice. || i'll be home in a few weeks anyway. || what are the plans,SAFE,sms_phishing_v1,english,Legitimate
SMS_02486,"Got fujitsu, ibm, hp, toshiba... Got a lot of model how to say...",SAFE,sms_phishing_v1,english,Legitimate
SMS_02487,Okie... Thanx...,SAFE,sms_phishing_v1,english,Legitimate
SMS_02488,"Gosh that , what a pain. Spose I better come then.",SAFE,sms_phishing_v1,english,Legitimate
SMS_02489,"As usual..iam fine, happy &amp; doing well..:)",SAFE,sms_phishing_v1,english,Legitimate
SMS_02490,Okie,SAFE,sms_phishing_v1,english,Legitimate
SMS_02491,So when you gonna get rimac access,SAFE,sms_phishing_v1,english,Legitimate
SMS_02492,"\Im at arestaurant eating squid! i will be out about 10:30 wanna dosomething or is that to late?\""""",SAFE,sms_phishing_v1,english,Legitimate
SMS_02493,You call times job today ok umma and ask them to speed up,SAFE,sms_phishing_v1,english,Legitimate
SMS_02494,"\HELLO U.CALL WEN U FINISH WRK.I FANCY MEETIN UP WIV U ALL TONITE AS I NEED A BREAK FROM DABOOKS. DID 4 HRS LAST NITE+2 TODAY OF WRK!\""""",SAFE,sms_phishing_v1,english,Legitimate
SMS_02495,R U &SAM P IN EACHOTHER. IF WE MEET WE CAN GO 2 MY HOUSE,SAFE,sms_phishing_v1,english,Legitimate
SMS_02496,:-) yeah! Lol. Luckily i didn't have a starring role like you!,SAFE,sms_phishing_v1,english,Legitimate
SMS_02497,Hello madam how are you ?,SAFE,sms_phishing_v1,english,Legitimate
SMS_02498,"Awesome, text me when you're restocked",SAFE,sms_phishing_v1,english,Legitimate
SMS_02499,Knock Knock Txt whose there to 80082 to enter r weekly draw 4 a å£250 gift voucher 4 a store of yr choice. T&Cs www.tkls.com age16 to stoptxtstopå£1.50/week,PHISHING,sms_phishing_v1,english,Spam
SMS_02500,Yes. It's all innocent fun. O:-),SAFE,sms_phishing_v1,english,Legitimate
SMS_02501,Thanks for sending this mental ability question..,SAFE,sms_phishing_v1,english,Legitimate
SMS_02502,"Sir, hope your day is going smoothly. i really hoped i wont have to bother you about this. I have some bills that i can't settle this month. I am out of all extra cash. I know this is a challenging time for you also but i have to let you know.",SAFE,sms_phishing_v1,english,Legitimate
SMS_02503,2marrow only. Wed at  &lt;#&gt;  to 2 aha.,SAFE,sms_phishing_v1,english,Legitimate
SMS_02504,I went to ur hon lab but no one is there.,SAFE,sms_phishing_v1,english,Legitimate
SMS_02505,Hey pple...$700 or $900 for 5 nights...Excellent location wif breakfast hamper!!!,SAFE,sms_phishing_v1,english,Legitimate
SMS_02506,<Forwarded from 21870000>Hi - this is your Mailbox Messaging SMS alert. You have 40 matches. Please call back on 09056242159 to retrieve your messages and matches cc100p/min,PHISHING,sms_phishing_v1,english,Spam
SMS_02507,How come?,SAFE,sms_phishing_v1,english,Legitimate
SMS_02508,Lol! Nah wasn't too bad thanks. Its good to b home but its been quite a reality check. Hows ur day been? Did u do anything with website?,SAFE,sms_phishing_v1,english,Legitimate
SMS_02509,Ok lor...,SAFE,sms_phishing_v1,english,Legitimate
SMS_02510,I'm coming home 4 dinner.,SAFE,sms_phishing_v1,english,Legitimate
SMS_02511,S da..al r above  &lt;#&gt;,SAFE,sms_phishing_v1,english,Legitimate
SMS_02512,"FREE RING TONE just text \POLYS\"" to 87131. Then every week get a new tone. 0870737910216yrs only å£1.50/wk.""",PHISHING,sms_phishing_v1,english,Spam
SMS_02513,Unni thank you dear for the recharge..Rakhesh,SAFE,sms_phishing_v1,english,Legitimate
SMS_02514,I know I'm lacking on most of this particular dramastorm's details but for the most part I'm not worried about that,SAFE,sms_phishing_v1,english,Legitimate
SMS_02515,Haha... They cant what... At the most tmr forfeit... haha so how?,SAFE,sms_phishing_v1,english,Legitimate
SMS_02516,"Hey there! Glad u r better now. I hear u treated urself to a digi cam, is it good? We r off at 9pm. Have a fab new year, c u in coupla wks!",SAFE,sms_phishing_v1,english,Legitimate
SMS_02517,No way I'm going back there!,SAFE,sms_phishing_v1,english,Legitimate
SMS_02518,"URGENT! Your mobile No 077xxx WON a å£2,000 Bonus Caller Prize on 02/06/03! This is the 2nd attempt to reach YOU! Call 09066362206 ASAP! BOX97N7QP, 150ppm",PHISHING,sms_phishing_v1,english,Phishing
SMS_02519,I WILL CAL YOU SIR. In meeting,SAFE,sms_phishing_v1,english,Legitimate
SMS_02520,"That's what I love to hear :V see you sundayish, then",SAFE,sms_phishing_v1,english,Legitimate
SMS_02521,"Sorry da thangam, very very sorry i am held up with prasad.",SAFE,sms_phishing_v1,english,Legitimate
SMS_02522,Tiwary to rcb.battle between bang and kochi.,SAFE,sms_phishing_v1,english,Legitimate
SMS_02523,Thank god they are in bed!,SAFE,sms_phishing_v1,english,Legitimate
SMS_02524,No I don't have cancer. Moms making a big deal out of a regular checkup aka pap smear,SAFE,sms_phishing_v1,english,Legitimate
SMS_02525,Am in gobi arts college,SAFE,sms_phishing_v1,english,Legitimate
SMS_02526,Why she wants to talk to me,SAFE,sms_phishing_v1,english,Legitimate
SMS_02527,Pandy joined 4w technologies today.he got job..,SAFE,sms_phishing_v1,english,Legitimate
SMS_02528,"You are guaranteed the latest Nokia Phone, a 40GB iPod MP3 player or a å£500 prize! Txt word: COLLECT to No: 83355! IBHltd LdnW15H 150p/Mtmsgrcvd18",PHISHING,sms_phishing_v1,english,Phishing
SMS_02529,"They can try! They can get lost, in fact. Tee hee",SAFE,sms_phishing_v1,english,Legitimate
SMS_02530,My friends use to call the same.,SAFE,sms_phishing_v1,english,Legitimate
SMS_02531,"Em, its olowoyey@ usc.edu have a great time in argentina. Not sad about secretary, everything is a blessing",SAFE,sms_phishing_v1,english,Legitimate
SMS_02532,"It,,s a taxt massage....tie-pos argh ok! Lool!",SAFE,sms_phishing_v1,english,Legitimate
SMS_02533,"Hi, can i please get a  &lt;#&gt;  dollar loan from you. I.ll pay you back by mid february. Pls.",SAFE,sms_phishing_v1,english,Legitimate
SMS_02534,"You might want to pull out more just in case and just plan on not spending it if you can, I don't have much confidence in derek and taylor's money management",SAFE,sms_phishing_v1,english,Legitimate
SMS_02535,Do you like shaking your booty on the dance floor?,SAFE,sms_phishing_v1,english,Legitimate
SMS_02536,"Text me when you get off, don't call, my phones having problems",SAFE,sms_phishing_v1,english,Legitimate
SMS_02537,No need for the drug anymore.,SAFE,sms_phishing_v1,english,Legitimate
SMS_02538,Sorry da:)i was thought of calling you lot of times:)lil busy.i will call you at noon..,SAFE,sms_phishing_v1,english,Legitimate
SMS_02539,Its sarcasm.. .nt scarcasim,SAFE,sms_phishing_v1,english,Legitimate
SMS_02540,Great! I have to run now so ttyl!,SAFE,sms_phishing_v1,english,Legitimate
SMS_02541,Feel like trying kadeem again? :V,SAFE,sms_phishing_v1,english,Legitimate
SMS_02542,Dai  &lt;#&gt;  naal eruku.,SAFE,sms_phishing_v1,english,Legitimate
SMS_02543,Not yet chikku..wat abt u?,SAFE,sms_phishing_v1,english,Legitimate
SMS_02544,Want to finally have lunch today?,SAFE,sms_phishing_v1,english,Legitimate
SMS_02545,Do you know when dad will be back?,SAFE,sms_phishing_v1,english,Legitimate
SMS_02546,"Hello darling how are you today? I would love to have a chat, why dont you tell me what you look like and what you are in to sexy?",PHISHING,sms_phishing_v1,english,Spam
SMS_02547,8007 FREE for 1st week! No1 Nokia tone 4 ur mob every week just txt NOKIA to 8007 Get txting and tell ur mates www.getzed.co.uk POBox 36504 W4 5WQ norm 150p/tone 16+,PHISHING,sms_phishing_v1,english,Spam
SMS_02548,He remains a bro amongst bros,SAFE,sms_phishing_v1,english,Legitimate
SMS_02549,R u meeting da ge at nite tmr?,SAFE,sms_phishing_v1,english,Legitimate
SMS_02550,"* Was a nice day and, impressively, i was sensible, went home early and now feel fine. Or am i just boring?! When's yours, i can't remember.",SAFE,sms_phishing_v1,english,Legitimate
SMS_02551,Why de. You looking good only:-)..,SAFE,sms_phishing_v1,english,Legitimate
SMS_02552,Wanna get laid 2nite? Want real Dogging locations sent direct to ur mobile? Join the UK's largest Dogging Network. Txt PARK to 69696 now! Nyt. ec2a. 3lp å£1.50/msg,PHISHING,sms_phishing_v1,english,Spam
SMS_02553,we tried to contact you re your response to our offer of a new nokia fone and camcorder hit reply or call 08000930705 for delivery,PHISHING,sms_phishing_v1,english,Phishing
SMS_02554,Yes. They replied my mail. I'm going to the management office later. Plus will in to bank later also.or on wednesday.,SAFE,sms_phishing_v1,english,Legitimate
SMS_02555,"That's cool, I'll come by like  &lt;#&gt; ish",SAFE,sms_phishing_v1,english,Legitimate
SMS_02556,Super msg da:)nalla timing.,SAFE,sms_phishing_v1,english,Legitimate
SMS_02557,"Good afternoon, my boytoy ... How are you feeling today ? Better I hope? Are you being my good boy? Are you my obedient, slave? Do you please your Queen?",SAFE,sms_phishing_v1,english,Legitimate
SMS_02558,I am 6 ft. We will be a good combination!,SAFE,sms_phishing_v1,english,Legitimate
SMS_02559,I'm sick !! I'm needy !! I want you !! *pouts* *stomps feet* Where are you ?! *pouts* *stomps feet* I want my slave !! I want him now !!,SAFE,sms_phishing_v1,english,Legitimate
SMS_02560,* Am on a train back from northampton so i'm afraid not!,SAFE,sms_phishing_v1,english,Legitimate
SMS_02561,Where in abj are you serving. Are you staying with dad or alone.,SAFE,sms_phishing_v1,english,Legitimate
SMS_02562,Was playng 9 doors game and gt racing on phone lol,SAFE,sms_phishing_v1,english,Legitimate
SMS_02563,"New Tones This week include: 1)McFly-All Ab.., 2) Sara Jorge-Shock.. 3) Will Smith-Switch.. To order follow instructions on next message",PHISHING,sms_phishing_v1,english,Spam
SMS_02564,I'm on da bus going home...,SAFE,sms_phishing_v1,english,Legitimate
SMS_02565,I got a call from a landline number. . . I am asked to come to anna nagar . . . I will go in the afternoon,SAFE,sms_phishing_v1,english,Legitimate
SMS_02566,I'm okay. Chasing the dream. What's good. What are you doing next.,SAFE,sms_phishing_v1,english,Legitimate
SMS_02567,Yupz... I've oredi booked slots 4 my weekends liao...,SAFE,sms_phishing_v1,english,Legitimate
SMS_02568,URGENT! We are trying to contact U. Todays draw shows that you have won a å£800 prize GUARANTEED. Call 09050003091 from land line. Claim C52. Valid 12hrs only,PHISHING,sms_phishing_v1,english,Phishing
SMS_02569,There r many model..sony ericson also der.. &lt;#&gt; ..it luks good bt i forgot modl no,SAFE,sms_phishing_v1,english,Legitimate
SMS_02570,Yes I know the cheesy songs from frosty the snowman :),SAFE,sms_phishing_v1,english,Legitimate
SMS_02571,"Ya ok, vikky vl c witin  &lt;#&gt; mins and il reply u..",SAFE,sms_phishing_v1,english,Legitimate
SMS_02572,sports fans - get the latest sports news str* 2 ur mobile 1 wk FREE PLUS a FREE TONE Txt SPORT ON to 8007 www.getzed.co.uk 0870141701216+ norm 4txt/120p,PHISHING,sms_phishing_v1,english,Spam
SMS_02573,Hey tmr meet at bugis 930 ?,SAFE,sms_phishing_v1,english,Legitimate
SMS_02574,"Urgent Urgent! We have 800 FREE flights to Europe to give away, call B4 10th Sept & take a friend 4 FREE. Call now to claim on 09050000555. BA128NNFWFLY150ppm",PHISHING,sms_phishing_v1,english,Phishing
SMS_02575,All these nice new shirts and the only thing I can wear them to is nudist themed ;_; you in mu?,SAFE,sms_phishing_v1,english,Legitimate
SMS_02576,Hey sexy buns! What of that day? No word from you this morning on YM ... :-( ... I think of you,SAFE,sms_phishing_v1,english,Legitimate
SMS_02577,And whenever you and i see we can still hook up too.,SAFE,sms_phishing_v1,english,Legitimate
SMS_02578,Nope but i'm going home now then go pump petrol lor... Like going 2 rain soon...,SAFE,sms_phishing_v1,english,Legitimate
SMS_02579,Can you use foreign stamps for whatever you send them off for?,SAFE,sms_phishing_v1,english,Legitimate
SMS_02580,FROM 88066 LOST å£12 HELP,PHISHING,sms_phishing_v1,english,Spam
SMS_02581,Oh baby of the house. How come you dont have any new pictures on facebook,SAFE,sms_phishing_v1,english,Legitimate
SMS_02582,"Feb  &lt;#&gt;  is \I LOVE U\"" day. Send dis to all ur \""VALUED FRNDS\"" evn me. If 3 comes back u'll gt married d person u luv! If u ignore dis u will lose ur luv 4 Evr""",SAFE,sms_phishing_v1,english,Legitimate
SMS_02583,"Hiya, sorry didn't hav signal. I haven't seen or heard from and neither has, which is unusual in itself! I'll put on the case and get him to sort it out! Hugs and snogs.",SAFE,sms_phishing_v1,english,Legitimate
SMS_02584,"Omw back to tampa from west palm, you hear what happened?",SAFE,sms_phishing_v1,english,Legitimate
SMS_02585,Yup no more already... Thanx 4 printing n handing it up.,SAFE,sms_phishing_v1,english,Legitimate
SMS_02586,FreeMsg: Fancy a flirt? Reply DATE now & join the UKs fastest growing mobile dating service. Msgs rcvd just 25p to optout txt stop to 83021. Reply DATE now!,PHISHING,sms_phishing_v1,english,Spam
SMS_02587,What i mean is do they come chase you out when its over or is it stated you can watch as many movies as you want.,SAFE,sms_phishing_v1,english,Legitimate
SMS_02588,S now only i took tablets . Reaction morning only.,SAFE,sms_phishing_v1,english,Legitimate
SMS_02589,Great NEW Offer - DOUBLE Mins & DOUBLE Txt on best Orange tariffs AND get latest camera phones 4 FREE! Call MobileUpd8 free on 08000839402 NOW! or 2stoptxt T&Cs,PHISHING,sms_phishing_v1,english,Spam
SMS_02590,"Nah, I'm a perpetual DD",SAFE,sms_phishing_v1,english,Legitimate
SMS_02591,Sorry de i went to shop.,SAFE,sms_phishing_v1,english,Legitimate
SMS_02592,Hope you enjoyed your new content. text stop to 61610 to unsubscribe. help:08712400602450p Provided by tones2you.co.uk,PHISHING,sms_phishing_v1,english,Spam
SMS_02593,Hey you still want to go for yogasana? Coz if we end at cine then can go bathe and hav the steam bath,SAFE,sms_phishing_v1,english,Legitimate
SMS_02594,Nope i'm not drivin... I neva develop da photos lei...,SAFE,sms_phishing_v1,english,Legitimate
SMS_02595,I am thinking of going down to reg for pract lessons.. Flung my advance.. Haha wat time u going?,SAFE,sms_phishing_v1,english,Legitimate
SMS_02596,Cool. I am  &lt;#&gt;  inches long. hope you like them big!,SAFE,sms_phishing_v1,english,Legitimate
SMS_02597,"House-Maid is the murderer, coz the man was murdered on  &lt;#&gt; th January.. As public holiday all govt.instituitions are closed,including post office..understand?",SAFE,sms_phishing_v1,english,Legitimate
SMS_02598,Okie.. Thanx..,SAFE,sms_phishing_v1,english,Legitimate
SMS_02599,Go where n buy? Juz buy when we get there lar.,SAFE,sms_phishing_v1,english,Legitimate
SMS_02600,I'm working technical support :)voice process.,SAFE,sms_phishing_v1,english,Legitimate
SMS_02601,It's justbeen overa week since we broke up and already our brains are going to mush!,SAFE,sms_phishing_v1,english,Legitimate
SMS_02602,"Tunde, how are you doing. This is just wishing you a great day. Abiola.",SAFE,sms_phishing_v1,english,Legitimate
SMS_02603,Nope... C Ì_ then...,SAFE,sms_phishing_v1,english,Legitimate
SMS_02604,No. But we'll do medical missions to nigeria,SAFE,sms_phishing_v1,english,Legitimate
SMS_02605,No i am not having not any movies in my laptop,SAFE,sms_phishing_v1,english,Legitimate
SMS_02606,Urgent Please call 09066612661 from landline. å£5000 cash or a luxury 4* Canary Islands Holiday await collection. T&Cs SAE award. 20M12AQ. 150ppm. 16+ ÛÏ,PHISHING,sms_phishing_v1,english,Phishing
SMS_02607,"Urgent! Please call 09066612661 from your landline, your complimentary 4* Lux Costa Del Sol holiday or å£1000 CASH await collection. ppm 150 SAE T&Cs James 28, EH74RR",PHISHING,sms_phishing_v1,english,Phishing
SMS_02608,I havent lei.. Next mon can?,SAFE,sms_phishing_v1,english,Legitimate
SMS_02609,Mm feeling sleepy. today itself i shall get that dear,SAFE,sms_phishing_v1,english,Legitimate
SMS_02610,How dare you stupid. I wont tell anything to you. Hear after i wont talk to you:-.,SAFE,sms_phishing_v1,english,Legitimate
SMS_02611,Do Ì_ noe if ben is going?,SAFE,sms_phishing_v1,english,Legitimate
SMS_02612,Can you do a mag meeting this avo at some point?,SAFE,sms_phishing_v1,english,Legitimate
SMS_02613,I meant middle left or right?,SAFE,sms_phishing_v1,english,Legitimate
SMS_02614,Really? I crashed out cuddled on my sofa.,SAFE,sms_phishing_v1,english,Legitimate
SMS_02615,Hi Chachi tried calling u now unable to reach u .. Pl give me a missed cal once u c tiz msg  Kanagu,SAFE,sms_phishing_v1,english,Legitimate
SMS_02616,"I sent you the prices and do you mean the  &lt;#&gt; g,",SAFE,sms_phishing_v1,english,Legitimate
SMS_02617,Nothing. Can...,SAFE,sms_phishing_v1,english,Legitimate
SMS_02618,No * am working on the ringing u thing but have whole houseful of screaming brats so * am pulling my hair out! Loving u,SAFE,sms_phishing_v1,english,Legitimate
SMS_02619,But my family not responding for anything. Now am in room not went to home for diwali but no one called me and why not coming. It makes me feel like died.,SAFE,sms_phishing_v1,english,Legitimate
SMS_02620,"Tick, tick, tick ... Babe",SAFE,sms_phishing_v1,english,Legitimate
SMS_02621,R Ì_ going 4 today's meeting?,SAFE,sms_phishing_v1,english,Legitimate
SMS_02622,K da:)how many page you want?,SAFE,sms_phishing_v1,english,Legitimate
SMS_02623,Ya had just now.onion roast.,SAFE,sms_phishing_v1,english,Legitimate
SMS_02624,Send his number and give reply tomorrow morning for why you said that to him like that ok,SAFE,sms_phishing_v1,english,Legitimate
SMS_02625,You said not now. No problem. When you can. Let me know.,SAFE,sms_phishing_v1,english,Legitimate
SMS_02626,Ok but tell me half an hr b4 u come i need 2 prepare.,SAFE,sms_phishing_v1,english,Legitimate
SMS_02627,Play w computer? Aiyah i tok 2 u lor?,SAFE,sms_phishing_v1,english,Legitimate
SMS_02628,Sat right? Okay thanks...,SAFE,sms_phishing_v1,english,Legitimate
SMS_02629,"Derp. Which is worse, a dude who always wants to party or a dude who files a complaint about the three drug abusers he lives with",SAFE,sms_phishing_v1,english,Legitimate
SMS_02630,Ok Chinese food on its way. When I get fat you're paying for my lipo.,SAFE,sms_phishing_v1,english,Legitimate
SMS_02631,We r outside already.,SAFE,sms_phishing_v1,english,Legitimate
SMS_02632,Have a good trip. Watch out for . Remember when you get back we must decide about easter.,SAFE,sms_phishing_v1,english,Legitimate
SMS_02633,Yo we are watching a movie on netflix,SAFE,sms_phishing_v1,english,Legitimate
SMS_02634,What time. IÛ÷m out until prob 3 or so,SAFE,sms_phishing_v1,english,Legitimate
SMS_02635,"Can meh? Thgt some will clash... Really ah, i dun mind... I dun seen to have lost any weight... Gee...",SAFE,sms_phishing_v1,english,Legitimate
SMS_02636,ARR birthday today:) i wish him to get more oscar.,SAFE,sms_phishing_v1,english,Legitimate
SMS_02637,"Open rebtel with firefox. When it loads just put plus sign in the user name place, and it will show you two numbers. The lower number is my number. Once you pick that number the pin will display okay!",SAFE,sms_phishing_v1,english,Legitimate
SMS_02638,and  picking them up from various points,SAFE,sms_phishing_v1,english,Legitimate
SMS_02639,Married local women looking for discreet action now! 5 real matches instantly to your phone. Text MATCH to 69969 Msg cost 150p 2 stop txt stop BCMSFWC1N3XX,PHISHING,sms_phishing_v1,english,Spam
SMS_02640,Wow v v impressed. Have funs shopping!,SAFE,sms_phishing_v1,english,Legitimate
SMS_02641,I am on the way to ur home,SAFE,sms_phishing_v1,english,Legitimate
SMS_02642,Burger King - Wanna play footy at a top stadium? Get 2 Burger King before 1st Sept and go Large or Super with Coca-Cola and walk out a winner,PHISHING,sms_phishing_v1,english,Phishing
SMS_02643,No problem. Talk to you later,SAFE,sms_phishing_v1,english,Legitimate
SMS_02644,Then ur sis how?,SAFE,sms_phishing_v1,english,Legitimate
SMS_02645,Still in customer place,SAFE,sms_phishing_v1,english,Legitimate
SMS_02646,How come it takes so little time for a child who is afraid of the dark to become a teenager who wants to stay out all night?,PHISHING,sms_phishing_v1,english,Spam
SMS_02647,"Dude u knw also telugu..thts gud..k, gud nyt..",SAFE,sms_phishing_v1,english,Legitimate
SMS_02648,We confirm eating at esplanade?,SAFE,sms_phishing_v1,english,Legitimate
SMS_02649,Send me your id and password,SAFE,sms_phishing_v1,english,Legitimate
SMS_02650,Kind of. Took it to garage. Centre part of exhaust needs replacing. Part ordered n taking it to be fixed tomo morning.,SAFE,sms_phishing_v1,english,Legitimate
SMS_02651,"For ur chance to win a å£250 cash every wk TXT: ACTION to 80608. T's&C's www.movietrivia.tv custcare 08712405022, 1x150p/wk.",PHISHING,sms_phishing_v1,english,Spam
SMS_02652,Well I might not come then...,SAFE,sms_phishing_v1,english,Legitimate
SMS_02653,Long after I quit. I get on only like 5 minutes a day as it is.,SAFE,sms_phishing_v1,english,Legitimate
SMS_02654,Then its most likely called Mittelschmertz. Google it. If you dont have paracetamol dont worry it will go.,SAFE,sms_phishing_v1,english,Legitimate
SMS_02655,Well at this right I'm gonna have to get up and check today's steam sales/pee so text me when you want me to come get you,SAFE,sms_phishing_v1,english,Legitimate
SMS_02656,"Just arrived, see you in a couple days &lt;3",SAFE,sms_phishing_v1,english,Legitimate
SMS_02657,"K, wat s tht incident?",SAFE,sms_phishing_v1,english,Legitimate
SMS_02658,Yeah get the unlimited,SAFE,sms_phishing_v1,english,Legitimate
SMS_02659,cThen i thk shd b enuff.. Still got conclusion n contents pg n references.. I'll b doing da contents pg n cover pg..,SAFE,sms_phishing_v1,english,Legitimate
SMS_02660,"Forgot it takes me 3 years to shower, sorry. Where you at/your phone dead yet?",SAFE,sms_phishing_v1,english,Legitimate
SMS_02661,ÌÏ got wat to buy tell us then Ì_ no need to come in again.,SAFE,sms_phishing_v1,english,Legitimate
SMS_02662,When you are big..| God will bring success.,SAFE,sms_phishing_v1,english,Legitimate
SMS_02663,UÛªve Bin Awarded å£50 to Play 4 Instant Cash. Call 08715203028 To Claim. EVERY 9th Player Wins Min å£50-å£500. OptOut 08718727870,PHISHING,sms_phishing_v1,english,Phishing
SMS_02664,"Û_ we r stayin here an extra week, back next wed. How did we do in the rugby this weekend? Hi to and and , c u soon \"" Well there's still a bit left if you guys want to tonight
ham""",SAFE,sms_phishing_v1,english,Legitimate
SMS_02665,Not from this campus. Are you in the library?,SAFE,sms_phishing_v1,english,Legitimate
SMS_02666,"The affidavit says  &lt;#&gt;  E Twiggs St, division g, courtroom  &lt;#&gt; , &lt;TIME&gt;  AM. I'll double check and text you again tomorrow",SAFE,sms_phishing_v1,english,Legitimate
SMS_02667,How will I creep on you now? ;_;,SAFE,sms_phishing_v1,english,Legitimate
SMS_02668,If I get there before you after your ten billion calls and texts so help me god,SAFE,sms_phishing_v1,english,Legitimate
SMS_02669,I've told him that i've returned it. That should i re order it.,SAFE,sms_phishing_v1,english,Legitimate
SMS_02670,"House-Maid is the murderer, coz the man was murdered on  &lt;#&gt; th January.. As public holiday all govt.instituitions are closed,including post office..",SAFE,sms_phishing_v1,english,Legitimate
SMS_02671,Depends on where u going lor.,SAFE,sms_phishing_v1,english,Legitimate
SMS_02672,And smile for me right now as you go and the world will wonder what you are smiling about and think your crazy and keep away from you ... *grins*,SAFE,sms_phishing_v1,english,Legitimate
SMS_02673,FreeMsg>FAV XMAS TONES!Reply REAL,PHISHING,sms_phishing_v1,english,Spam
SMS_02674,Lil fever:) now fine:),SAFE,sms_phishing_v1,english,Legitimate
SMS_02675,I think it's all still in my car,SAFE,sms_phishing_v1,english,Legitimate
SMS_02676,Can a not?,SAFE,sms_phishing_v1,english,Legitimate
SMS_02677,December only! Had your mobile 11mths+? You are entitled to update to the latest colour camera mobile for Free! Call The Mobile Update Co FREE on 08002986906,PHISHING,sms_phishing_v1,english,Phishing
SMS_02678,Yes princess! I want to catch you with my big strong hands...,SAFE,sms_phishing_v1,english,Legitimate
SMS_02679,Oh yeah I forgot. U can only take 2 out shopping at once.,SAFE,sms_phishing_v1,english,Legitimate
SMS_02680,Mm so you asked me not to call radio,SAFE,sms_phishing_v1,english,Legitimate
SMS_02681,Thinkin about someone is all good. No drugs for that,SAFE,sms_phishing_v1,english,Legitimate
SMS_02682,"Enjoy the showers of possessiveness poured on u by ur loved ones, bcoz in this world of lies, it is a golden gift to be loved truly..",SAFE,sms_phishing_v1,english,Legitimate
SMS_02683,"Alright if you're sure, let me know when you're leaving",SAFE,sms_phishing_v1,english,Legitimate
SMS_02684,Some are lasting as much as 2 hours. You might get lucky.,SAFE,sms_phishing_v1,english,Legitimate
SMS_02685,Genius what's up. How your brother. Pls send his number to my skype.,SAFE,sms_phishing_v1,english,Legitimate
SMS_02686,"Gr8 Poly tones 4 ALL mobs direct 2u rply with POLY TITLE to 8007 eg POLY BREATHE1 Titles: CRAZYIN, SLEEPINGWITH, FINEST, YMCA :getzed.co.uk POBox365O4W45WQ 300p",PHISHING,sms_phishing_v1,english,Spam
SMS_02687,Thk some of em find wtc too far... Weiyi not goin... E rest i dunno yet... R ur goin 4 dinner den i might b able to join...,SAFE,sms_phishing_v1,english,Legitimate
SMS_02688,Don't forget who owns you and who's private property you are ... And be my good boy always .. *passionate kiss*,SAFE,sms_phishing_v1,english,Legitimate
SMS_02689,INTERFLORA - åÒIt's not too late to order Interflora flowers for christmas call 0800 505060 to place your order before Midnight tomorrow.,PHISHING,sms_phishing_v1,english,Spam
SMS_02690,Oh god..taken the teeth?is it paining,SAFE,sms_phishing_v1,english,Legitimate
SMS_02691,ROMCAPspam Everyone around should be responding well to your presence since you are so warm and outgoing. You are bringing in a real breath of sunshine.,PHISHING,sms_phishing_v1,english,Spam
SMS_02692,Then u ask darren go n pick u lor... But i oso sian tmr haf 2 meet lect...,SAFE,sms_phishing_v1,english,Legitimate
SMS_02693,No need to buy lunch for me.. I eat maggi mee..,SAFE,sms_phishing_v1,english,Legitimate
SMS_02694,"Congratulations - Thanks to a good friend U have WON the å£2,000 Xmas prize. 2 claim is easy, just call 08712103738 NOW! Only 10p per minute. BT-national-rate",PHISHING,sms_phishing_v1,english,Phishing
SMS_02695,"Oh right, ok. I'll make sure that i do loads of work during the day!  got a really nasty cough today and is dry n shot so that should really help it!",SAFE,sms_phishing_v1,english,Legitimate
SMS_02696,Send a logo 2 ur lover - 2 names joined by a heart. Txt LOVE NAME1 NAME2 MOBNO eg LOVE ADAM EVE 07123456789 to 87077 Yahoo! POBox36504W45WQ TxtNO 4 no ads 150p.,PHISHING,sms_phishing_v1,english,Spam
SMS_02697,Thanx 4 sending me home...,SAFE,sms_phishing_v1,english,Legitimate
SMS_02698,Its normally hot mail. Com you see!,SAFE,sms_phishing_v1,english,Legitimate
SMS_02699,"You've won tkts to the EURO2004 CUP FINAL or å£800 CASH, to collect CALL 09058099801 b4190604, POBOX 7876150ppm",PHISHING,sms_phishing_v1,english,Spam
SMS_02700,U sick still can go shopping?,SAFE,sms_phishing_v1,english,Legitimate
SMS_02701,"Ya they are well and fine., BBD(pooja) full pimples..even she become quite black..and ur rite here its too cold, wearing sweatter..",SAFE,sms_phishing_v1,english,Legitimate
SMS_02702,Nice.nice.how is it working?,SAFE,sms_phishing_v1,english,Legitimate
SMS_02703,1's reach home call me.,SAFE,sms_phishing_v1,english,Legitimate
SMS_02704,Were trying to find a Chinese food place around here,SAFE,sms_phishing_v1,english,Legitimate
SMS_02705,"Easy mate, * guess the quick drink was bit ambitious.",SAFE,sms_phishing_v1,english,Legitimate
SMS_02706,BABE !!! I miiiiiiissssssssss you ! I need you !!! I crave you !!! :-( ... Geeee ... I'm so sad without you babe ... I love you ...,SAFE,sms_phishing_v1,english,Legitimate
SMS_02707,Ok thanx...,SAFE,sms_phishing_v1,english,Legitimate
SMS_02708,"Tunji, how's the queen? how are you doing. This is just wishing you a great day. Abiola.",SAFE,sms_phishing_v1,english,Legitimate
SMS_02709,Today iZ Yellow rose day. If u love my frndship give me 1 misscall &amp; send this to ur frndZ &amp; See how many miss calls u get. If u get 6missed U marry ur Lover.,SAFE,sms_phishing_v1,english,Legitimate
SMS_02710,Will be out of class in a few hours. Sorry,SAFE,sms_phishing_v1,english,Legitimate
SMS_02711,Wat time u finish ur lect today?,SAFE,sms_phishing_v1,english,Legitimate
SMS_02712,"Free-message: Jamster!Get the crazy frog sound now! For poly text MAD1, for real text MAD2 to 88888. 6 crazy sounds for just 3 GBP/week! 16+only! T&C's apply",PHISHING,sms_phishing_v1,english,Spam
SMS_02713,"YOUR CHANCE TO BE ON A REALITY FANTASY SHOW call now = 08707509020 Just 20p per min NTT Ltd, PO Box 1327 Croydon CR9 5WB 0870 is a national = rate call",PHISHING,sms_phishing_v1,english,Spam
SMS_02714,She's fine. Good to hear from you. How are you my dear? Happy new year oh.,SAFE,sms_phishing_v1,english,Legitimate
SMS_02715,Are you going to wipro interview today?,SAFE,sms_phishing_v1,english,Legitimate
SMS_02716,how tall are you princess?,SAFE,sms_phishing_v1,english,Legitimate
SMS_02717,I doubt you could handle 5 times per night in any case...,SAFE,sms_phishing_v1,english,Legitimate
SMS_02718,Haha... Hope Ì_ can hear the receipt sound... Gd luck!,SAFE,sms_phishing_v1,english,Legitimate
SMS_02719,Your gonna be the death if me. I'm gonna leave a note that says its all robs fault. Avenge me.,SAFE,sms_phishing_v1,english,Legitimate
SMS_02720,"Japanese Proverb: If one Can do it, U too Can do it, If none Can do it,U must do it Indian version: If one Can do it, LET HIM DO it.. If none Can do it,LEAVE it!! And finally Kerala version: If one can do it, Stop him doing it.. If none can do it, Make a strike against it ...",SAFE,sms_phishing_v1,english,Legitimate
SMS_02721,Today i'm not workin but not free oso... Gee... Thgt u workin at ur fren's shop ?,SAFE,sms_phishing_v1,english,Legitimate
SMS_02722,In life when you face choices Just toss a coin not becoz its settle the question But while the coin in the air U will know what your heart is hoping for. Gudni8,SAFE,sms_phishing_v1,english,Legitimate
SMS_02723,I want to be there so i can kiss you and feel you next to me,SAFE,sms_phishing_v1,english,Legitimate
SMS_02724,I am not at all happy with what you saying or doing,SAFE,sms_phishing_v1,english,Legitimate
SMS_02725,Adult 18 Content Your video will be with you shortly,PHISHING,sms_phishing_v1,english,Spam
SMS_02726,"Ok that would b lovely, if u r sure. Think about wot u want to do, drinkin, dancin, eatin, cinema, in, out, about... Up to u! Wot about ?",SAFE,sms_phishing_v1,english,Legitimate
SMS_02727,What I'm saying is if you haven't explicitly told nora I know someone I'm probably just not gonna bother,SAFE,sms_phishing_v1,english,Legitimate
SMS_02728,Smith waste da.i wanna gayle.,SAFE,sms_phishing_v1,english,Legitimate
SMS_02729,"Mum, i've sent you many many messages since i got here. I just want to know that you are actually getting them. Do enjoy the rest of your day.",SAFE,sms_phishing_v1,english,Legitimate
SMS_02730,"Aight, tomorrow around  &lt;#&gt;  it is",SAFE,sms_phishing_v1,english,Legitimate
SMS_02731,"YOUR CHANCE TO BE ON A REALITY FANTASY SHOW call now = 08707509020 Just 20p per min NTT Ltd, PO Box 1327 Croydon CR9 5WB 0870 is a national = rate call.",PHISHING,sms_phishing_v1,english,Spam
SMS_02732,I actually did for the first time in a while. I went to bed not too long after i spoke with you. Woke up at 7. How was your night?,SAFE,sms_phishing_v1,english,Legitimate
SMS_02733,See you there!,SAFE,sms_phishing_v1,english,Legitimate
SMS_02734,I dont understand your message.,SAFE,sms_phishing_v1,english,Legitimate
SMS_02735,Crucify is c not s. You should have told me earlier.,SAFE,sms_phishing_v1,english,Legitimate
SMS_02736,"Idk. You keep saying that you're not, but since he moved, we keep butting heads over freedom vs. responsibility. And i'm tired. I have so much other shit to deal with that i'm barely keeping myself together once this gets added to it.",SAFE,sms_phishing_v1,english,Legitimate
SMS_02737,Fuck cedar key and fuck her (come over anyway tho),SAFE,sms_phishing_v1,english,Legitimate
SMS_02738,twenty past five he said will this train have been to durham already or not coz i am in a reserved seat,SAFE,sms_phishing_v1,english,Legitimate
SMS_02739,"Hey Boys. Want hot XXX pics sent direct 2 ur phone? Txt PORN to 69855, 24Hrs free and then just 50p per day. To stop text STOPBCM SF WC1N3XX",PHISHING,sms_phishing_v1,english,Spam
SMS_02740,U still painting ur wall?,SAFE,sms_phishing_v1,english,Legitimate
SMS_02741,Printer is cool. I mean groovy. Wine is groovying,SAFE,sms_phishing_v1,english,Legitimate
SMS_02742,Hi Harish's rent has been transfred to ur Acnt.,SAFE,sms_phishing_v1,english,Legitimate
SMS_02743,Anything lor is she coming?,SAFE,sms_phishing_v1,english,Legitimate
SMS_02744,Cbe is really good nowadays:)lot of shop and showrooms:)city is shaping good.,SAFE,sms_phishing_v1,english,Legitimate
SMS_02745,ÌÏ still attending da talks?,SAFE,sms_phishing_v1,english,Legitimate
SMS_02746,No probs hon! How u doinat the mo?,SAFE,sms_phishing_v1,english,Legitimate
SMS_02747,K I'll take care of it,SAFE,sms_phishing_v1,english,Legitimate
SMS_02748,I take it we didn't have the phone callon Friday. Can we assume we won't have it this year now?,SAFE,sms_phishing_v1,english,Legitimate
SMS_02749,My battery is low babe,SAFE,sms_phishing_v1,english,Legitimate
SMS_02750,Shuhui has bought ron's present it's a swatch watch...,SAFE,sms_phishing_v1,english,Legitimate
SMS_02751,"Yeah there's quite a bit left, I'll swing by tomorrow when I get up",SAFE,sms_phishing_v1,english,Legitimate
SMS_02752,Babe? You said 2 hours and it's been almost 4 ... Is your internet down ?,SAFE,sms_phishing_v1,english,Legitimate
SMS_02753,K I'll be sure to get up before noon and see what's what,SAFE,sms_phishing_v1,english,Legitimate
SMS_02754,K...k...yesterday i was in cbe .,SAFE,sms_phishing_v1,english,Legitimate
SMS_02755,Went to ganesh dress shop,SAFE,sms_phishing_v1,english,Legitimate
SMS_02756,"pdate_Now - Double mins and 1000 txts on Orange tariffs. Latest Motorola, SonyEricsson & Nokia & Bluetooth FREE! Call MobileUpd8 on 08000839402 or call2optout/!YHL",PHISHING,sms_phishing_v1,english,Spam
SMS_02757,ÌÏ collecting ur laptop then going to configure da settings izzit?,SAFE,sms_phishing_v1,english,Legitimate
SMS_02758,"Aight, I should be there by 8 at the latest, probably closer to 7. Are jay and tyler down or should we just do two trips?",SAFE,sms_phishing_v1,english,Legitimate
SMS_02759,Come aftr  &lt;DECIMAL&gt; ..now i m cleaning the house,SAFE,sms_phishing_v1,english,Legitimate
SMS_02760,Ur cash-balance is currently 500 pounds - to maximize ur cash-in now send CASH to 86688 only 150p/msg. CC: 08718720201 PO BOX 114/14 TCR/W1,PHISHING,sms_phishing_v1,english,Spam
SMS_02761,"Bill, as in: Are there any letters for me. iÛªm expecting one from orange that isnÛªt a bill but may still say orange on it.",SAFE,sms_phishing_v1,english,Legitimate
SMS_02762,Tell me pa. How is pain de.,SAFE,sms_phishing_v1,english,Legitimate
SMS_02763,HI DARLIN I HOPE YOU HAD A NICE NIGHT I WISH I HAD COME CANT WAIT TO SEE YOU LOVE FRAN PS I WANT DIRTY ANAL SEX AND I WANT A 10 MAN GANG BANG,SAFE,sms_phishing_v1,english,Legitimate
SMS_02764,"Ha. You donÛ÷t know either. I did a a clever but simple thing with pears the other day, perfect for christmas.",SAFE,sms_phishing_v1,english,Legitimate
SMS_02765,"Helloooo... Wake up..! \Sweet\"" \""morning\"" \""welcomes\"" \""You\"" \""Enjoy\"" \""This Day\"" \""with full of joy\"".. \""GUD MRNG\"".""",SAFE,sms_phishing_v1,english,Legitimate
SMS_02766,ALRITE,SAFE,sms_phishing_v1,english,Legitimate
SMS_02767,Why must we sit around and wait for summer days to celebrate. Such a magical sight when the worlds dressed in white. Oooooh let there be snow.,SAFE,sms_phishing_v1,english,Legitimate
SMS_02768,URGENT! Your Mobile number has been awarded with a å£2000 prize GUARANTEED. Call 09058094454 from land line. Claim 3030. Valid 12hrs only,PHISHING,sms_phishing_v1,english,Phishing
SMS_02769,How do you guys go to see movies on your side.,SAFE,sms_phishing_v1,english,Legitimate
SMS_02770,You didn't have to tell me that...now i'm thinking. Plus he's going to stop all your runs,SAFE,sms_phishing_v1,english,Legitimate
SMS_02771,Kindly send some one to our flat before  &lt;DECIMAL&gt;  today.,SAFE,sms_phishing_v1,english,Legitimate
SMS_02772,Sorry! U can not unsubscribe yet. THE MOB offer package has a min term of 54 weeks> pls resubmit request after expiry. Reply THEMOB HELP 4 more info,PHISHING,sms_phishing_v1,english,Spam
SMS_02773,Nothing lor... A bit bored too... Then y dun u go home early 2 sleep today...,SAFE,sms_phishing_v1,english,Legitimate
SMS_02774,What time should I tell my friend to be around?,SAFE,sms_phishing_v1,english,Legitimate
SMS_02775,Yes. that will be fine. Love you. Be safe.,SAFE,sms_phishing_v1,english,Legitimate
SMS_02776,Thanks chikku..:-) gud nyt:-*,SAFE,sms_phishing_v1,english,Legitimate
SMS_02777,Is xy in ur car when u picking me up?,SAFE,sms_phishing_v1,english,Legitimate
SMS_02778,"Thanx 4 the time weåÕve spent 2geva, its bin mint! Ur my Baby and all I want is u!xxxx",SAFE,sms_phishing_v1,english,Legitimate
SMS_02779,"Yo, any way we could pick something up tonight?",SAFE,sms_phishing_v1,english,Legitimate
SMS_02780,I've not sent it. He can send me.,SAFE,sms_phishing_v1,english,Legitimate
SMS_02781,Fine am simply sitting.,SAFE,sms_phishing_v1,english,Legitimate
SMS_02782,Thts god's gift for birds as humans hav some natural gift frm god..,SAFE,sms_phishing_v1,english,Legitimate
SMS_02783,Are you coming to day for class.,SAFE,sms_phishing_v1,english,Legitimate
SMS_02784,Im done. Just studyn in library,SAFE,sms_phishing_v1,english,Legitimate
SMS_02785,Ok... U enjoy ur shows...,SAFE,sms_phishing_v1,english,Legitimate
SMS_02786,Anything...,SAFE,sms_phishing_v1,english,Legitimate
SMS_02787,Where wuld I be without my baby? The thought alone mite break me and I donåÕt wanna go crazy but everyboy needs his lady xxxxxxxx,SAFE,sms_phishing_v1,english,Legitimate
SMS_02788,Wat's my dear doing? Sleeping ah?,SAFE,sms_phishing_v1,english,Legitimate
SMS_02789,Hi' Test on  &lt;#&gt; rd ....,SAFE,sms_phishing_v1,english,Legitimate
SMS_02790,Only 2% students solved this CAT question in 'xam... 5+3+2= &lt;#&gt;  9+2+4= &lt;#&gt;  8+6+3= &lt;#&gt;  then 7+2+5=????? Tell me the answer if u r brilliant...1thing.i got d answr.,SAFE,sms_phishing_v1,english,Legitimate
SMS_02791,Yo do you know anyone  &lt;#&gt;  or otherwise able to buy liquor? Our guy flaked and right now if we don't get a hold of somebody its just 4 loko all night,SAFE,sms_phishing_v1,english,Legitimate
SMS_02792,Yup n her fren lor. I'm meeting my fren at 730.,SAFE,sms_phishing_v1,english,Legitimate
SMS_02793,"Yeah, we got one lined up for us",SAFE,sms_phishing_v1,english,Legitimate
SMS_02794,"And stop wondering \wow is she ever going to stop tm'ing me ?!\"" because I will tm you whenever I want because you are MINE ... *laughs*""",SAFE,sms_phishing_v1,english,Legitimate
SMS_02795,Lol yep did that yesterday. Already got my fireplace. Now its just another icon sitting there for me.,SAFE,sms_phishing_v1,english,Legitimate
SMS_02796,Hey i've booked the pilates and yoga lesson already... Haha,SAFE,sms_phishing_v1,english,Legitimate
SMS_02797,Are you ok. What happen to behave like this,SAFE,sms_phishing_v1,english,Legitimate
SMS_02798,You have 1 new message. Please call 08712400200.,PHISHING,sms_phishing_v1,english,Spam
SMS_02799,My supervisor find 4 me one lor i thk his students. I havent ask her yet. Tell u aft i ask her.,SAFE,sms_phishing_v1,english,Legitimate
SMS_02800,"Hello. No news on job, they are making me wait a fifth week! Yeah im up for some woozles and weasels... In exeter still, but be home about 3.",SAFE,sms_phishing_v1,english,Legitimate
SMS_02801,We currently have a message awaiting your collection. To collect your message just call 08718723815.,PHISHING,sms_phishing_v1,english,Spam
SMS_02802,"Hey babe, sorry i didn't get sooner. Gary can come and fix it cause he thinks he knows what it is but he doesn't go as far a Ptbo and he says it will cost  &lt;#&gt;  bucks. I don't know if it might be cheaper to find someone there ? We don't have any second hand machines at all right now, let me know what you want to do babe",SAFE,sms_phishing_v1,english,Legitimate
SMS_02803,make that 3! 4 fucks sake?! x,SAFE,sms_phishing_v1,english,Legitimate
SMS_02804,Leave it. U will always be ignorant.,SAFE,sms_phishing_v1,english,Legitimate
SMS_02805,Nope but i'll b going 2 sch on fri quite early lor cos mys sis got paper in da morn :-),SAFE,sms_phishing_v1,english,Legitimate
SMS_02806,at bruce b downs &amp; fletcher now,SAFE,sms_phishing_v1,english,Legitimate
SMS_02807,Where are you ? You said you would be here when I woke ... :-(,SAFE,sms_phishing_v1,english,Legitimate
SMS_02808,Hey now am free you can call me.,SAFE,sms_phishing_v1,english,Legitimate
SMS_02809,Tell me whos this pls:-),SAFE,sms_phishing_v1,english,Legitimate
SMS_02810,"URGENT! Your mobile was awarded a å£1,500 Bonus Caller Prize on 27/6/03. Our final attempt 2 contact U! Call 08714714011",PHISHING,sms_phishing_v1,english,Phishing
SMS_02811,"Think i might have to give it a miss. Am teaching til twelve, then have lecture at two. Damn this working thing.",SAFE,sms_phishing_v1,english,Legitimate
SMS_02812,Id have to check but there's only like 1 bowls worth left,SAFE,sms_phishing_v1,english,Legitimate
SMS_02813,Yes there were many sweets,SAFE,sms_phishing_v1,english,Legitimate
SMS_02814,I would but I'm still cozy. And exhausted from last night.nobody went to school or work. Everything is closed.,SAFE,sms_phishing_v1,english,Legitimate
SMS_02815,Buzzzz! *grins* Did I buzz your ass? Buzz your chest ? Buzz your cock ? Where do you keep your phone ? Is the vibrator on ? Did you feel it shake ?,SAFE,sms_phishing_v1,english,Legitimate
SMS_02816,Sir send to group mail check it.,SAFE,sms_phishing_v1,english,Legitimate
SMS_02817,I'm doing da intro covers energy trends n pros n cons... Brief description of nuclear fusion n oso brief history of iter n jet got abt 7 n half pages..,SAFE,sms_phishing_v1,english,Legitimate
SMS_02818,"\NONE!NOWHERE IKNO DOESDISCOUNT!SHITINNIT\""""",SAFE,sms_phishing_v1,english,Legitimate
SMS_02819,You dont know you jabo me abi.,SAFE,sms_phishing_v1,english,Legitimate
SMS_02820,"Do you ever notice that when you're driving, anyone going slower than you is an idiot and everyone driving faster than you is a maniac?",PHISHING,sms_phishing_v1,english,Spam
SMS_02821,Not yet had..ya sapna aunty manege y'day hogidhe..chinnu full weak and swalpa black agidhane..,SAFE,sms_phishing_v1,english,Legitimate
SMS_02822,"Are you being good, baby? :)",SAFE,sms_phishing_v1,english,Legitimate
SMS_02823,"Mostly sports type..lyk footbl,crckt..",SAFE,sms_phishing_v1,english,Legitimate
SMS_02824,Ma head dey swell oh. Thanks for making my day,SAFE,sms_phishing_v1,english,Legitimate
SMS_02825,U should make a fb list,SAFE,sms_phishing_v1,english,Legitimate
SMS_02826,"Height of Confidence: All the Aeronautics professors wer calld &amp; they wer askd 2 sit in an aeroplane. Aftr they sat they wer told dat the plane ws made by their students. Dey all hurried out of d this wont even start........ Datz confidence..""plane.. Bt only 1 didnt move... He said:\if it is made by my students",SAFE,sms_phishing_v1,english,Legitimate
SMS_02827,Sary just need Tim in the bollox &it hurt him a lot so he tol me!,SAFE,sms_phishing_v1,english,Legitimate
SMS_02828,Happy New Year Princess!,SAFE,sms_phishing_v1,english,Legitimate
SMS_02829,"I'll text carlos and let you know, hang on",SAFE,sms_phishing_v1,english,Legitimate
SMS_02830,"Don't worry, * is easy once have ingredients!",SAFE,sms_phishing_v1,english,Legitimate
SMS_02831,I love u 2 my little pocy bell I am sorry but I love u,SAFE,sms_phishing_v1,english,Legitimate
SMS_02832,"Ok omw now, you at castor?",SAFE,sms_phishing_v1,english,Legitimate
SMS_02833,Yar lor... Keep raining non stop... Or u wan 2 go elsewhere?,SAFE,sms_phishing_v1,english,Legitimate
SMS_02834,"Xmas Offer! Latest Motorola, SonyEricsson & Nokia & FREE Bluetooth or DVD! Double Mins & 1000 Txt on Orange. Call MobileUpd8 on 08000839402 or call2optout/4QF2",PHISHING,sms_phishing_v1,english,Spam
SMS_02835,What u mean u almost done? Done wif sleeping? But i tot u going to take a nap.. Yup i send her liao so i'm picking her up at ard 4 smth lor..,SAFE,sms_phishing_v1,english,Legitimate
SMS_02836,"Tonight? Yeah, I'd be down for that",SAFE,sms_phishing_v1,english,Legitimate
SMS_02837,What should i eat fo lunch senor,SAFE,sms_phishing_v1,english,Legitimate
SMS_02838,"He said that he had a right giggle when he saw u again! You would possibly be the first person2die from NVQ, but think how much you could for!",SAFE,sms_phishing_v1,english,Legitimate
SMS_02839,No break time one... How... I come out n get my stuff fr Ì_?,SAFE,sms_phishing_v1,english,Legitimate
SMS_02840,Reply to win å£100 weekly! What professional sport does Tiger Woods play? Send STOP to 87239 to end service,PHISHING,sms_phishing_v1,english,Spam
SMS_02841,"I'm there and I can see you, but you can't see me ? Maybe you should reboot ym ? I seen the buzz",SAFE,sms_phishing_v1,english,Legitimate
SMS_02842,Do you still have the grinder?,SAFE,sms_phishing_v1,english,Legitimate
SMS_02843,No 1 POLYPHONIC tone 4 ur mob every week! Just txt PT2 to 87575. 1st Tone FREE ! so get txtin now and tell ur friends. 150p/tone. 16 reply HL 4info,PHISHING,sms_phishing_v1,english,Spam
SMS_02844,K.i did't see you.:)k:)where are you now?,SAFE,sms_phishing_v1,english,Legitimate
SMS_02845,So i'm doing a list of buyers.,SAFE,sms_phishing_v1,english,Legitimate
SMS_02846,"No idea, I guess we'll work that out an hour after we're supposed to leave since as usual nobody has any interest in figuring shit out before the last second",SAFE,sms_phishing_v1,english,Legitimate
SMS_02847,Mm not entirely sure i understood that text but hey. Ho. Which weekend?,SAFE,sms_phishing_v1,english,Legitimate
SMS_02848,They released vday shirts and when u put it on it makes your bottom half naked instead of those white underwear.,SAFE,sms_phishing_v1,english,Legitimate
SMS_02849,Don know..he is watching film in computer..,SAFE,sms_phishing_v1,english,Legitimate
SMS_02850,No b4 Thursday,SAFE,sms_phishing_v1,english,Legitimate
SMS_02851,"Oh, then your phone phoned me but it disconnected",SAFE,sms_phishing_v1,english,Legitimate
SMS_02852,Id onluy matters when getting on from offcampus,SAFE,sms_phishing_v1,english,Legitimate
SMS_02853,This message is free. Welcome to the new & improved Sex & Dogging club! To unsubscribe from this service reply STOP. msgs@150p 18+only,PHISHING,sms_phishing_v1,english,Spam
SMS_02854,"Excellent, I'll see what riley's plans are",SAFE,sms_phishing_v1,english,Legitimate
SMS_02855,Ew are you one of them?,SAFE,sms_phishing_v1,english,Legitimate
SMS_02856,Also hi wesley how've you been,SAFE,sms_phishing_v1,english,Legitimate
SMS_02857,Ah you see. You have to be in the lingo. I will let you know wot on earth it is when has finished making it!,SAFE,sms_phishing_v1,english,Legitimate
SMS_02858,Update_Now - 12Mths Half Price Orange line rental: 400mins...Call MobileUpd8 on 08000839402 or call2optout=J5Q,PHISHING,sms_phishing_v1,english,Phishing
SMS_02859,Imagine Life WITHOUT ME... see.. How fast u are searching me?Don't worry.. l'm always there To disturb U.. Goodnoon..:),SAFE,sms_phishing_v1,english,Legitimate
SMS_02860,"Hm good morning, headache anyone? :-)",SAFE,sms_phishing_v1,english,Legitimate
SMS_02861,Yeah no probs - last night is obviously catching up with you... Speak soon,SAFE,sms_phishing_v1,english,Legitimate
SMS_02862,FREE UNLIMITED HARDCORE PORN direct 2 your mobile Txt PORN to 69200 & get FREE access for 24 hrs then chrgd@50p per day txt Stop 2exit. This msg is free,PHISHING,sms_phishing_v1,english,Spam
SMS_02863,I might go 2 sch. Yar at e salon now v boring.,SAFE,sms_phishing_v1,english,Legitimate
SMS_02864,&lt;#&gt;  mins but i had to stop somewhere first.,SAFE,sms_phishing_v1,english,Legitimate
SMS_02865,"&lt;#&gt;  is fast approaching. So, Wish u a very Happy New Year Happy Sankranti Happy republic day Happy Valentines Day Happy Shivratri Happy Ugadi Happy Fools day Happy May Day Happy Independence Day, Happy Friendship,Mother,Father,Teachers,Childrens Day, &amp; HAPPY BIRTHDAY 4 U. Happy Ganesh festival Happy Dasara Happy Diwali Happy Christmas  &lt;#&gt;  Good Mornings Afternoons, Evenings Nights. RememberI AM the first to WISHING U ALL THESE...your's Raj",SAFE,sms_phishing_v1,english,Legitimate
SMS_02866,One of the joys in lifeis waking up each daywith thoughts that somewhereSomeone cares enough tosend a warm morning greeting.. -,SAFE,sms_phishing_v1,english,Legitimate
SMS_02867,I didn't get the second half of that message,SAFE,sms_phishing_v1,english,Legitimate
SMS_02868,Wat time do u wan 2 meet me later?,SAFE,sms_phishing_v1,english,Legitimate
SMS_02869,I thank you so much for all you do with selflessness. I love you plenty.,SAFE,sms_phishing_v1,english,Legitimate
SMS_02870,Am in film ill call you later.,SAFE,sms_phishing_v1,english,Legitimate
SMS_02871,How dare you change my ring,SAFE,sms_phishing_v1,english,Legitimate
SMS_02872,You are a very very very very bad girl. Or lady.,SAFE,sms_phishing_v1,english,Legitimate
SMS_02873,I love ya too but try and budget your money better babe. Gary would freak on me if he knew,SAFE,sms_phishing_v1,english,Legitimate
SMS_02874,"What part of \don't initiate\"" don't you understand""",SAFE,sms_phishing_v1,english,Legitimate
SMS_02875,I finished my lunch already. U wake up already?,SAFE,sms_phishing_v1,english,Legitimate
SMS_02876,You still at the game?,SAFE,sms_phishing_v1,english,Legitimate
SMS_02877,You have got tallent but you are wasting.,SAFE,sms_phishing_v1,english,Legitimate
SMS_02878,What is your record for one night? :),SAFE,sms_phishing_v1,english,Legitimate
SMS_02879,"Also sir, i sent you an email about how to log into the usc payment portal. I.ll send you another message that should explain how things are back home. Have a great weekend.",SAFE,sms_phishing_v1,english,Legitimate
SMS_02880,gonna let me know cos comes bak from holiday that day.  is coming. Don't4get2text me  number.,SAFE,sms_phishing_v1,english,Legitimate
SMS_02881,Jokin only lar... :-) depends on which phone my father can get lor...,SAFE,sms_phishing_v1,english,Legitimate
SMS_02882,"Aight, lemme know what's up",SAFE,sms_phishing_v1,english,Legitimate
SMS_02883,Get ready for  &lt;#&gt;  inches of pleasure...,SAFE,sms_phishing_v1,english,Legitimate
SMS_02884,;-) ok. I feel like john lennon.,SAFE,sms_phishing_v1,english,Legitimate
SMS_02885,Cos darren say Ì_ considering mah so i ask Ì_...,SAFE,sms_phishing_v1,english,Legitimate
SMS_02886,You are not bothering me but you have to trust my answers. Pls.,SAFE,sms_phishing_v1,english,Legitimate
SMS_02887,One day a crab was running on the sea shore..The waves came n cleared the footprints of the crab.. Crab asked: being my frnd y r u clearing my beautiful footprints? Waves replied: A fox was following ur footprints to catch you! thats y i cleared it off:) frndsship never lets u dwn :-) GUD nyt..,SAFE,sms_phishing_v1,english,Legitimate
SMS_02888,Aight what time you want me to come up?,SAFE,sms_phishing_v1,english,Legitimate
SMS_02889,Slaaaaave ! Where are you ? Must I summon you to me all the time now ? Don't you wish to come to me on your own anymore?,SAFE,sms_phishing_v1,english,Legitimate
SMS_02890,Your bill at 3 is å£33.65 so thats not bad!,SAFE,sms_phishing_v1,english,Legitimate
SMS_02891,Let me know how it changes in the next 6hrs. It can even be appendix but you are out of that age range. However its not impossible. So just chill and let me know in 6hrs,SAFE,sms_phishing_v1,english,Legitimate
SMS_02892,"Hello, yeah i've just got out of the bath and need to do my hair so i'll come up when i'm done, yeah?",SAFE,sms_phishing_v1,english,Legitimate
SMS_02893,So how's the weather over there?,SAFE,sms_phishing_v1,english,Legitimate
SMS_02894,"Ok. Not much to do here though. H&M Friday, cant wait. Dunno wot the hell im gonna do for another 3 weeks! Become a slob- oh wait, already done that!",SAFE,sms_phishing_v1,english,Legitimate
SMS_02895,Die... Now i have e toot fringe again...,SAFE,sms_phishing_v1,english,Legitimate
SMS_02896,Lol they don't know about my awesome phone. I could click delete right now if I want.,SAFE,sms_phishing_v1,english,Legitimate
SMS_02897,"Awesome question with a cute answer: Someone asked a boy \how is ur life?\"" . . He smiled &amp; answered: . . \""She is fine!\"" Gudnite""",SAFE,sms_phishing_v1,english,Legitimate
SMS_02898,Please leave this topic..sorry for telling that..,SAFE,sms_phishing_v1,english,Legitimate
SMS_02899,Pls send me the correct name da.,SAFE,sms_phishing_v1,english,Legitimate
SMS_02900,What happened to our yo date?,SAFE,sms_phishing_v1,english,Legitimate
SMS_02901,Webpage s not available!,SAFE,sms_phishing_v1,english,Legitimate
SMS_02902,Just woke up. Yeesh its late. But I didn't fall asleep til &lt;#&gt; am :/,SAFE,sms_phishing_v1,english,Legitimate
SMS_02903,You are now unsubscribed all services. Get tons of sexy babes or hunks straight to your phone! go to http://gotbabes.co.uk. No subscriptions.,PHISHING,sms_phishing_v1,english,Spam
SMS_02904,"Dear all, as we know  &lt;#&gt; th is the  &lt;#&gt; th birthday of our loving Gopalettan. We are planning to give a small gift on that day. Those who like to participate in that you are welcome. Please contact our admin team for more details",SAFE,sms_phishing_v1,english,Legitimate
SMS_02905,K..k...from tomorrow onwards started ah?,SAFE,sms_phishing_v1,english,Legitimate
SMS_02906,What u talking bout early morning? It's almost noon where your at!,SAFE,sms_phishing_v1,english,Legitimate
SMS_02907,Fine. Do you remember me.,SAFE,sms_phishing_v1,english,Legitimate
SMS_02908,"Hi babe its Jordan, how r u? Im home from abroad and lonely, text me back if u wanna chat xxSP visionsms.com Text stop to stopCost 150p 08712400603",PHISHING,sms_phishing_v1,english,Spam
SMS_02909,Ok. How many should i buy.,SAFE,sms_phishing_v1,english,Legitimate
SMS_02910,"Sounds good, keep me posted",SAFE,sms_phishing_v1,english,Legitimate
SMS_02911,Get a brand new mobile phone by being an agent of The Mob! Plus loads more goodies! For more info just text MAT to 87021.,PHISHING,sms_phishing_v1,english,Spam
SMS_02912,Ok. So april. Cant wait,SAFE,sms_phishing_v1,english,Legitimate
SMS_02913,Boy you best get yo ass out here quick,SAFE,sms_phishing_v1,english,Legitimate
SMS_02914,Ay wana meet on sat?Ì_ wkg on sat?,SAFE,sms_phishing_v1,english,Legitimate
SMS_02915,I'm now but have to wait till 2 for the bus to pick me.,SAFE,sms_phishing_v1,english,Legitimate
SMS_02916,Apart from the one i told you about yesterday?,SAFE,sms_phishing_v1,english,Legitimate
SMS_02917,Ok lor... But buy wat?,SAFE,sms_phishing_v1,english,Legitimate
SMS_02918,Somebody should go to andros and steal ice,SAFE,sms_phishing_v1,english,Legitimate
SMS_02919,Don know. I did't msg him recently.,SAFE,sms_phishing_v1,english,Legitimate
SMS_02920,Take us out shopping and Mark will distract Isaiah.=D,SAFE,sms_phishing_v1,english,Legitimate
SMS_02921,"Mum, hope you are having a great day. Hoping this text meets you well and full of life. Have a great day. Abiola",SAFE,sms_phishing_v1,english,Legitimate
SMS_02922,There is no sense in my foot and penis.,SAFE,sms_phishing_v1,english,Legitimate
SMS_02923,Okay but i thought you were the expert,SAFE,sms_phishing_v1,english,Legitimate
SMS_02924,*deep sigh* ... I miss you :-( ... I am really surprised you haven't gone to the net cafe yet to get to me ... Don't you miss me?,SAFE,sms_phishing_v1,english,Legitimate
SMS_02925,S.s:)i thinl role is like sachin.just standing. Others have to hit.,SAFE,sms_phishing_v1,english,Legitimate
SMS_02926,Have a great trip to India. And bring the light to everyone not just with the project but with everyone that is lucky to see you smile. Bye. Abiola,SAFE,sms_phishing_v1,english,Legitimate
SMS_02927,"And very importantly, all we discuss is between u and i only.",SAFE,sms_phishing_v1,english,Legitimate
SMS_02928,K..k:)how about your training process?,SAFE,sms_phishing_v1,english,Legitimate
SMS_02929,Ok lor. I ned 2 go toa payoh 4 a while 2 return smth u wan 2 send me there or wat?,SAFE,sms_phishing_v1,english,Legitimate
SMS_02930,In da car park,SAFE,sms_phishing_v1,english,Legitimate
SMS_02931,I wish that I was with you. Holding you tightly. Making you see how important you are. How much you mean to me ... How much I need you ... In my life ...,SAFE,sms_phishing_v1,english,Legitimate
SMS_02932,So i asked how's anthony. Dad. And your bf,SAFE,sms_phishing_v1,english,Legitimate
SMS_02933,"'Wnevr i wana fal in luv vth my books, My bed fals in luv vth me..!'' . Yen madodu, nav pretsorginta, nammanna pretsovru important alwa....!!:) Gud eveB-).",SAFE,sms_phishing_v1,english,Legitimate
SMS_02934,Am going to take bath ill place the key in window:-),SAFE,sms_phishing_v1,english,Legitimate
SMS_02935,LORD OF THE RINGS:RETURN OF THE KING in store NOW!REPLY LOTR by 2 June 4 Chance 2 WIN LOTR soundtrack CDs StdTxtRate. Reply STOP to end txts,PHISHING,sms_phishing_v1,english,Spam
SMS_02936,"Dear, take care. I am just reaching home.love u a lot.",SAFE,sms_phishing_v1,english,Legitimate
SMS_02937,staff.science.nus.edu.sg/~phyhcmk/teaching/pc1323,SAFE,sms_phishing_v1,english,Legitimate
SMS_02938,Have you emigrated or something? Ok maybe 5.30 was a bit hopeful...,SAFE,sms_phishing_v1,english,Legitimate
SMS_02939,Olol i printed out a forum post by a guy with the exact same  prob which was fixed with a gpu replacement. Hopefully they dont ignore that.,SAFE,sms_phishing_v1,english,Legitimate
SMS_02940,We walked from my moms. Right on stagwood pass right on winterstone left on victors hill. Address is &lt;#&gt;,SAFE,sms_phishing_v1,english,Legitimate
SMS_02941,"Yo, you at jp and hungry like a mofo?",SAFE,sms_phishing_v1,english,Legitimate
SMS_02942,This is all just creepy and crazy to me.,SAFE,sms_phishing_v1,english,Legitimate
SMS_02943,Ok... I din get ur msg...,SAFE,sms_phishing_v1,english,Legitimate
SMS_02944,Pathaya enketa maraikara pa',SAFE,sms_phishing_v1,english,Legitimate
SMS_02945,Even if he my friend he is a priest call him now,SAFE,sms_phishing_v1,english,Legitimate
SMS_02946,"U so lousy, run already come back then half dead... Hee...",SAFE,sms_phishing_v1,english,Legitimate
SMS_02947,That's y i said it's bad dat all e gals know u... Wat u doing now?,SAFE,sms_phishing_v1,english,Legitimate
SMS_02948,Or remind me in a few hrs.,SAFE,sms_phishing_v1,english,Legitimate
SMS_02949,"I had been hoping i would not have to send you this message. My rent is due and i dont have enough for it. My reserves are completely gone. Its a loan i need and was hoping you could her. The balance is  &lt;#&gt; . Is there a way i could get that from you, till mid march when i hope to pay back.",SAFE,sms_phishing_v1,english,Legitimate
SMS_02950,Hi. Happy New Year. I dont mean to intrude but can you pls let me know how much tuition you paid last semester and how much this semester is. Thanks,SAFE,sms_phishing_v1,english,Legitimate
SMS_02951,Hello hun how ru? Its here by the way. Im good. Been on 2 dates with that guy i met in walkabout so far. We have to meet up soon. Hows everyone else?,SAFE,sms_phishing_v1,english,Legitimate
SMS_02952,Lol I was gonna last month. I cashed some in but I left &lt;#&gt; just in case. I was collecting more during the week cause they announced it on the blog.,SAFE,sms_phishing_v1,english,Legitimate
SMS_02953,Good Luck! Draw takes place 28th Feb 06. Good Luck! For removal send STOP to 87239 customer services 08708034412,PHISHING,sms_phishing_v1,english,Spam
SMS_02954,"Short But Cute : \ Be a good person  but dont try to prove\"" ..... Gud mrng...""",SAFE,sms_phishing_v1,english,Legitimate
SMS_02955,Just haven't decided where yet eh ?,SAFE,sms_phishing_v1,english,Legitimate
SMS_02956,"Wat time liao, where still got.",SAFE,sms_phishing_v1,english,Legitimate
SMS_02957,Yes watching footie but worried we're going to blow it - Phil Neville?,SAFE,sms_phishing_v1,english,Legitimate
SMS_02958,I wait 4 Ì_ inside da car park...,SAFE,sms_phishing_v1,english,Legitimate
SMS_02959,Uncle Abbey! Happy New Year. Abiola,SAFE,sms_phishing_v1,english,Legitimate
SMS_02960,Now am free call me pa.,SAFE,sms_phishing_v1,english,Legitimate
SMS_02961,R u saying i should re order the slippers cos i had to pay for returning it.,SAFE,sms_phishing_v1,english,Legitimate
SMS_02962,Stop knowing me so well!,SAFE,sms_phishing_v1,english,Legitimate
SMS_02963,Good evening! this is roger. How are you?,SAFE,sms_phishing_v1,english,Legitimate
SMS_02964,Small problem in auction:)punj now asking tiwary,SAFE,sms_phishing_v1,english,Legitimate
SMS_02965,He telling not to tell any one. If so treat for me hi hi hi,SAFE,sms_phishing_v1,english,Legitimate
SMS_02966,1st wk FREE! Gr8 tones str8 2 u each wk. Txt NOKIA ON to 8007 for Classic Nokia tones or HIT ON to 8007 for Polys. Nokia/150p Poly/200p 16+,PHISHING,sms_phishing_v1,english,Spam
SMS_02967,U coming 2 pick me?,SAFE,sms_phishing_v1,english,Legitimate
SMS_02968,Thats cool. i liked your photos. You are very sexy!,SAFE,sms_phishing_v1,english,Legitimate
SMS_02969,would u fuckin believe it they didnt know i had thurs pre booked off so they re cancelled me AGAIN! that needs to b sacked,SAFE,sms_phishing_v1,english,Legitimate
SMS_02970,"Haha better late than ever, any way I could swing by?",SAFE,sms_phishing_v1,english,Legitimate
SMS_02971,Ok. But i finish at 6.,SAFE,sms_phishing_v1,english,Legitimate
SMS_02972,"LookAtMe!: Thanks for your purchase of a video clip from LookAtMe!, you've been charged 35p. Think you can do better? Why not send a video in a MMSto 32323.",PHISHING,sms_phishing_v1,english,Spam
SMS_02973,I've been barred from all B and Q stores for life!?This twat in orange dungerees came up to me and asked if I wanted decking? So I got the first punch in!!,SAFE,sms_phishing_v1,english,Legitimate
SMS_02974,So no messages. Had food?,SAFE,sms_phishing_v1,english,Legitimate
SMS_02975,Ok going to sleep. Hope i can meet her.,SAFE,sms_phishing_v1,english,Legitimate
SMS_02976,Can you let me know details of fri when u find out cos I'm not in tom or fri. mentionned chinese. Thanks,SAFE,sms_phishing_v1,english,Legitimate
SMS_02977,You're right I have now that I think about it,SAFE,sms_phishing_v1,english,Legitimate
SMS_02978,Wat r u doing now?,SAFE,sms_phishing_v1,english,Legitimate
SMS_02979,Is ur lecture over?,SAFE,sms_phishing_v1,english,Legitimate
SMS_02980,sexy sexy cum and text me im wet and warm and ready for some porn! u up for some fun? THIS MSG IS FREE RECD MSGS 150P INC VAT 2 CANCEL TEXT STOP,PHISHING,sms_phishing_v1,english,Spam
SMS_02981,Customer place i will call you,SAFE,sms_phishing_v1,english,Legitimate
SMS_02982,Not planned yet :)going to join company on jan 5 only.don know what will happen after that.,SAFE,sms_phishing_v1,english,Legitimate
SMS_02983,Boy; I love u Grl: Hogolo Boy: gold chain kodstini Grl: Agalla Boy: necklace madstini Grl: agalla Boy: Hogli 1 mutai eerulli kodthini! Grl: I love U kano;-),SAFE,sms_phishing_v1,english,Legitimate
SMS_02984,"Haha I heard that, text me when you're around",SAFE,sms_phishing_v1,english,Legitimate
SMS_02985,I.ll get there tomorrow and send it to you,SAFE,sms_phishing_v1,english,Legitimate
SMS_02986,"\SHIT BABE.. THASA BIT MESSED UP.YEH  SHE SHUDVETOLD U. DID URGRAN KNOW?NEWAY  ILLSPEAK 2 U2MORO WEN IM NOT ASLEEP...\""""",SAFE,sms_phishing_v1,english,Legitimate
SMS_02987,Oh thats late! Well have a good night and i will give u a call tomorrow. Iam now going to go to sleep night night,SAFE,sms_phishing_v1,english,Legitimate
SMS_02988,"\CHEERS U TEX MECAUSE U WEREBORED! YEAH OKDEN HUNNY R UIN WK SAT?SOUNDåÕS LIKEYOUR HAVIN GR8FUN J! KEEP UPDAT COUNTINLOTS OF LOVEME XXXXX.\""""",SAFE,sms_phishing_v1,english,Legitimate
SMS_02989,"Sorry,  in meeting I'll call you later",SAFE,sms_phishing_v1,english,Legitimate
SMS_02990,Yo! Howz u? girls never rang after india. L,SAFE,sms_phishing_v1,english,Legitimate
SMS_02991,Yeah but which is worse for i,SAFE,sms_phishing_v1,english,Legitimate
SMS_02992,I tagged MY friends that you seemed to count as YOUR friends.,SAFE,sms_phishing_v1,english,Legitimate
SMS_02993,Long time. You remember me today.,SAFE,sms_phishing_v1,english,Legitimate
SMS_02994,Havent shopping now lor i juz arrive only,SAFE,sms_phishing_v1,english,Legitimate
SMS_02995,Thank u. IT BETTER WORK OUT CAUSE I WILL FEEL USED OTHERWISE,SAFE,sms_phishing_v1,english,Legitimate
SMS_02996,Are you up for the challenge? I know i am :),SAFE,sms_phishing_v1,english,Legitimate
SMS_02997,How much did ur hdd casing cost.,SAFE,sms_phishing_v1,english,Legitimate
SMS_02998,Mystery solved! Just opened my email and he's sent me another batch! Isn't he a sweetie,SAFE,sms_phishing_v1,english,Legitimate
SMS_02999,I can't describe how lucky you are that I'm actually awake by noon,SAFE,sms_phishing_v1,english,Legitimate
SMS_03000,This is the 2nd time we have tried to contact u. U have won the å£1450 prize to claim just call 09053750005 b4 310303. T&Cs/stop SMS 08718725756. 140ppm,PHISHING,sms_phishing_v1,english,Phishing
SMS_03001,Cheers for the card ... Is it that time of year already?,SAFE,sms_phishing_v1,english,Legitimate
SMS_03002,Ugh hopefully the asus ppl dont randomly do a reformat.,SAFE,sms_phishing_v1,english,Legitimate
SMS_03003,"Haven't seen my facebook, huh? Lol!",SAFE,sms_phishing_v1,english,Legitimate
SMS_03004,"Mah b, I'll pick it up tomorrow",SAFE,sms_phishing_v1,english,Legitimate
SMS_03005,Still otside le..u come 2morrow maga..,SAFE,sms_phishing_v1,english,Legitimate
SMS_03006,Do u still have plumbers tape and a wrench we could borrow?,SAFE,sms_phishing_v1,english,Legitimate
SMS_03007,"Dear Voucher Holder, To claim this weeks offer, at you PC please go to http://www.e-tlp.co.uk/reward. Ts&Cs apply.",PHISHING,sms_phishing_v1,english,Phishing
SMS_03008,It vl bcum more difficult..,SAFE,sms_phishing_v1,english,Legitimate
SMS_03009,Havent still waitin as usual... ÌÏ come back sch oredi?,SAFE,sms_phishing_v1,english,Legitimate
SMS_03010,In meeting da. I will call you,SAFE,sms_phishing_v1,english,Legitimate
SMS_03011,K k :-):-) then watch some films.,SAFE,sms_phishing_v1,english,Legitimate
SMS_03012,Does cinema plus drink appeal tomo? * Is a fr thriller by director i like on at mac at 8.30.,SAFE,sms_phishing_v1,english,Legitimate
SMS_03013,There the size of elephant tablets & u shove um up ur ass!!,SAFE,sms_phishing_v1,english,Legitimate
SMS_03014,"So many people seems to be special at first sight, But only very few will remain special to you till your last sight.. Maintain them till life ends.. take cr da",SAFE,sms_phishing_v1,english,Legitimate
SMS_03015,"My Parents, My Kidz, My Friends n My Colleagues. All screaming.. SURPRISE !! and I was waiting on the sofa.. ... ..... ' NAKED...!",SAFE,sms_phishing_v1,english,Legitimate
SMS_03016,Dunno i juz askin cos i got a card got 20% off 4 a salon called hair sense so i tot it's da one Ì_ cut ur hair.,SAFE,sms_phishing_v1,english,Legitimate
SMS_03017,Good morning pookie pie! Lol hope I didn't wake u up,SAFE,sms_phishing_v1,english,Legitimate
SMS_03018,MAYBE IF YOU WOKE UP BEFORE FUCKING 3 THIS WOULDN'T BE A PROBLEM.,SAFE,sms_phishing_v1,english,Legitimate
SMS_03019,Happy birthday to you....dear.with lots of love.rakhesh NRI,SAFE,sms_phishing_v1,english,Legitimate
SMS_03020,"This is the 2nd time we have tried 2 contact u. U have won the 750 Pound prize. 2 claim is easy, call 08712101358 NOW! Only 10p per min. BT-national-rate",PHISHING,sms_phishing_v1,english,Phishing
SMS_03021,X2  &lt;#&gt; . Are you going to get that,SAFE,sms_phishing_v1,english,Legitimate
SMS_03022,Hi neva worry bout da truth coz the truth will lead me 2 ur heart. ItåÕs the least a unique person like u deserve. Sleep tight or morning,SAFE,sms_phishing_v1,english,Legitimate
SMS_03023,UR awarded a City Break and could WIN a å£200 Summer Shopping spree every WK. Txt STORE to 88039.SkilGme.TsCs087147403231Winawk!Age16+å£1.50perWKsub,PHISHING,sms_phishing_v1,english,Spam
SMS_03024,Is ur paper today in e morn or aft?,SAFE,sms_phishing_v1,english,Legitimate
SMS_03025,I will lick up every drop :) are you ready to use your mouth as well?,SAFE,sms_phishing_v1,english,Legitimate
SMS_03026,And you! Will expect you whenever you text! Hope all goes well tomo,SAFE,sms_phishing_v1,english,Legitimate
SMS_03027,Great. P diddy is my neighbor and comes for toothpaste every morning,SAFE,sms_phishing_v1,english,Legitimate
SMS_03028,"I av a new number,  . Wil u only use this one,ta.",SAFE,sms_phishing_v1,english,Legitimate
SMS_03029,So its to be poking man everyday that they teach you in canada abi! How are you. Just saying hi.,SAFE,sms_phishing_v1,english,Legitimate
SMS_03030,7 lor... Change 2 suntec... Wat time u coming?,SAFE,sms_phishing_v1,english,Legitimate
SMS_03031,No de.am seeing in online shop so that i asked.,SAFE,sms_phishing_v1,english,Legitimate
SMS_03032,Just curious because my cuz asked what I was up to,SAFE,sms_phishing_v1,english,Legitimate
SMS_03033,Okay lor... Wah... like that def they wont let us go... Haha... What did they say in the terms and conditions?,SAFE,sms_phishing_v1,english,Legitimate
SMS_03034,Haha... Yup hopefully  we will lose a few kg by mon. after hip hop can go orchard and weigh again,SAFE,sms_phishing_v1,english,Legitimate
SMS_03035,She's good. How are you. Where r u working now,SAFE,sms_phishing_v1,english,Legitimate
SMS_03036,"Oh, yes, I've just been a little under the weather so i've kind of been coccooning at home",SAFE,sms_phishing_v1,english,Legitimate
SMS_03037,At home also.,SAFE,sms_phishing_v1,english,Legitimate
SMS_03038,This phone has the weirdest auto correct.,SAFE,sms_phishing_v1,english,Legitimate
SMS_03039,Oops my phone died and I didn't even know. Yeah I like it better.,SAFE,sms_phishing_v1,english,Legitimate
SMS_03040,Havent mus ask if u can 1st wat. Of meet 4 lunch den u n him meet can already lor. Or u wan 2 go ask da ge 1st then confirm w me asap?,SAFE,sms_phishing_v1,english,Legitimate
SMS_03041,"She said,'' do u mind if I go into the bedroom for a minute ? '' ''OK'', I sed in a sexy mood. She came out 5 minuts latr wid a cake...n My Wife,",SAFE,sms_phishing_v1,english,Legitimate
SMS_03042,"OH YEAH,AND HAV A GREAT TIME IN NEWQUAY-SEND ME A POSTCARD !1 LOOK AFTER ALL THE GIRLS WHILE IM GONE(U KNOW THE 1IM TALKIN BOUT!)xx",SAFE,sms_phishing_v1,english,Legitimate
SMS_03043,We got a divorce. Lol. She.s here,SAFE,sms_phishing_v1,english,Legitimate
SMS_03044,What's ur pin?,SAFE,sms_phishing_v1,english,Legitimate
SMS_03045,"Babe, have you got enough money to pick up bread and milk ? And I'll give you it back when you get home ?",SAFE,sms_phishing_v1,english,Legitimate
SMS_03046,I want snow. It's just freezing and windy.,SAFE,sms_phishing_v1,english,Legitimate
SMS_03047,URGENT! We are trying to contact U. Todays draw shows that you have won a å£2000 prize GUARANTEED. Call 09066358361 from land line. Claim Y87. Valid 12hrs only,PHISHING,sms_phishing_v1,english,Phishing
SMS_03048,Come to mahal bus stop.. &lt;DECIMAL&gt;,SAFE,sms_phishing_v1,english,Legitimate
SMS_03049,Don know:)this week i'm going to tirunelvai da.,SAFE,sms_phishing_v1,english,Legitimate
SMS_03050,Me too baby! I promise to treat you well! I bet you will take good care of me...,SAFE,sms_phishing_v1,english,Legitimate
SMS_03051,Its like that hotel dusk game i think. You solve puzzles in a area thing,SAFE,sms_phishing_v1,english,Legitimate
SMS_03052,"Thanks for your ringtone order, reference number X29. Your mobile will be charged 4.50. Should your tone not arrive please call customer services 09065989180",PHISHING,sms_phishing_v1,english,Spam
SMS_03053,"Hi, my love! How goes that day? Fuck, this morning I woke and dropped my cell on the way down the stairs but it seems alright ... *phews* I miss you !",SAFE,sms_phishing_v1,english,Legitimate
SMS_03054,Well that must be a pain to catch,SAFE,sms_phishing_v1,english,Legitimate
SMS_03055,Sorry da thangam.it's my mistake.,SAFE,sms_phishing_v1,english,Legitimate
SMS_03056,I need... Coz i never go before,SAFE,sms_phishing_v1,english,Legitimate
SMS_03057,"Rose for red,red for blood,blood for heart,heart for u. But u for me.... Send tis to all ur friends.. Including me.. If u like me.. If u get back, 1-u r poor in relation! 2-u need some 1 to support 3-u r frnd 2 many 4-some1 luvs u 5+- some1 is praying god to marry u.:-) try it....",SAFE,sms_phishing_v1,english,Legitimate
SMS_03058,Ur cash-balance is currently 500 pounds - to maximize ur cash-in now send COLLECT to 83600 only 150p/msg. CC: 08718720201 PO BOX 114/14 TCR/W1,PHISHING,sms_phishing_v1,english,Spam
SMS_03059,"I feel like a dick because I keep sleeping through your texts and facebook messages. Sup, you in town?",SAFE,sms_phishing_v1,english,Legitimate
SMS_03060,No plm i will come da. On the way.,SAFE,sms_phishing_v1,english,Legitimate
SMS_03061,Guess he wants alone time. We could just show up and watch when they do..,SAFE,sms_phishing_v1,english,Legitimate
SMS_03062,Height of recycling: Read twice- People spend time for earning money and the same money is spent for spending time!;-) Good morning.. keep smiling:-),SAFE,sms_phishing_v1,english,Legitimate
SMS_03063,Yup Ì_ not comin :-(,SAFE,sms_phishing_v1,english,Legitimate
SMS_03064,"Yes, princess. Toledo.",SAFE,sms_phishing_v1,english,Legitimate
SMS_03065,"Aight text me when you're back at mu and I'll swing by, need somebody to get the door for me",SAFE,sms_phishing_v1,english,Legitimate
SMS_03066,Ron say fri leh. N he said ding tai feng cant make reservations. But he said wait lor.,SAFE,sms_phishing_v1,english,Legitimate
SMS_03067,Good. No swimsuit allowed :),SAFE,sms_phishing_v1,english,Legitimate
SMS_03068,Am okay. Will soon be over. All the best,SAFE,sms_phishing_v1,english,Legitimate
SMS_03069,"A cute thought for friendship: \Its not necessary to share every secret with ur close Frnd  but watever u shared should be true\""....""",SAFE,sms_phishing_v1,english,Legitimate
SMS_03070,Ok i've sent u da latest version of da project.,SAFE,sms_phishing_v1,english,Legitimate
SMS_03071,Pls accept me for one day. Or am begging you change the number.,SAFE,sms_phishing_v1,english,Legitimate
SMS_03072,Squeeeeeze!! This is christmas hug.. If u lik my frndshp den hug me back.. If u get 3 u r cute:) 6 u r luvd:* 9 u r so lucky;) None? People hate u:,SAFE,sms_phishing_v1,english,Legitimate
SMS_03073,"Its ok, if anybody asks abt me, u tel them..:-P",SAFE,sms_phishing_v1,english,Legitimate
SMS_03074,"Funny fact Nobody teaches volcanoes 2 erupt, tsunamis 2 arise, hurricanes 2 sway aroundn no 1 teaches hw 2 choose a wife Natural disasters just happens",SAFE,sms_phishing_v1,english,Legitimate
SMS_03075,* You gonna ring this weekend or wot?,SAFE,sms_phishing_v1,english,Legitimate
SMS_03076,Also track down any lighters you can find,SAFE,sms_phishing_v1,english,Legitimate
SMS_03077,"Babe, I need your advice",SAFE,sms_phishing_v1,english,Legitimate
SMS_03078,"IÛ÷ll leave around four, ok?",SAFE,sms_phishing_v1,english,Legitimate
SMS_03079,Come to medical college at 7pm ......forward it da,SAFE,sms_phishing_v1,english,Legitimate
SMS_03080,K:)k..its good:)when are you going?,SAFE,sms_phishing_v1,english,Legitimate
SMS_03081,I can make lasagna for you... vodka...,SAFE,sms_phishing_v1,english,Legitimate
SMS_03082,HI ITS KATE CAN U GIVE ME A RING ASAP XXX,SAFE,sms_phishing_v1,english,Legitimate
SMS_03083,Who were those people ? Were you in a tour ? I thought you were doing that sofa thing you sent me ? Your curious sugar,SAFE,sms_phishing_v1,english,Legitimate
SMS_03084,"No, but you told me you were going, before you got drunk!",SAFE,sms_phishing_v1,english,Legitimate
SMS_03085,He fucking chickened out. He messaged me he would be late and woould buzz me and then I didn't hear a word from him,SAFE,sms_phishing_v1,english,Legitimate
SMS_03086,"Congratulations! Thanks to a good friend U have WON the å£2,000 Xmas prize. 2 claim is easy, just call 08718726978 NOW! Only 10p per minute. BT-national-rate",PHISHING,sms_phishing_v1,english,Phishing
SMS_03087,I'm always looking for an excuse to be in the city.,SAFE,sms_phishing_v1,english,Legitimate
SMS_03088,Yup i'm still having coffee wif my frens... My fren drove she'll give me a lift...,SAFE,sms_phishing_v1,english,Legitimate
SMS_03089,O shore are you takin the bus,SAFE,sms_phishing_v1,english,Legitimate
SMS_03090,So u gonna get deus ex?,SAFE,sms_phishing_v1,english,Legitimate
SMS_03091,I will send them to your email. Do you mind  &lt;#&gt;  times per night?,SAFE,sms_phishing_v1,english,Legitimate
SMS_03092,"44 7732584351, Do you want a New Nokia 3510i colour phone DeliveredTomorrow? With 300 free minutes to any mobile + 100 free texts + Free Camcorder reply or call 08000930705.",PHISHING,sms_phishing_v1,english,Spam
SMS_03093,tap & spile at seven. * Is that pub on gas st off broad st by canal. Ok?,SAFE,sms_phishing_v1,english,Legitimate
SMS_03094,Ok then i come n pick u at engin?,SAFE,sms_phishing_v1,english,Legitimate
SMS_03095,Which is why i never wanted to tell you any of this. Which is why i'm so short with you and on-edge as of late.,SAFE,sms_phishing_v1,english,Legitimate
SMS_03096,Raviyog Peripherals bhayandar east,SAFE,sms_phishing_v1,english,Legitimate
SMS_03097,K actually can you guys meet me at the sunoco on howard? It should be right on the way,SAFE,sms_phishing_v1,english,Legitimate
SMS_03098,"MOON has come to color your dreams, STARS to make them musical and my SMS to give you warm and Peaceful Sleep. Good Night",SAFE,sms_phishing_v1,english,Legitimate
SMS_03099,Just finished eating. Got u a plate. NOT leftovers this time.,SAFE,sms_phishing_v1,english,Legitimate
SMS_03100,Thanx a lot...,SAFE,sms_phishing_v1,english,Legitimate
SMS_03101,Hurry home u big butt. Hang up on your last caller if u have to. Food is done and I'm starving. Don't ask what I cooked.,SAFE,sms_phishing_v1,english,Legitimate
SMS_03102,Lol your right. What diet? Everyday I cheat anyway. I'm meant to be a fatty :(,SAFE,sms_phishing_v1,english,Legitimate
SMS_03103,Its a great day. Do have yourself a beautiful one.,SAFE,sms_phishing_v1,english,Legitimate
SMS_03104,What happened in interview?,SAFE,sms_phishing_v1,english,Legitimate
SMS_03105,Badrith is only for chennai:)i will surely pick for us:)no competition for him.,SAFE,sms_phishing_v1,english,Legitimate
SMS_03106,I tot it's my group mate... Lucky i havent reply... Wat time do Ì_ need to leave...,SAFE,sms_phishing_v1,english,Legitimate
SMS_03107,Hey you around? I've got enough for a half + the ten I owe you,SAFE,sms_phishing_v1,english,Legitimate
SMS_03108,Hey tmr maybe can meet you at yck,SAFE,sms_phishing_v1,english,Legitimate
SMS_03109,ALRITE SAM ITS NIC JUST CHECKIN THAT THIS IS UR NUMBER-SO IS IT?T.B*,SAFE,sms_phishing_v1,english,Legitimate
SMS_03110,They are just making it easy to pay back. I have  &lt;#&gt; yrs to say but i can pay back earlier. You get?,SAFE,sms_phishing_v1,english,Legitimate
SMS_03111,Not to worry. I'm sure you'll get it.,SAFE,sms_phishing_v1,english,Legitimate
SMS_03112,"The gas station is like a block away from my house, you'll drive right by it since armenia ends at swann and you have to take howard",SAFE,sms_phishing_v1,english,Legitimate
SMS_03113,"Someone U know has asked our dating service 2 contact you! Cant Guess who? CALL 09058097189 NOW all will be revealed. POBox 6, LS15HB 150p",PHISHING,sms_phishing_v1,english,Spam
SMS_03114,Camera - You are awarded a SiPix Digital Camera! call 09061221066 fromm landline. Delivery within 28 days,PHISHING,sms_phishing_v1,english,Phishing
SMS_03115,My tuition is at 330. Hm we go for the 1120 to 1205 one? Do you mind?,SAFE,sms_phishing_v1,english,Legitimate
SMS_03116,"I'm not smoking while people use \wylie smokes too much\"" to justify ruining my shit""",SAFE,sms_phishing_v1,english,Legitimate
SMS_03117,Dear good morning how you feeling dear,SAFE,sms_phishing_v1,english,Legitimate
SMS_03118,A little. Meds say take once every 8 hours. It's only been 5 but pain is back. So I took another. Hope I don't die,SAFE,sms_phishing_v1,english,Legitimate
SMS_03119,"Beautiful tomorrow never comes.. When it comes, it's already TODAY.. In the hunt of beautiful tomorrow don't waste your wonderful TODAY.. GOODMORNING:)",SAFE,sms_phishing_v1,english,Legitimate
SMS_03120,Dunno lei Ì_ all decide lor. How abt leona? Oops i tot ben is going n i msg him.,SAFE,sms_phishing_v1,english,Legitimate
SMS_03121,Hi there. We have now moved in2 our pub . Would be great 2 c u if u cud come up.,SAFE,sms_phishing_v1,english,Legitimate
SMS_03122,Todays Voda numbers ending 5226 are selected to receive a ?350 award. If you hava a match please call 08712300220 quoting claim code 1131 standard rates app,PHISHING,sms_phishing_v1,english,Phishing
SMS_03123,This message is free. Welcome to the new & improved Sex & Dogging club! To unsubscribe from this service reply STOP. msgs@150p 18 only,PHISHING,sms_phishing_v1,english,Spam
SMS_03124,Just do what ever is easier for you,SAFE,sms_phishing_v1,english,Legitimate
SMS_03125,RCT' THNQ Adrian for U text. Rgds Vatian,PHISHING,sms_phishing_v1,english,Spam
SMS_03126,Stop calling everyone saying I might have cancer. My throat hurts to talk. I can't be answering everyones calls. If I get one more call I'm not babysitting on Monday,SAFE,sms_phishing_v1,english,Legitimate
SMS_03127,"It'll be tough, but I'll do what I have to",SAFE,sms_phishing_v1,english,Legitimate
SMS_03128,IM GONNAMISSU SO MUCH!!I WOULD SAY IL SEND U A POSTCARD BUTTHERES ABOUTAS MUCH CHANCE OF MEREMEMBERIN ASTHERE IS OFSI NOT BREAKIN HIS CONTRACT!! LUV Yaxx,SAFE,sms_phishing_v1,english,Legitimate
SMS_03129,Ee msg na poortiyagi odalebeku: Hanumanji 7 name 1-Hanuman 2-Bajarangabali 3-Maruti 4-Pavanaputra 5-Sankatmochan 6-Ramaduth 7-Mahaveer ee 7 name  &lt;#&gt;  janarige ivatte kalisidare next saturday olage ondu good news keluviri...! Maretare inde 1 dodda problum nalli siguviri idu matra  &lt;#&gt; % true.. Don't neglet.,SAFE,sms_phishing_v1,english,Legitimate
SMS_03130,HI DARLIN I FINISH AT 3 DO U 1 2 PICK ME UP OR MEET ME? TEXT BACK ON THIS NUMBER LUV KATE XXX,SAFE,sms_phishing_v1,english,Legitimate
SMS_03131,"Set a place for me in your heart and not in your mind, as the mind easily forgets but the heart will always remember. Wish you Happy Valentines Day!",SAFE,sms_phishing_v1,english,Legitimate
SMS_03132,But i'm surprised she still can guess right lor...,SAFE,sms_phishing_v1,english,Legitimate
SMS_03133,Okie Ì_ wan meet at bishan? Cos me at bishan now. I'm not driving today.,SAFE,sms_phishing_v1,english,Legitimate
SMS_03134,HI DARLIN HOW WAS WORK DID U GET INTO TROUBLE? IJUST TALKED TO YOUR MUM ALL MORNING! I HAD A REALLY GOOD TIME LAST NIGHT IM GOIN OUT SOON BUT CALL ME IF U CAN,SAFE,sms_phishing_v1,english,Legitimate
SMS_03135,I know you are serving. I mean what are you doing now.,SAFE,sms_phishing_v1,english,Legitimate
SMS_03136,"Huh... Hyde park not in mel ah, opps, got confused... Anyway, if tt's e best choice den we juz have to take it...",SAFE,sms_phishing_v1,english,Legitimate
SMS_03137,Oh gei. That happend to me in tron. Maybe ill dl it in 3d when its out,SAFE,sms_phishing_v1,english,Legitimate
SMS_03138,I know girls always safe and selfish know i got it pa. Thank you. good night.,SAFE,sms_phishing_v1,english,Legitimate
SMS_03139,"No worries, hope photo shoot went well. have a spiffing fun at workage.",SAFE,sms_phishing_v1,english,Legitimate
SMS_03140,I'm freezing and craving ice. Fml,SAFE,sms_phishing_v1,english,Legitimate
SMS_03141,Kay... Since we are out already,SAFE,sms_phishing_v1,english,Legitimate
SMS_03142,Eh sorry leh... I din c ur msg. Not sad already lar. Me watching tv now. U still in office?,SAFE,sms_phishing_v1,english,Legitimate
SMS_03143,Yo im right by yo work,SAFE,sms_phishing_v1,english,Legitimate
SMS_03144,Ok darlin i supose it was ok i just worry too much.i have to do some film stuff my mate and then have to babysit again! But you can call me there.xx,SAFE,sms_phishing_v1,english,Legitimate
SMS_03145,I don wake since. I checked that stuff and saw that its true no available spaces. Pls call the embassy or send a mail to them.,SAFE,sms_phishing_v1,english,Legitimate
SMS_03146,Nope... Juz off from work...,SAFE,sms_phishing_v1,english,Legitimate
SMS_03147,Huh so fast... Dat means u havent finished painting?,SAFE,sms_phishing_v1,english,Legitimate
SMS_03148,what number do u live at? Is it 11?,SAFE,sms_phishing_v1,english,Legitimate
SMS_03149,"No we put party 7 days a week and study lightly, I think we need to draw in some custom checkboxes so they know we're hardcore",SAFE,sms_phishing_v1,english,Legitimate
SMS_03150,Sac will score big hundred.he is set batsman:-),SAFE,sms_phishing_v1,english,Legitimate
SMS_03151,Send me yetty's number pls.,SAFE,sms_phishing_v1,english,Legitimate
SMS_03152,How much it will cost approx . Per month.,SAFE,sms_phishing_v1,english,Legitimate
SMS_03153,Ok... The theory test? when are Ì_ going to book? I think it's on 21 may. Coz thought wanna go out with jiayin. But she isnt free,SAFE,sms_phishing_v1,english,Legitimate
SMS_03154,"You are being contacted by our dating service by someone you know! To find out who it is, call from a land line 09050000928. PoBox45W2TG150P",PHISHING,sms_phishing_v1,english,Spam
SMS_03155,"That's fine, have him give me a call if he knows what he wants or has any questions",SAFE,sms_phishing_v1,english,Legitimate
SMS_03156,"Sorry, got a late start, we're on the way",SAFE,sms_phishing_v1,english,Legitimate
SMS_03157,Then u go back urself lor...,SAFE,sms_phishing_v1,english,Legitimate
SMS_03158,I AM AT THE GAS STATION. GO THERE.,SAFE,sms_phishing_v1,english,Legitimate
SMS_03159,"K, if u bored up just come to my home..",SAFE,sms_phishing_v1,english,Legitimate
SMS_03160,Babe !!!! I LOVE YOU !!!! *covers your face in kisses*,SAFE,sms_phishing_v1,english,Legitimate
SMS_03161,"Like I made him throw up when we were smoking in our friend's car one time, it was awesome",SAFE,sms_phishing_v1,english,Legitimate
SMS_03162,Still i have not checked it da. . .,SAFE,sms_phishing_v1,english,Legitimate
SMS_03163,You will go to walmart. I.ll stay.,SAFE,sms_phishing_v1,english,Legitimate
SMS_03164,"I haven't forgotten you, i might have a couple bucks to send you tomorrow, k? I love ya too",SAFE,sms_phishing_v1,english,Legitimate
SMS_03165,Oh great. I.ll disturb him more so that we can talk.,SAFE,sms_phishing_v1,english,Legitimate
SMS_03166,Reverse is cheating. That is not mathematics.,SAFE,sms_phishing_v1,english,Legitimate
SMS_03167,U're welcome... Caught u using broken english again...,SAFE,sms_phishing_v1,english,Legitimate
SMS_03168,No problem baby. Is this is a good time to talk? I called and left a message.,SAFE,sms_phishing_v1,english,Legitimate
SMS_03169,Oh is it! Which brand?,SAFE,sms_phishing_v1,english,Legitimate
SMS_03170,Sorry i cant take your call right now. It so happens that there r 2waxsto do wat you want. She can come and ill get her medical insurance. And she'll be able to deliver and have basic care. I'm currently shopping for the right medical insurance for her. So just give me til friday morning. Thats when i.ll see the major person that can guide me to the right insurance.,SAFE,sms_phishing_v1,english,Legitimate
SMS_03171,At what time are you coming.,SAFE,sms_phishing_v1,english,Legitimate
SMS_03172,Call him and say you not coming today ok and tell them not to fool me like this ok,SAFE,sms_phishing_v1,english,Legitimate
SMS_03173,I emailed yifeng my part oredi.. Can Ì_ get it fr him..,SAFE,sms_phishing_v1,english,Legitimate
SMS_03174,R u sure they'll understand that! Wine * good idea just had a slurp!,SAFE,sms_phishing_v1,english,Legitimate
SMS_03175,Minimum walk is 3miles a day.,SAFE,sms_phishing_v1,english,Legitimate
SMS_03176,Ok not a problem will get them a taxi. C ing  tomorrow and tuesday. On tuesday think we r all going to the cinema.,SAFE,sms_phishing_v1,english,Legitimate
SMS_03177,"Brainless Baby Doll..:-D;-), vehicle sariyag drive madoke barolla..",SAFE,sms_phishing_v1,english,Legitimate
SMS_03178,Sorry I missed your call let's talk when you have the time. I'm on 07090201529,PHISHING,sms_phishing_v1,english,Spam
SMS_03179,Please attend the phone:),SAFE,sms_phishing_v1,english,Legitimate
SMS_03180,You only hate me. You can call any but you didnt accept even a single call of mine. Or even you messaged,SAFE,sms_phishing_v1,english,Legitimate
SMS_03181,No messages on her phone. I'm holding it now,SAFE,sms_phishing_v1,english,Legitimate
SMS_03182,Can... I'm free...,SAFE,sms_phishing_v1,english,Legitimate
SMS_03183,"Yo my trip got postponed, you still stocked up?",SAFE,sms_phishing_v1,english,Legitimate
SMS_03184,I am waiting for your call sir.,SAFE,sms_phishing_v1,english,Legitimate
SMS_03185,Hey what are you doing. Y no reply pa..,SAFE,sms_phishing_v1,english,Legitimate
SMS_03186,"Hey elaine, is today's meeting still on?",SAFE,sms_phishing_v1,english,Legitimate
SMS_03187,Sorry i've not gone to that place. I.ll do so tomorrow. Really sorry.,SAFE,sms_phishing_v1,english,Legitimate
SMS_03188,Most of the tiime when i don't let you hug me it's so i don't break into tears.,SAFE,sms_phishing_v1,english,Legitimate
SMS_03189,Tomorrow i am not going to theatre. . . So i can come wherever u call me. . . Tell me where and when to come tomorrow,SAFE,sms_phishing_v1,english,Legitimate
SMS_03190,And now electricity just went out fml.,SAFE,sms_phishing_v1,english,Legitimate
SMS_03191,"Looks like you found something to do other than smoke, great job!",SAFE,sms_phishing_v1,english,Legitimate
SMS_03192,Also andros ice etc etc,SAFE,sms_phishing_v1,english,Legitimate
SMS_03193,:),SAFE,sms_phishing_v1,english,Legitimate
SMS_03194,"Good afternon, my love. How are today? I hope your good and maybe have some interviews. I wake and miss you babe. A passionate kiss from across the sea",SAFE,sms_phishing_v1,english,Legitimate
SMS_03195,Yup. Wun believe wat? U really neva c e msg i sent shuhui?,SAFE,sms_phishing_v1,english,Legitimate
SMS_03196,Hows that watch resizing,SAFE,sms_phishing_v1,english,Legitimate
SMS_03197,Dear umma she called me now :-),SAFE,sms_phishing_v1,english,Legitimate
SMS_03198,Just finished. Missing you plenty,SAFE,sms_phishing_v1,english,Legitimate
SMS_03199,"complimentary 4 STAR Ibiza Holiday or å£10,000 cash needs your URGENT collection. 09066364349 NOW from Landline not to lose out! Box434SK38WP150PPM18+",PHISHING,sms_phishing_v1,english,Phishing
SMS_03200,"Well, I meant as opposed to my drunken night of before",SAFE,sms_phishing_v1,english,Legitimate
SMS_03201,K... Must book a not huh? so going for yoga basic on sunday?,SAFE,sms_phishing_v1,english,Legitimate
SMS_03202,FREE MSG:We billed your mobile number by mistake from shortcode 83332.Please call 08081263000 to have charges refunded.This call will be free from a BT landline,PHISHING,sms_phishing_v1,english,Spam
SMS_03203,Ok can...,SAFE,sms_phishing_v1,english,Legitimate
SMS_03204,"Oops - am at my mum's in somerset... Bit far! Back tomo, see you soon x",SAFE,sms_phishing_v1,english,Legitimate
SMS_03205,So u workin overtime nigpun?,SAFE,sms_phishing_v1,english,Legitimate
SMS_03206,Same as kallis dismissial in 2nd test:-).,SAFE,sms_phishing_v1,english,Legitimate
SMS_03207,O. Guess they both got screwd,SAFE,sms_phishing_v1,english,Legitimate
SMS_03208,Please CALL 08712402972 immediately as there is an urgent message waiting for you,PHISHING,sms_phishing_v1,english,Phishing
SMS_03209,What r u cooking me for dinner?,SAFE,sms_phishing_v1,english,Legitimate
SMS_03210,Bull. Your plan was to go floating off to IKEA with me without a care in the world. So i have to live with your mess another day.,SAFE,sms_phishing_v1,english,Legitimate
SMS_03211,Then i buy.,SAFE,sms_phishing_v1,english,Legitimate
SMS_03212,URGENT! Your Mobile number has been awarded with a å£2000 Bonus Caller Prize. Call 09058095201 from land line. Valid 12hrs only,PHISHING,sms_phishing_v1,english,Phishing
SMS_03213,Heehee that was so funny tho,SAFE,sms_phishing_v1,english,Legitimate
SMS_03214,It only does simple arithmetic not percentages.,SAFE,sms_phishing_v1,english,Legitimate
SMS_03215,"Yeah we wouldn't leave for an hour at least, how's 4 sound?",SAFE,sms_phishing_v1,english,Legitimate
SMS_03216,Thanks honey. Have a great day.,SAFE,sms_phishing_v1,english,Legitimate
SMS_03217,"'An Amazing Quote'' - \Sometimes in life its difficult to decide whats wrong!! a lie that brings a smile or the truth that brings a tear....\""""",SAFE,sms_phishing_v1,english,Legitimate
SMS_03218,Then Ì_ ask dad to pick Ì_ up lar... ÌÏ wan 2 stay until 6 meh...,SAFE,sms_phishing_v1,english,Legitimate
SMS_03219,"Jus chillaxin, what up",SAFE,sms_phishing_v1,english,Legitimate
SMS_03220,"\HEY DAS COOL... IKNOW ALL 2 WELLDA PERIL OF STUDENTFINANCIAL CRISIS!SPK 2 U L8R.\""""",SAFE,sms_phishing_v1,english,Legitimate
SMS_03221,Do you want a New Nokia 3510i colour phone DeliveredTomorrow? With 300 free minutes to any mobile + 100 free texts + Free Camcorder reply or call 08000930705,PHISHING,sms_phishing_v1,english,Spam
SMS_03222,"Whats that coming over the hill..... Is it a monster! Hope you have a great day. Things r going fine here, busy though!",SAFE,sms_phishing_v1,english,Legitimate
SMS_03223,Joy's father is John. Then John is the ____ of Joy's father. If u ans ths you hav  &lt;#&gt;  IQ. Tis s IAS question try to answer.,SAFE,sms_phishing_v1,english,Legitimate
SMS_03224,Only once then after ill obey all yours.,SAFE,sms_phishing_v1,english,Legitimate
SMS_03225,No she didnt. I will search online and let you know.,SAFE,sms_phishing_v1,english,Legitimate
SMS_03226,Where do you need to go to get it?,SAFE,sms_phishing_v1,english,Legitimate
SMS_03227,No pic. Please re-send.,SAFE,sms_phishing_v1,english,Legitimate
SMS_03228,Uhhhhrmm isnt having tb test bad when youre sick,SAFE,sms_phishing_v1,english,Legitimate
SMS_03229,But i haf enuff space got like 4 mb...,SAFE,sms_phishing_v1,english,Legitimate
SMS_03230,LIFE has never been this much fun and great until you came in. You made it truly special for me. I won't forget you! enjoy @ one gbp/sms,PHISHING,sms_phishing_v1,english,Spam
SMS_03231,Do you want a new Video phone? 600 anytime any network mins 400 Inclusive Video calls AND downloads 5 per week Free delTOMORROW call 08002888812 or reply NOW,PHISHING,sms_phishing_v1,english,Spam
SMS_03232,"As a valued customer, I am pleased to advise you that following recent review of your Mob No. you are awarded with a å£1500 Bonus Prize, call 09066368470",PHISHING,sms_phishing_v1,english,Phishing
SMS_03233,Welcome! Please reply with your AGE and GENDER to begin. e.g 24M,PHISHING,sms_phishing_v1,english,Spam
SMS_03234,Freemsg: 1-month unlimited free calls! Activate SmartCall Txt: CALL to No: 68866. Subscriptn3gbp/wk unlimited calls Help: 08448714184 Stop?txt stop landlineonly,PHISHING,sms_phishing_v1,english,Spam
SMS_03235,Had your mobile 10 mths? Update to latest Orange camera/video phones for FREE. Save å£s with Free texts/weekend calls. Text YES for a callback orno to opt out,PHISHING,sms_phishing_v1,english,Phishing
SMS_03236,Am new 2 club & dont fink we met yet Will B gr8 2 C U Please leave msg 2day wiv ur area 09099726553 reply promised CARLIE x Callså£1/minMobsmore LKPOBOX177HP51FL,PHISHING,sms_phishing_v1,english,Spam
SMS_03237,True. Its easier with her here.,SAFE,sms_phishing_v1,english,Legitimate
SMS_03238,Sure but since my parents will be working on Tuesday I don't really need a cover story,SAFE,sms_phishing_v1,english,Legitimate
SMS_03239,Haha okay... Today weekend leh...,SAFE,sms_phishing_v1,english,Legitimate
SMS_03240,"\Hi darlin did youPhone me? Im atHome if youwanna chat.\""""",SAFE,sms_phishing_v1,english,Legitimate
SMS_03241,I don't know jack shit about anything or i'd say/ask something helpful but if you want you can pretend that I did and just text me whatever in response to the hypotheticalhuagauahahuagahyuhagga,SAFE,sms_phishing_v1,english,Legitimate
SMS_03242,You've always been the brainy one.,SAFE,sms_phishing_v1,english,Legitimate
SMS_03243,Yeah if we do have to get a random dude we need to change our info sheets to PARTY  &lt;#&gt; /7 NEVER STUDY just to be safe,SAFE,sms_phishing_v1,english,Legitimate
SMS_03244,Camera - You are awarded a SiPix Digital Camera! call 09061221066 fromm landline. Delivery within 28 days.,PHISHING,sms_phishing_v1,english,Phishing
SMS_03245,"Christmas is An occasion that is Celebrated as a Reflection of UR... Values..., Desires..., Affections...&amp; Traditions.... Have an ideal Christmas...",SAFE,sms_phishing_v1,english,Legitimate
SMS_03246,Sending you greetings of joy and happiness. Do have a gr8 evening,SAFE,sms_phishing_v1,english,Legitimate
SMS_03247,"\Hi darlin i cantdo anythingtomorrow as myparents aretaking me outfor a meal. when are u free? Katexxx\""""",SAFE,sms_phishing_v1,english,Legitimate
SMS_03248,If india win or level series means this is record:),SAFE,sms_phishing_v1,english,Legitimate
SMS_03249,Then what about further plan?,SAFE,sms_phishing_v1,english,Legitimate
SMS_03250,Its good to hear from you,SAFE,sms_phishing_v1,english,Legitimate
SMS_03251,"awesome, how do I deal with the gate? Charles told me last night but, uh, yeah",SAFE,sms_phishing_v1,english,Legitimate
SMS_03252,What time you thinkin of goin?,SAFE,sms_phishing_v1,english,Legitimate
SMS_03253,Get a FREE mobile video player FREE movie. To collect text GO to 89105. Its free! Extra films can be ordered t's and c's apply. 18 yrs only,PHISHING,sms_phishing_v1,english,Spam
SMS_03254,Save money on wedding lingerie at www.bridal.petticoatdreams.co.uk Choose from a superb selection with national delivery. Brought to you by WeddingFriend,PHISHING,sms_phishing_v1,english,Phishing
SMS_03255,Your board is working fine. The issue of overheating is also reslove. But still software inst is pending. I will come around 8'o clock.,SAFE,sms_phishing_v1,english,Legitimate
SMS_03256,Yes but I don't care cause I know its there!,SAFE,sms_phishing_v1,english,Legitimate
SMS_03257,"Mon okie lor... Haha, best is cheap n gd food la, ex oso okie... Depends on whether wana eat western or chinese food... Den which u prefer...",SAFE,sms_phishing_v1,english,Legitimate
SMS_03258,Sitting ard nothing to do lor. U leh busy w work?,SAFE,sms_phishing_v1,english,Legitimate
SMS_03259,Its  &lt;#&gt; k here oh. Should i send home for sale.,SAFE,sms_phishing_v1,english,Legitimate
SMS_03260,Sorry. || mail? ||,SAFE,sms_phishing_v1,english,Legitimate
SMS_03261,Ya just telling abt tht incident..,SAFE,sms_phishing_v1,english,Legitimate
SMS_03262,Yes we were outside for like 2 hours. And I called my whole family to wake them up cause it started at 1 am,SAFE,sms_phishing_v1,english,Legitimate
SMS_03263,Ugh just got outta class,SAFE,sms_phishing_v1,english,Legitimate
SMS_03264,"Nowadays people are notixiquating the laxinorficated opportunity for bambling of entropication.... Have you ever oblisingately opted ur books for the masteriastering amplikater of fidalfication? It is very champlaxigating, i think it is atrocious.. Wotz Ur Opinion???? Junna",SAFE,sms_phishing_v1,english,Legitimate
SMS_03265,No need lar. Jus testing e phone card. Dunno network not gd i thk. Me waiting 4 my sis 2 finish bathing so i can bathe. Dun disturb u liao u cleaning ur room.,SAFE,sms_phishing_v1,english,Legitimate
SMS_03266,Ok. I.ll do you right later.,SAFE,sms_phishing_v1,english,Legitimate
SMS_03267,Have your lunch and come quickly and open the door:),SAFE,sms_phishing_v1,english,Legitimate
SMS_03268,Not heard from U4 a while. Call me now am here all night with just my knickers on. Make me beg for it like U did last time 01223585236 XX Luv Nikiyu4.net,PHISHING,sms_phishing_v1,english,Spam
SMS_03269,I am back. Bit long cos of accident on a30. Had to divert via wadebridge.I had a brilliant weekend thanks. Speak soon. Lots of love,SAFE,sms_phishing_v1,english,Legitimate
SMS_03270,"K.. I yan jiu liao... Sat we can go 4 bugis vill one frm 10 to 3 den hop to parco 4 nb. Sun can go cine frm 1030 to 2, den hop to orc mrt 4 hip hop at 4...",SAFE,sms_phishing_v1,english,Legitimate
SMS_03271,Bloomberg -Message center +447797706009 Why wait? Apply for your future http://careers. bloomberg.com,PHISHING,sms_phishing_v1,english,Spam
SMS_03272,i am seeking a lady in the street and a freak in the sheets. Is that you?,SAFE,sms_phishing_v1,english,Legitimate
SMS_03273,My phone,SAFE,sms_phishing_v1,english,Legitimate
SMS_03274,"Haha figures, well I found the piece and priscilla's bowl",SAFE,sms_phishing_v1,english,Legitimate
SMS_03275,"Actually fuck that, just do whatever, do find an excuse to be in tampa at some point before january though",SAFE,sms_phishing_v1,english,Legitimate
SMS_03276,yay! finally lol. i missed our cinema trip last week :-(,SAFE,sms_phishing_v1,english,Legitimate
SMS_03277,All day working day:)except saturday and sunday..,SAFE,sms_phishing_v1,english,Legitimate
SMS_03278,Heart is empty without love.. Mind is empty without wisdom.. Eyes r empty without dreams &amp; Life is empty without frnds.. So Alwys Be In Touch. Good night &amp; sweet dreams,SAFE,sms_phishing_v1,english,Legitimate
SMS_03279,"I think IÛ÷m waiting for the same bus! Inform me when you get there, if you ever get there.",SAFE,sms_phishing_v1,english,Legitimate
SMS_03280,You getting back any time soon?,SAFE,sms_phishing_v1,english,Legitimate
SMS_03281,", how's things? Just a quick question.",SAFE,sms_phishing_v1,english,Legitimate
SMS_03282,"I can probably come by, everybody's done around  &lt;#&gt;  right?",SAFE,sms_phishing_v1,english,Legitimate
SMS_03283,I got it before the new year cos yetunde said she wanted to surprise you with it but when i didnt see money i returned it mid january before the  &lt;#&gt; day return period ended.,SAFE,sms_phishing_v1,english,Legitimate
SMS_03284,I can ask around but there's not a lot in terms of mids up here,SAFE,sms_phishing_v1,english,Legitimate
SMS_03285,Be sure to check your yahoo email. We sent photos yesterday,SAFE,sms_phishing_v1,english,Legitimate
SMS_03286,What was she looking for?,SAFE,sms_phishing_v1,english,Legitimate
SMS_03287,Wherre's my boytoy ? :-(,SAFE,sms_phishing_v1,english,Legitimate
SMS_03288,Do you want a NEW video phone750 anytime any network mins 150 text for only five pounds per week call 08000776320 now or reply for delivery tomorrow,PHISHING,sms_phishing_v1,english,Phishing
SMS_03289,"Hello, my love! How goes that day ? I wish your well and fine babe and hope that you find some job prospects. I miss you, boytoy ... *a teasing kiss*",SAFE,sms_phishing_v1,english,Legitimate
SMS_03290,Tell my  bad character which u Dnt lik in me. I'll try to change in  &lt;#&gt; . I ll add tat 2 my new year resolution. Waiting for ur reply.Be frank...good morning.,SAFE,sms_phishing_v1,english,Legitimate
SMS_03291,"Yeah, probably earlier than that",SAFE,sms_phishing_v1,english,Legitimate
SMS_03292,Change windows logoff sound..,SAFE,sms_phishing_v1,english,Legitimate
SMS_03293,I'm also came to room.,SAFE,sms_phishing_v1,english,Legitimate
SMS_03294,Huh but i got lesson at 4 lei n i was thinkin of going to sch earlier n i tot of parkin at kent vale...,SAFE,sms_phishing_v1,english,Legitimate
SMS_03295,I will reach office around  &lt;DECIMAL&gt; . &amp; my mobile have problem. You cann't get my voice. So call you asa i'll free,SAFE,sms_phishing_v1,english,Legitimate
SMS_03296,"Cool, text me when you head out",SAFE,sms_phishing_v1,english,Legitimate
SMS_03297,"You are being contacted by our dating service by someone you know! To find out who it is, call from a land line 09050000878. PoBox45W2TG150P",PHISHING,sms_phishing_v1,english,Spam
SMS_03298,"Wan2 win a Meet+Greet with Westlife 4 U or a m8? They are currently on what tour? 1)Unbreakable, 2)Untamed, 3)Unkempt. Text 1,2 or 3 to 83049. Cost 50p +std text",PHISHING,sms_phishing_v1,english,Spam
SMS_03299,Happy birthday... May u find ur prince charming soon n dun work too hard...,SAFE,sms_phishing_v1,english,Legitimate
SMS_03300,"Oh, the grand is having a bit of a party but it doesn't mention any cover charge so it's probably first come first served",SAFE,sms_phishing_v1,english,Legitimate
SMS_03301,You said to me before i went back to bed that you can't sleep for anything.,SAFE,sms_phishing_v1,english,Legitimate
SMS_03302,I hope you arnt pissed off but id would really like to see you tomorrow. Love me xxxxxxxxxxxxxX,SAFE,sms_phishing_v1,english,Legitimate
SMS_03303,Dorothy@kiefer.com (Bank of Granite issues Strong-Buy) EXPLOSIVE PICK FOR OUR MEMBERS *****UP OVER 300% *********** Nasdaq Symbol CDGT That is a $5.00 per..,PHISHING,sms_phishing_v1,english,Phishing
SMS_03304,says the  &lt;#&gt;  year old with a man and money. I'm down to my last  &lt;#&gt; . Still waiting for that check.,SAFE,sms_phishing_v1,english,Legitimate
SMS_03305,I will come to ur home now,SAFE,sms_phishing_v1,english,Legitimate
SMS_03306,Free any day but i finish at 6 on mon n thurs...,SAFE,sms_phishing_v1,english,Legitimate
SMS_03307,Will you be here for food,SAFE,sms_phishing_v1,english,Legitimate
SMS_03308,"life alle mone,eppolum oru pole allalo",SAFE,sms_phishing_v1,english,Legitimate
SMS_03309,Nite...,SAFE,sms_phishing_v1,english,Legitimate
SMS_03310,"Two fundamentals of cool life: \Walk  like you are the KING\""...! OR \""Walk like you Dont care whoever is the KING\""!... Gud nyt""",SAFE,sms_phishing_v1,english,Legitimate
SMS_03311,"Camera quite good, 10.1mega pixels, 3optical and 5digital dooms. Have a lovely holiday, be safe and i hope you hav a good journey! Happy new year to you both! See you in a couple of weeks!",SAFE,sms_phishing_v1,english,Legitimate
SMS_03312,Hi Petey!noiåÕm ok just wanted 2 chat coz avent spoken 2 u 4 a long time-hope ur doin alrite.have good nit at js love ya am.x,SAFE,sms_phishing_v1,english,Legitimate
SMS_03313,I just saw ron burgundy captaining a party boat so yeah,SAFE,sms_phishing_v1,english,Legitimate
SMS_03314,I'm serious. You are in the money base,SAFE,sms_phishing_v1,english,Legitimate
SMS_03315,Already one guy loving you:-.,SAFE,sms_phishing_v1,english,Legitimate
SMS_03316,Staff of placement training in Amrita college.,SAFE,sms_phishing_v1,english,Legitimate
SMS_03317,I always chat with you. In fact i need money can you raise me?,SAFE,sms_phishing_v1,english,Legitimate
SMS_03318,I'm job profile seems like bpo..,SAFE,sms_phishing_v1,english,Legitimate
SMS_03319,"Well, I was about to give up cos they all said no they didnÛ÷t do one nighters. I persevered and found one but it is very cheap so i apologise in advance. It is just somewhere to sleep isnt it?",SAFE,sms_phishing_v1,english,Legitimate
SMS_03320,"So you think i should actually talk to him? Not call his boss in the morning? I went to this place last year and he told me where i could go and get my car fixed cheaper. He kept telling me today how much he hoped i would come back in, how he always regretted not getting my number, etc.",SAFE,sms_phishing_v1,english,Legitimate
SMS_03321,Are you willing to go for apps class.,SAFE,sms_phishing_v1,english,Legitimate
SMS_03322,Hanging out with my brother and his family,SAFE,sms_phishing_v1,english,Legitimate
SMS_03323,No it will reach by 9 only. She telling she will be there. I dont know,SAFE,sms_phishing_v1,english,Legitimate
SMS_03324,Hey... are you going to quit soon? Xuhui and i working till end of the month,SAFE,sms_phishing_v1,english,Legitimate
SMS_03325,"Im sorry bout last nite it wasnåÕt ur fault it was me, spouse it was pmt or sumthin! U 4give me? I think u shldxxxx",SAFE,sms_phishing_v1,english,Legitimate
SMS_03326,Try neva mate!!,SAFE,sms_phishing_v1,english,Legitimate
SMS_03327,Yeah that'd pretty much be the best case scenario,SAFE,sms_phishing_v1,english,Legitimate
SMS_03328,I not free today i haf 2 pick my parents up tonite...,SAFE,sms_phishing_v1,english,Legitimate
SMS_03329,"\HEY BABE! FAR 2 SPUN-OUT 2 SPK AT DA MO... DEAD 2 DA WRLD. BEEN SLEEPING ON DA SOFA ALL DAY HAD A COOL NYTHO TX 4 FONIN HON  CALL 2MWEN IM BK FRMCLOUD 9! J X\""""",SAFE,sms_phishing_v1,english,Legitimate
SMS_03330,Should i send you naughty pix? :),SAFE,sms_phishing_v1,english,Legitimate
SMS_03331,"You are a å£1000 winner or Guaranteed Caller Prize, this is our Final attempt to contact you! To Claim Call 09071517866 Now! 150ppmPOBox10183BhamB64XE",PHISHING,sms_phishing_v1,english,Phishing
SMS_03332,"Xmas & New Years Eve tickets are now on sale from the club, during the day from 10am till 8pm, and on Thurs, Fri & Sat night this week. They're selling fast!",PHISHING,sms_phishing_v1,english,Spam
SMS_03333,"Tyler (getting an 8th) has to leave not long after 9, can you get here in like an hour?",SAFE,sms_phishing_v1,english,Legitimate
SMS_03334,Prepare to be pounded every night...,SAFE,sms_phishing_v1,english,Legitimate
SMS_03335,"Actually, my mobile is full of msg. And i m doing a work online, where i need to send them  &lt;#&gt;  sent msg i wil explain u later.",SAFE,sms_phishing_v1,english,Legitimate
SMS_03336,Good evening! How are you?,SAFE,sms_phishing_v1,english,Legitimate
SMS_03337,I'm at home. Please call,SAFE,sms_phishing_v1,english,Legitimate
SMS_03338,Oic cos me n my sis got no lunch today my dad went out... So dunno whether 2 eat in sch or wat...,SAFE,sms_phishing_v1,english,Legitimate
SMS_03339,"Mmmmm ... It was sooooo good to wake to your words this morning, my Love!! Mmmm fuck ... I love you too, my Lion ... *devouring kiss from across the sea*",SAFE,sms_phishing_v1,english,Legitimate
SMS_03340,We are pleased to inform that your application for Airtel Broadband is processed successfully. Your installation will happen within 3 days.,SAFE,sms_phishing_v1,english,Legitimate
SMS_03341,What happen dear. Why you silent. I am tensed,SAFE,sms_phishing_v1,english,Legitimate
SMS_03342,"I'll get there at 3, unless you guys want me to come some time sooner",SAFE,sms_phishing_v1,english,Legitimate
SMS_03343,If you are not coughing then its nothing,SAFE,sms_phishing_v1,english,Legitimate
SMS_03344,ÌÏ come lt 25 n pass to me lar,SAFE,sms_phishing_v1,english,Legitimate
SMS_03345,I'm e person who's doing e sms survey...,SAFE,sms_phishing_v1,english,Legitimate
SMS_03346,Lol ok ill try to send. Be warned Sprint is dead slow. You'll prolly get it tomorrow,SAFE,sms_phishing_v1,english,Legitimate
SMS_03347,Thank You meet you monday,SAFE,sms_phishing_v1,english,Legitimate
SMS_03348,SO IS TH GOWER MATE WHICH IS WHERE I AM!?! HOW R U MAN? ALL IS GOOD IN WALES ILL B BACK åÔMORROW. C U THIS WK? WHO WAS THE MSG 4? åÐ RANDOM!,SAFE,sms_phishing_v1,english,Legitimate
SMS_03349,"Rock yr chik. Get 100's of filthy films &XXX pics on yr phone now. rply FILTH to 69669. Saristar Ltd, E14 9YT 08701752560. 450p per 5 days. Stop2 cancel",PHISHING,sms_phishing_v1,english,Spam
SMS_03350,"I got like $ &lt;#&gt; , I can get some more later though. Get whatever you feel like",SAFE,sms_phishing_v1,english,Legitimate
SMS_03351,"Dad wanted to talk about the apartment so I got a late start, omw now",SAFE,sms_phishing_v1,english,Legitimate
SMS_03352,I love you both too :-),SAFE,sms_phishing_v1,english,Legitimate
SMS_03353,Lol u still feeling sick?,SAFE,sms_phishing_v1,english,Legitimate
SMS_03354,Din i tell u jus now 420,SAFE,sms_phishing_v1,english,Legitimate
SMS_03355,am up to my eyes in philosophy,SAFE,sms_phishing_v1,english,Legitimate
SMS_03356,From next month get upto 50% More Calls 4 Ur standard network charge 2 activate Call 9061100010 C Wire3.net 1st4Terms PoBox84 M26 3UZ Cost å£1.50 min MobcudB more,PHISHING,sms_phishing_v1,english,Spam
SMS_03357,Ok lor. I'm in town now lei.,SAFE,sms_phishing_v1,english,Legitimate
SMS_03358,I had it already..sabarish asked me to go..,SAFE,sms_phishing_v1,english,Legitimate
SMS_03359,No da. . Vijay going to talk in jaya tv,SAFE,sms_phishing_v1,english,Legitimate
SMS_03360,URGENT! We are trying to contact U Todays draw shows that you have won a å£800 prize GUARANTEED. Call 09050000460 from land line. Claim J89. po box245c2150pm,PHISHING,sms_phishing_v1,english,Phishing
SMS_03361,Lol I know! Hey someone did a great inpersonation of flea on the forums. I love it!,SAFE,sms_phishing_v1,english,Legitimate
SMS_03362,Text BANNEDUK to 89555 to see! cost 150p textoperator g696ga 18+ XXX,PHISHING,sms_phishing_v1,english,Spam
SMS_03363,Still chance there. If you search hard you will get it..let have a try :),SAFE,sms_phishing_v1,english,Legitimate
SMS_03364,"Auction round 4. The highest bid is now å£54. Next maximum bid is å£71. To bid, send BIDS e. g. 10 (to bid å£10) to 83383. Good luck.",PHISHING,sms_phishing_v1,english,Spam
SMS_03365,Do you always celebrate NY's with your family ?,SAFE,sms_phishing_v1,english,Legitimate
SMS_03366,"We know TAJ MAHAL as symbol of love. But the other lesser known facts 1. Mumtaz was Shahjahan's 4th wife, out of his 7 wifes. 2. Shahjahan killed Mumtaz's husband to marry her. 3. Mumtaz died in her  &lt;#&gt; th delivery. 4. He then married Mumtaz's sister. Question arises where the Hell is the LOVE?:-| -The Great Hari-",SAFE,sms_phishing_v1,english,Legitimate
SMS_03367,Its ok..come to my home it vl nice to meet and v can chat..,SAFE,sms_phishing_v1,english,Legitimate
SMS_03368,Collect your VALENTINE'S weekend to PARIS inc Flight & Hotel + å£200 Prize guaranteed! Text: PARIS to No: 69101. www.rtf.sphosting.com,PHISHING,sms_phishing_v1,english,Phishing
SMS_03369,Sent me de webadres for geting salary slip,SAFE,sms_phishing_v1,english,Legitimate
SMS_03370,She's fine. Sends her greetings,SAFE,sms_phishing_v1,english,Legitimate
SMS_03371,Customer Loyalty Offer:The NEW Nokia6650 Mobile from ONLY å£10 at TXTAUCTION! Txt word: START to No: 81151 & get yours Now! 4T&Ctxt TC 150p/MTmsg,PHISHING,sms_phishing_v1,english,Spam
SMS_03372,But you dint in touch with me.,SAFE,sms_phishing_v1,english,Legitimate
SMS_03373,"Yup, leaving right now, be back soon",SAFE,sms_phishing_v1,english,Legitimate
SMS_03374,You won't believe it but it's true. It's Incredible Txts! Reply G now to learn truly amazing things that will blow your mind. From O2FWD only 18p/txt,PHISHING,sms_phishing_v1,english,Spam
SMS_03375,Yeah sure I'll leave in a min,SAFE,sms_phishing_v1,english,Legitimate
SMS_03376,And do you have any one that can teach me how to ship cars.,SAFE,sms_phishing_v1,english,Legitimate
SMS_03377,"The sign of maturity is not when we start saying big things.. But actually it is, when we start understanding small things... *HAVE A NICE EVENING* BSLVYL",SAFE,sms_phishing_v1,english,Legitimate
SMS_03378,Yeah confirmed for you staying at  that weekend,SAFE,sms_phishing_v1,english,Legitimate
SMS_03379,They said Ì_ dun haf passport or smth like dat.. Or Ì_ juz send to my email account..,SAFE,sms_phishing_v1,english,Legitimate
SMS_03380,"Multiply the numbers independently and count decimal points then, for the division, push the decimal places like i showed you.",SAFE,sms_phishing_v1,english,Legitimate
SMS_03381,"Have a lovely night and when you wake up to see this message, i hope you smile knowing all is as should be. Have a great morning",SAFE,sms_phishing_v1,english,Legitimate
SMS_03382,Ard 4 lor...,SAFE,sms_phishing_v1,english,Legitimate
SMS_03383,You are right. Meanwhile how's project twins comin up,SAFE,sms_phishing_v1,english,Legitimate
SMS_03384,I sent your maga that money yesterday oh.,SAFE,sms_phishing_v1,english,Legitimate
SMS_03385,I am hot n horny and willing I live local to you - text a reply to hear strt back from me 150p per msg Netcollex LtdHelpDesk: 02085076972 reply Stop to end,PHISHING,sms_phishing_v1,english,Spam
SMS_03386,Our ride equally uneventful - not too many of those pesky cyclists around at that time of night ;).,SAFE,sms_phishing_v1,english,Legitimate
SMS_03387,If you were/are free i can give. Otherwise nalla adi entey nattil kittum,SAFE,sms_phishing_v1,english,Legitimate
SMS_03388,I've sent my wife your text. After we buy them she'll tell you what to do. So just relax. We should go get them this wkend.,SAFE,sms_phishing_v1,english,Legitimate
SMS_03389,I am in escape theatre now. . Going to watch KAVALAN in a few minutes,SAFE,sms_phishing_v1,english,Legitimate
SMS_03390,How much would it cost to hire a hitman,SAFE,sms_phishing_v1,english,Legitimate
SMS_03391,I anything lor...,SAFE,sms_phishing_v1,english,Legitimate
SMS_03392,Do you want a New Nokia 3510i Colour Phone Delivered Tomorrow? With 200 FREE minutes to any mobile + 100 FREE text + FREE camcorder Reply or Call 08000930705,PHISHING,sms_phishing_v1,english,Spam
SMS_03393,Huh but i cant go 2 ur house empty handed right?,SAFE,sms_phishing_v1,english,Legitimate
SMS_03394,Good morning princess! Happy New Year!,SAFE,sms_phishing_v1,english,Legitimate
SMS_03395,Congratulations YOU'VE Won. You're a Winner in our August å£1000 Prize Draw. Call 09066660100 NOW. Prize Code 2309.,PHISHING,sms_phishing_v1,english,Phishing
SMS_03396,"Aight, we'll head out in a few",SAFE,sms_phishing_v1,english,Legitimate
SMS_03397,Then wat r u doing now? Busy wif work?,SAFE,sms_phishing_v1,english,Legitimate
SMS_03398,I know you mood off today,SAFE,sms_phishing_v1,english,Legitimate
SMS_03399,"Jay told me already, will do",SAFE,sms_phishing_v1,english,Legitimate
SMS_03400,Cps is causing the outages to conserve energy.,SAFE,sms_phishing_v1,english,Legitimate
SMS_03401,"I'm not sure, I was just checking out what was happening around the area",SAFE,sms_phishing_v1,english,Legitimate
SMS_03402,Hey morning what you come to ask:-) pa...,SAFE,sms_phishing_v1,english,Legitimate
SMS_03403,Jordan got voted out last nite!,SAFE,sms_phishing_v1,english,Legitimate
SMS_03404,"That means you got an A in epi, she.s fine. She.s here now.",SAFE,sms_phishing_v1,english,Legitimate
SMS_03405,I have no idea where you are,SAFE,sms_phishing_v1,english,Legitimate
SMS_03406,Pls come quick cant bare this.,SAFE,sms_phishing_v1,english,Legitimate
SMS_03407,"Call me. I m unable to cal. Lets meet bhaskar, and deep",SAFE,sms_phishing_v1,english,Legitimate
SMS_03408,No. I.ll meet you in the library,SAFE,sms_phishing_v1,english,Legitimate
SMS_03409,"K, my roommate also wants a dubsack and another friend may also want some so plan on bringing extra, I'll tell you when they know for sure",SAFE,sms_phishing_v1,english,Legitimate
SMS_03410,Depends on individual lor e hair dresser say pretty but my parents say look gong. U kaypoh.. I also dunno wat she collecting.,SAFE,sms_phishing_v1,english,Legitimate
SMS_03411,Ok c Ì_ then.,SAFE,sms_phishing_v1,english,Legitimate
SMS_03412,I enjoy watching and playing football and basketball. Anything outdoors. And you?,SAFE,sms_phishing_v1,english,Legitimate
SMS_03413,"Can you please ask macho what his price range is, does he want something new or used plus it he only interfued in the blackberry bold  &lt;#&gt;  or any bb",SAFE,sms_phishing_v1,english,Legitimate
SMS_03414,Sorry sent blank msg again. Yup but trying 2 do some serious studying now.,SAFE,sms_phishing_v1,english,Legitimate
SMS_03415,Hey check it da. I have listed da.,SAFE,sms_phishing_v1,english,Legitimate
SMS_03416,8007 25p 4 Alfie Moon's Children in Need song on ur mob. Tell ur m8s. Txt TONE CHARITY to 8007 for nokias or POLY CHARITY for polys :zed 08701417012 profit 2 charity,PHISHING,sms_phishing_v1,english,Spam
SMS_03417,I meant as an apology from me for texting you to get me drugs at  &lt;#&gt; at night,SAFE,sms_phishing_v1,english,Legitimate
SMS_03418,That means from february to april i'll be getting a place to stay down there so i don't have to hustle back and forth during audition season as i have since my sister moved away from harlem.,SAFE,sms_phishing_v1,english,Legitimate
SMS_03419,Goin to workout lor... Muz lose e fats...,SAFE,sms_phishing_v1,english,Legitimate
SMS_03420,"Damn, poor zac doesn't stand a chance",SAFE,sms_phishing_v1,english,Legitimate
SMS_03421,I want to tel u one thing u should not mistake me k THIS IS THE MESSAGE THAT YOU SENT:),SAFE,sms_phishing_v1,english,Legitimate
SMS_03422,Yeah right! I'll bring my tape measure fri!,SAFE,sms_phishing_v1,english,Legitimate
SMS_03423,Should I head straight there or what,SAFE,sms_phishing_v1,english,Legitimate
SMS_03424,Get the official ENGLAND poly ringtone or colour flag on yer mobile for tonights game! Text TONE or FLAG to 84199. Optout txt ENG STOP Box39822 W111WX å£1.50,PHISHING,sms_phishing_v1,english,Spam
SMS_03425,Thank you princess! You are so sexy...,SAFE,sms_phishing_v1,english,Legitimate
SMS_03426,Oooh I got plenty of those!,SAFE,sms_phishing_v1,english,Legitimate
SMS_03427,Hui xin is in da lib.,SAFE,sms_phishing_v1,english,Legitimate
SMS_03428,Its a big difference.  &lt;#&gt;  versus  &lt;#&gt;  every  &lt;#&gt; hrs,SAFE,sms_phishing_v1,english,Legitimate
SMS_03429,"It's not that you make me cry. It's just that when all our stuff happens on top of everything else, it pushes me over the edge. You don't underdtand how often i cry over my sorry, sorry life.",SAFE,sms_phishing_v1,english,Legitimate
SMS_03430,"\ME 2 BABE I FEEL THE SAME LETS JUST 4GET ABOUT IT+BOTH TRY +CHEER UP+NOT FIT SOO MUCHXXLOVE U LOCAXX\""""",SAFE,sms_phishing_v1,english,Legitimate
SMS_03431,You know what hook up means right?,SAFE,sms_phishing_v1,english,Legitimate
SMS_03432,"Customer service announcement. We recently tried to make a delivery to you but were unable to do so, please call 07090298926 to re-schedule. Ref:9307622",PHISHING,sms_phishing_v1,english,Phishing
SMS_03433,Wat's da model num of ur phone?,SAFE,sms_phishing_v1,english,Legitimate
SMS_03434,He's really into skateboarding now despite the fact that he gets thrown off of it and winds up with bandages and shit all over his arms every five minutes,SAFE,sms_phishing_v1,english,Legitimate
SMS_03435,"You can stop further club tones by replying \STOP MIX\"" See my-tone.com/enjoy. html for terms. Club tones cost GBP4.50/week. MFL",PHISHING,sms_phishing_v1,english,Spam
SMS_03436,My house here e sky quite dark liao... If raining then got excuse not 2 run already rite... Hee...,SAFE,sms_phishing_v1,english,Legitimate
SMS_03437,"Sorry, left phone upstairs. OK, might be hectic but would be all my birds with one fell swoop. It's a date.",SAFE,sms_phishing_v1,english,Legitimate
SMS_03438,* Thought I didn't see you.,SAFE,sms_phishing_v1,english,Legitimate
SMS_03439,wamma get laid?want real doggin locations sent direct to your mobile? join the UKs largest dogging network. txt dogs to 69696 now!nyt. ec2a. 3lp å£1.50/msg.,PHISHING,sms_phishing_v1,english,Spam
SMS_03440,Carlos says we can pick up from him later so yeah we're set,SAFE,sms_phishing_v1,english,Legitimate
SMS_03441,"Hey babe, my friend had to cancel, still up for a visit ?",SAFE,sms_phishing_v1,english,Legitimate
SMS_03442,Hmm ill have to think about it... ok you're forgiven! =D,SAFE,sms_phishing_v1,english,Legitimate
SMS_03443,"We are hoping to get away by 7, from Langport. You still up for town tonight?",SAFE,sms_phishing_v1,english,Legitimate
SMS_03444,Want to send me a virtual hug?... I need one,SAFE,sms_phishing_v1,english,Legitimate
SMS_03445,"Probably not, still going over some stuff here",SAFE,sms_phishing_v1,english,Legitimate
SMS_03446,It has issues right now. Ill fix for her by tomorrow.,SAFE,sms_phishing_v1,english,Legitimate
SMS_03447,Why i come in between you people,SAFE,sms_phishing_v1,english,Legitimate
SMS_03448,Senthil group company Apnt 5pm.,SAFE,sms_phishing_v1,english,Legitimate
SMS_03449,Oh really?? Did you make it on air? What's your talent?,SAFE,sms_phishing_v1,english,Legitimate
SMS_03450,Studying. But i.ll be free next weekend.,SAFE,sms_phishing_v1,english,Legitimate
SMS_03451,R u here yet? I'm wearing blue shirt n black pants.,SAFE,sms_phishing_v1,english,Legitimate
SMS_03452,Wait.i will come out.. &lt;#&gt;  min:),SAFE,sms_phishing_v1,english,Legitimate
SMS_03453,I will reach ur home in  &lt;#&gt;  minutes,SAFE,sms_phishing_v1,english,Legitimate
SMS_03454,Well then you have a great weekend!,SAFE,sms_phishing_v1,english,Legitimate
SMS_03455,"What are you doing in langport? Sorry, but I'll probably be in bed by 9pm. It sucks being ill at xmas! When do you and go2sri lanka?",SAFE,sms_phishing_v1,english,Legitimate
SMS_03456,"Frnd s not juz a word.....not merely a relationship.....its a silent promise which says ... \ I will be with YOU \"" Wherevr.. Whenevr.. Forevr... Gudnyt dear..""",SAFE,sms_phishing_v1,english,Legitimate
SMS_03457,Huh? 6 also cannot? Then only how many mistakes?,SAFE,sms_phishing_v1,english,Legitimate
SMS_03458,Ha... U jus ate honey ar? So sweet...,SAFE,sms_phishing_v1,english,Legitimate
SMS_03459,I'm turning off my phone. My moms telling everyone I have cancer. And my sister won't stop calling. It hurts to talk. Can't put up with it. See u when u get home. Love u,SAFE,sms_phishing_v1,english,Legitimate
SMS_03460,"Honey ? Sweetheart ? Darling ? Sexy buns ? Sugar plum ? Loverboy ? I miss you, boytoy ... *smacks your ass* Did you go to the gym too ?",SAFE,sms_phishing_v1,english,Legitimate
SMS_03461,Thanks for loving me so. You rock,SAFE,sms_phishing_v1,english,Legitimate
SMS_03462,Yeah imma come over cause jay wants to do some drugs,SAFE,sms_phishing_v1,english,Legitimate
SMS_03463,Ok thanx... Take care then...,SAFE,sms_phishing_v1,english,Legitimate
SMS_03464,Yup. Thk of u oso boring wat.,SAFE,sms_phishing_v1,english,Legitimate
SMS_03465,"came to look at the flat, seems ok, in his 50s? * Is away alot wiv work. Got woman coming at 6.30 too.",SAFE,sms_phishing_v1,english,Legitimate
SMS_03466,Moji just informed me that you saved our lives. Thanks.,SAFE,sms_phishing_v1,english,Legitimate
SMS_03467,Whos this am in class:-),SAFE,sms_phishing_v1,english,Legitimate
SMS_03468,Hey r Ì_ still online? I've finished the formatting...,SAFE,sms_phishing_v1,english,Legitimate
SMS_03469,Great! So what attracts you to the brothas?,SAFE,sms_phishing_v1,english,Legitimate
SMS_03470,Promotion Number: 8714714 - UR awarded a City Break and could WIN a å£200 Summer Shopping spree every WK. Txt STORE to 88039 . SkilGme. TsCs087147403231Winawk!Age16 å£1.50perWKsub,PHISHING,sms_phishing_v1,english,Spam
SMS_03471,LOL what happens in Vegas stays in vegas,SAFE,sms_phishing_v1,english,Legitimate
SMS_03472,"Hello, hello, hi lou sorry it took so long 2 reply- I left mobile at friends in Lancaster, just got it bak Neway im sorry I couldnåÕt make ur båÕday 2 hun!",SAFE,sms_phishing_v1,english,Legitimate
SMS_03473,When did i use soc... I use it only at home... ÌÏ dunno how 2 type it in word ar...,SAFE,sms_phishing_v1,english,Legitimate
SMS_03474,Dad says hurry the hell up,SAFE,sms_phishing_v1,english,Legitimate
SMS_03475,Wake me up at  &lt;#&gt;  am morning:),SAFE,sms_phishing_v1,english,Legitimate
SMS_03476,"I get out of class in bsn in like  &lt;#&gt;  minutes, you know where advising is?",SAFE,sms_phishing_v1,english,Legitimate
SMS_03477,Great! I shoot big loads so get ready!,SAFE,sms_phishing_v1,english,Legitimate
SMS_03478,I'll meet you in the lobby,SAFE,sms_phishing_v1,english,Legitimate
SMS_03479,You still coming tonight?,SAFE,sms_phishing_v1,english,Legitimate
SMS_03480,What happen dear tell me,SAFE,sms_phishing_v1,english,Legitimate
SMS_03481,"Sir, i am waiting for your call, once free please call me.",SAFE,sms_phishing_v1,english,Legitimate
SMS_03482,I was about to do it when i texted. I finished a long time ago and showered and er'ything!,SAFE,sms_phishing_v1,english,Legitimate
SMS_03483,Ok im not sure what time i finish tomorrow but i wanna spend the evening with you cos that would be vewy vewy lubly! Love me xxx,SAFE,sms_phishing_v1,english,Legitimate
SMS_03484,"Hello, As per request from  &lt;#&gt;  Rs.5 has been transfered to you",SAFE,sms_phishing_v1,english,Legitimate
SMS_03485,I am in tirupur.  call you da.,SAFE,sms_phishing_v1,english,Legitimate
SMS_03486,You are a winner you have been specially selected to receive å£1000 cash or a å£2000 award. Speak to a live operator to claim call 087147123779am-7pm. Cost 10p,PHISHING,sms_phishing_v1,english,Phishing
SMS_03487,S:)but he had some luck.2 catches put down:),SAFE,sms_phishing_v1,english,Legitimate
SMS_03488,How i noe... Did Ì_ specify da domain as nusstu... ÌÏ still in sch...,SAFE,sms_phishing_v1,english,Legitimate
SMS_03489,Oh...i asked for fun. Haha...take care. Ì_,SAFE,sms_phishing_v1,english,Legitimate
SMS_03490,Shall i get my pouch?,SAFE,sms_phishing_v1,english,Legitimate
SMS_03491,Hey loverboy! I love you !! I had to tell ... I look at your picture and ache to feel you between my legs ... Fuck I want you ... I need you ... I crave you .,SAFE,sms_phishing_v1,english,Legitimate
SMS_03492,"How is my boy? No sweet words left for me this morning ... *sighs* ... How goes you day, my love ? Did you start your studying?",SAFE,sms_phishing_v1,english,Legitimate
SMS_03493,Kent vale lor... ÌÏ wait 4 me there ar?,SAFE,sms_phishing_v1,english,Legitimate
SMS_03494,Ok. Very good. Its all about making that money.,SAFE,sms_phishing_v1,english,Legitimate
SMS_03495,Reading gud habit.. Nan bari hudgi yorge pataistha ertini kano:-),SAFE,sms_phishing_v1,english,Legitimate
SMS_03496,Aight do you still want to get money,SAFE,sms_phishing_v1,english,Legitimate
SMS_03497,ARE YOU IN TOWN? THIS IS V. IMPORTANT,SAFE,sms_phishing_v1,english,Legitimate
SMS_03498,"Sorry pa, i dont knw who ru pa?",SAFE,sms_phishing_v1,english,Legitimate
SMS_03499,Wat u doing there?,SAFE,sms_phishing_v1,english,Legitimate
SMS_03500,If i not meeting Ì_ all rite then i'll go home lor. If Ì_ dun feel like comin it's ok.,SAFE,sms_phishing_v1,english,Legitimate
SMS_03501,"Oh, i will get paid. The most outstanding one is for a commercial i did for Hasbro...in AUGUST! They made us jump through so many hoops to get paid. Still not.",SAFE,sms_phishing_v1,english,Legitimate
SMS_03502,"I am late,so call you tomorrow morning.take care sweet dreams....u and me...ummifying...bye.",SAFE,sms_phishing_v1,english,Legitimate
SMS_03503,Networking technical support associate.,SAFE,sms_phishing_v1,english,Legitimate
SMS_03504,I'm gonna rip out my uterus.,SAFE,sms_phishing_v1,english,Legitimate
SMS_03505,Cool. Do you like swimming? I have a pool and jacuzzi at my house.,SAFE,sms_phishing_v1,english,Legitimate
SMS_03506,"Thanks for your ringtone order, reference number X49. Your mobile will be charged 4.50. Should your tone not arrive please call customer services 09065989182. From: [colour=red]text[/colour]TXTstar",PHISHING,sms_phishing_v1,english,Spam
SMS_03507,"Yeah why not, is the gang all ready",SAFE,sms_phishing_v1,english,Legitimate
SMS_03508,Blank is Blank. But wat is blank? Lol,SAFE,sms_phishing_v1,english,Legitimate
SMS_03509,I'm in a movie... Collect car oredi...,SAFE,sms_phishing_v1,english,Legitimate
SMS_03510,We left already we at orchard now.,SAFE,sms_phishing_v1,english,Legitimate
SMS_03511,"Hi there, 2nights ur lucky night! Uve been invited 2 XCHAT, the Uks wildest chat! Txt CHAT to 86688 now! 150p/MsgrcvdHG/Suite342/2Lands/Row/W1J6HL LDN 18yrs",PHISHING,sms_phishing_v1,english,Spam
SMS_03512,Nothing spl..wat abt u and whr ru?,SAFE,sms_phishing_v1,english,Legitimate
SMS_03513,No chikku nt yet.. Ya i'm free,SAFE,sms_phishing_v1,english,Legitimate
SMS_03514,"Aldrine, rakhesh ex RTM here.pls call.urgent.",SAFE,sms_phishing_v1,english,Legitimate
SMS_03515,The search 4 happiness is 1 of d main sources of unhappiness! Accept life the way it comes! U will find happiness in every moment u live.,SAFE,sms_phishing_v1,english,Legitimate
SMS_03516,"I guess you could be as good an excuse as any, lol.",SAFE,sms_phishing_v1,english,Legitimate
SMS_03517,"Isn't frnd a necesity in life? imagine urself witout a frnd.. hw'd u feel at ur colleg? wat'll u do wth ur cell? wat abt functions? thnk abt events espe'll cared, missed &amp; irritated u? 4wrd it to all those dear-loving frnds wthout whom u cant live.. I jst did it.. Takecare..:) GOODMORNING",SAFE,sms_phishing_v1,english,Legitimate
SMS_03518,Old Orchard near univ. How about you?,SAFE,sms_phishing_v1,english,Legitimate
SMS_03519,"4 tacos + 1 rajas burrito, right?",SAFE,sms_phishing_v1,english,Legitimate
SMS_03520,"ItÛ÷s å£6 to get in, is that ok?",SAFE,sms_phishing_v1,english,Legitimate
SMS_03521,Hows the street where the end of library walk is?,SAFE,sms_phishing_v1,english,Legitimate
SMS_03522,"Plz note: if anyone calling from a mobile Co. &amp; asks u to type # &lt;#&gt;  or # &lt;#&gt; . Do not do so. Disconnect the call,coz it iz an attempt of 'terrorist' to make use of the sim card no. Itz confirmd by nokia n motorola n has been verified by CNN IBN.",SAFE,sms_phishing_v1,english,Legitimate
SMS_03523,We stopped to get ice cream and will go back after,SAFE,sms_phishing_v1,english,Legitimate
SMS_03524,Did you stitch his trouser,SAFE,sms_phishing_v1,english,Legitimate
SMS_03525,2/2 146tf150p,PHISHING,sms_phishing_v1,english,Spam
SMS_03526,Hey i'm bored... So i'm thinking of u... So wat r u doing?,SAFE,sms_phishing_v1,english,Legitimate
SMS_03527,"Nah, Wednesday. When should I bring the mini cheetos bag over?",SAFE,sms_phishing_v1,english,Legitimate
SMS_03528,Nobody names their penis a girls name this story doesn't add up at all,SAFE,sms_phishing_v1,english,Legitimate
SMS_03529,"Aight, let me know when you're gonna be around usf",SAFE,sms_phishing_v1,english,Legitimate
SMS_03530,I'm not. She lip synced with shangela.,SAFE,sms_phishing_v1,english,Legitimate
SMS_03531,ÌÏ neva tell me how i noe... I'm not at home in da aft wat...,SAFE,sms_phishing_v1,english,Legitimate
SMS_03532,"A bit of Ur smile is my hppnss, a drop of Ur tear is my sorrow, a part of Ur heart is my life, a heart like mine wil care for U, forevr as my GOODFRIEND",SAFE,sms_phishing_v1,english,Legitimate
SMS_03533,Dear Voucher Holder 2 claim your 1st class airport lounge passes when using Your holiday voucher call 08704439680. When booking quote 1st class x 2,PHISHING,sms_phishing_v1,english,Phishing
SMS_03534,"Buzz! Hey, my Love ! I think of you and hope your day goes well. Did you sleep in ? I miss you babe. I long for the moment we are together again*loving smile*",SAFE,sms_phishing_v1,english,Legitimate
SMS_03535,"Haha... Sounds crazy, dunno can tahan anot...",SAFE,sms_phishing_v1,english,Legitimate
SMS_03536,Why are u up so early?,SAFE,sms_phishing_v1,english,Legitimate
SMS_03537,Ya that one is slow as poo,SAFE,sms_phishing_v1,english,Legitimate
SMS_03538,"\Im on gloucesterroad what are uup to later?\""""",SAFE,sms_phishing_v1,english,Legitimate
SMS_03539,Lol no ouch but wish i'd stayed out a bit longer,SAFE,sms_phishing_v1,english,Legitimate
SMS_03540,"GOD ASKED, \What is forgiveness?\"" A little child gave lovely reply \""It is d wonderful fruit that a tree gives when it is being hurt by a stone.. Good night......""",SAFE,sms_phishing_v1,english,Legitimate
SMS_03541,We'll join the  &lt;#&gt;  bus,SAFE,sms_phishing_v1,english,Legitimate
SMS_03542,Was just about to ask. Will keep this one. Maybe that's why you didn't get all the messages we sent you on glo,SAFE,sms_phishing_v1,english,Legitimate
SMS_03543,K.i will send in  &lt;#&gt;  min:),SAFE,sms_phishing_v1,english,Legitimate
SMS_03544,Would me smoking you out help us work through this difficult time,SAFE,sms_phishing_v1,english,Legitimate
SMS_03545,"Someone U know has asked our dating service 2 contact you! Cant guess who? CALL 09058095107 NOW all will be revealed. POBox 7, S3XY 150p",PHISHING,sms_phishing_v1,english,Spam
SMS_03546,Yes.mum lookin strong:),SAFE,sms_phishing_v1,english,Legitimate
SMS_03547,"Sir Goodmorning, Once free call me.",SAFE,sms_phishing_v1,english,Legitimate
SMS_03548,Where are you call me.,SAFE,sms_phishing_v1,english,Legitimate
SMS_03549,Love it! The girls at the office may wonder why you are smiling but sore...,SAFE,sms_phishing_v1,english,Legitimate
SMS_03550,"Hi, wlcome back, did wonder if you got eaten by a lion or something, nothing much",SAFE,sms_phishing_v1,english,Legitimate
SMS_03551,Does uncle timi help in clearing cars,SAFE,sms_phishing_v1,english,Legitimate
SMS_03552,I came hostel. I m going to sleep. Plz call me up before class. Hrishi.,SAFE,sms_phishing_v1,english,Legitimate
SMS_03553,Ok... But bag again..,SAFE,sms_phishing_v1,english,Legitimate
SMS_03554,Ok lor. Msg me b4 u call.,SAFE,sms_phishing_v1,english,Legitimate
SMS_03555,"Mila, age23, blonde, new in UK. I look sex with UK guys. if u like fun with me. Text MTALK to 69866.18 . 30pp/txt 1st 5free. å£1.50 increments. Help08718728876",PHISHING,sms_phishing_v1,english,Spam
SMS_03556,"Once a fishrman woke early in d mrng. It was very dark. He waited a while &amp; found a sack ful of stones. He strtd throwin thm in2 d sea 2 pass time. Atlast he had jus 1stone, sun rose up &amp; he found out tht those r nt stones, those were diamonds. Moral:\Dont wake up early in d mrng'' GOOD night""",SAFE,sms_phishing_v1,english,Legitimate
SMS_03557,"Claim a 200 shopping spree, just call 08717895698 now! Have you won! MobStoreQuiz10ppm",PHISHING,sms_phishing_v1,english,Phishing
SMS_03558,Then ur physics get a-?,SAFE,sms_phishing_v1,english,Legitimate
SMS_03559,"Dear friends, sorry for the late information. Today is the birthday of our loving Ar.Praveesh. for more details log on to face book and see. Its his number + &lt;#&gt; . Dont miss a delicious treat.",SAFE,sms_phishing_v1,english,Legitimate
SMS_03560,How r Ì_ going to send it to me?,SAFE,sms_phishing_v1,english,Legitimate
SMS_03561,Can you do online transaction?,SAFE,sms_phishing_v1,english,Legitimate
SMS_03562,Dear got train and seat mine lower seat,SAFE,sms_phishing_v1,english,Legitimate
SMS_03563,Let me know if you need anything else. Salad or desert or something... How many beers shall i get?,SAFE,sms_phishing_v1,english,Legitimate
SMS_03564,WHORE YOU ARE UNBELIEVABLE.,SAFE,sms_phishing_v1,english,Legitimate
SMS_03565,"Want to funk up ur fone with a weekly new tone reply TONES2U 2 this text. www.ringtones.co.uk, the original n best. Tones 3GBP network operator rates apply",PHISHING,sms_phishing_v1,english,Spam
SMS_03566,"Are you sure you don't mean \get here  we made you hold all the weed\""""",SAFE,sms_phishing_v1,english,Legitimate
SMS_03567,"I love you !!! You know? Can you feel it? Does it make your belly warm? I wish it does, my love ... I shall meet you in your dreams, Ahmad ... *adoring kiss*",SAFE,sms_phishing_v1,english,Legitimate
SMS_03568,"Twinks, bears, scallies, skins and jocks are calling now. Don't miss the weekend's fun. Call 08712466669 at 10p/min. 2 stop texts call 08712460324(nat rate)",PHISHING,sms_phishing_v1,english,Spam
SMS_03569,Love it! I want to flood that pretty pussy with cum...,SAFE,sms_phishing_v1,english,Legitimate
SMS_03570,Hey are you angry with me. Reply me dr.,SAFE,sms_phishing_v1,english,Legitimate
SMS_03571,"Short But Cute: \Be a good person  but dont try to prove it..\"" .Gud noon....""",SAFE,sms_phishing_v1,english,Legitimate
SMS_03572,Also remember the beads don't come off. Ever.,SAFE,sms_phishing_v1,english,Legitimate
SMS_03573,They have a thread on the wishlist section of the forums where ppl post nitro requests. Start from the last page and collect from the bottom up.,SAFE,sms_phishing_v1,english,Legitimate
SMS_03574,For The First Time In The History 'Need' 'Comfort' And 'Luxury' Are Sold At Same Price In India..!! Onion-Rs. &lt;#&gt;  Petrol-Rs. &lt;#&gt;  Beer-Rs. &lt;#&gt;  SHESIL  &lt;#&gt;,SAFE,sms_phishing_v1,english,Legitimate
SMS_03575,"Actually nvm, got hella cash, we still on for  &lt;#&gt; ish?",SAFE,sms_phishing_v1,english,Legitimate
SMS_03576,We tried to contact you re your reply to our offer of a Video Handset? 750 anytime any networks mins? UNLIMITED TEXT? Camcorder? Reply or call 08000930705 NOW,PHISHING,sms_phishing_v1,english,Spam
SMS_03577,"It's ok, at least armand's still around",SAFE,sms_phishing_v1,english,Legitimate
SMS_03578,No da. I am happy that we sit together na,SAFE,sms_phishing_v1,english,Legitimate
SMS_03579,Yup song bro. No creative. Neva test quality. He said check review online.,SAFE,sms_phishing_v1,english,Legitimate
SMS_03580,"No dude, its not fake..my frnds got money, thts y i'm reffering u..if u member wit my mail link, u vl be credited  &lt;#&gt; rs and il be getiing  &lt;#&gt; rs..i can draw my acc wen it is  &lt;#&gt; rs..",SAFE,sms_phishing_v1,english,Legitimate
SMS_03581,Dude while were makin those weirdy brownies my sister made awesome cookies. I took pics.,SAFE,sms_phishing_v1,english,Legitimate
SMS_03582,URGENT! We are trying to contact you. Last weekends draw shows that you have won a å£900 prize GUARANTEED. Call 09061701851. Claim code K61. Valid 12hours only,PHISHING,sms_phishing_v1,english,Phishing
SMS_03583,Pls dont restrict her from eating anythin she likes for the next two days.,SAFE,sms_phishing_v1,english,Legitimate
SMS_03584,Mm you ask him to come its enough :-),SAFE,sms_phishing_v1,english,Legitimate
SMS_03585,At the funeral home with Audrey and dad,SAFE,sms_phishing_v1,english,Legitimate
SMS_03586,"Aight, can you text me the address?",SAFE,sms_phishing_v1,english,Legitimate
SMS_03587,Excellent! Wish we were together right now!,SAFE,sms_phishing_v1,english,Legitimate
SMS_03588,Yep then is fine 7.30 or 8.30 for ice age.,SAFE,sms_phishing_v1,english,Legitimate
SMS_03589,Pls i wont belive god.not only jesus.,SAFE,sms_phishing_v1,english,Legitimate
SMS_03590,Can. Dunno wat to get 4 her...,SAFE,sms_phishing_v1,english,Legitimate
SMS_03591,"Not yet chikku..k, then wat abt tht guy did he stopped irritating or msging to u..",SAFE,sms_phishing_v1,english,Legitimate
SMS_03592,How long does it take to get it.,SAFE,sms_phishing_v1,english,Legitimate
SMS_03593,This is my number by vivek..,SAFE,sms_phishing_v1,english,Legitimate
SMS_03594,74355 XMAS iscoming & ur awarded either å£500 CD gift vouchers & free entry 2 r å£100 weekly draw txt MUSIC to 87066 TnC,PHISHING,sms_phishing_v1,english,Spam
SMS_03595,"sorry brah, just finished the last of my exams, what up",SAFE,sms_phishing_v1,english,Legitimate
SMS_03596,"I got arrested for possession at, I shit you not,  &lt;TIME&gt;  pm",SAFE,sms_phishing_v1,english,Legitimate
SMS_03597,You are right though. I can't give you the space you want and need. This is really starting to become an issue. I was going to suggest setting a definite move out--if i'm still there-- after greece. But maybe you are ready and should do it now.,SAFE,sms_phishing_v1,english,Legitimate
SMS_03598,Just normal only here :),SAFE,sms_phishing_v1,english,Legitimate
SMS_03599,"Please protect yourself from e-threats. SIB never asks for sensitive information like Passwords,ATM/SMS PIN thru email. Never share your password with anybody.",SAFE,sms_phishing_v1,english,Legitimate
SMS_03600,I miss you so much I'm so desparate I have recorded the message you left for me the other day and listen to it just to hear the sound of your voice. I love you,SAFE,sms_phishing_v1,english,Legitimate
SMS_03601,Hi. I'm always online on yahoo and would like to chat with you someday,SAFE,sms_phishing_v1,english,Legitimate
SMS_03602,"Goodmorning,my grandfather expired..so am on leave today.",SAFE,sms_phishing_v1,english,Legitimate
SMS_03603,Congratulations U can claim 2 VIP row A Tickets 2 C Blu in concert in November or Blu gift guaranteed Call 09061104276 to claim TS&Cs www.smsco.net costå£3.75max,PHISHING,sms_phishing_v1,english,Phishing
SMS_03604,Where are you ? What are you doing ? Are yuou working on getting the pc to your mom's ? Did you find a spot that it would work ? I need you,SAFE,sms_phishing_v1,english,Legitimate
SMS_03605,"Sure, I'll see if I can come by in a bit",SAFE,sms_phishing_v1,english,Legitimate
SMS_03606,I agree. So i can stop thinkin about ipad. Can you please ask macho the same question.,SAFE,sms_phishing_v1,english,Legitimate
SMS_03607,Let's pool our money together and buy a bunch of lotto tickets. If we win I get &lt;#&gt; % u get &lt;#&gt; %. Deal?,SAFE,sms_phishing_v1,english,Legitimate
SMS_03608,Watching tv lor. Nice one then i like lor.,SAFE,sms_phishing_v1,english,Legitimate
SMS_03609,I'm thinking that chennai forgot to come for auction..,SAFE,sms_phishing_v1,english,Legitimate
SMS_03610,Then Ì_ come n pick me at 530 ar?,SAFE,sms_phishing_v1,english,Legitimate
SMS_03611,Early bird! Any purchases yet?,SAFE,sms_phishing_v1,english,Legitimate
SMS_03612,Went to pay rent. So i had to go to the bank to authorise the payment.,SAFE,sms_phishing_v1,english,Legitimate
SMS_03613,"Erm Û_ ill pick you up at about 6.45pm. That'll give enough time to get there, park and that.",SAFE,sms_phishing_v1,english,Legitimate
SMS_03614,HEY MATE! HOWS U HONEY?DID U AVE GOOD HOLIDAY? GIMMI DE GOSS!x,SAFE,sms_phishing_v1,english,Legitimate
SMS_03615,Howz pain.it will come down today.do as i said ystrday.ice and medicine.,SAFE,sms_phishing_v1,english,Legitimate
SMS_03616,"chile, please! It's only a  &lt;DECIMAL&gt;  hour drive for me. I come down all the time and will be subletting feb-april for audition season.",SAFE,sms_phishing_v1,english,Legitimate
SMS_03617,Yes ammae....life takes lot of turns you can only sit and try to hold the steering...,SAFE,sms_phishing_v1,english,Legitimate
SMS_03618,"Yeah that's what I thought, lemme know if anything's goin on later",SAFE,sms_phishing_v1,english,Legitimate
SMS_03619,Mmmm.... I cant wait to lick it!,SAFE,sms_phishing_v1,english,Legitimate
SMS_03620,Pls go there today  &lt;#&gt; . I dont want any excuses,SAFE,sms_phishing_v1,english,Legitimate
SMS_03621,Can you plz tell me the ans. BSLVYL sent via fullonsms.com,SAFE,sms_phishing_v1,english,Legitimate
SMS_03622,U in town alone?,SAFE,sms_phishing_v1,english,Legitimate
SMS_03623,I to am looking forward to all the sex cuddling.. Only two more sleeps,SAFE,sms_phishing_v1,english,Legitimate
SMS_03624,We have all rounder:)so not required:),SAFE,sms_phishing_v1,english,Legitimate
SMS_03625,"No, its true..k,Do u knw dis no. &lt;#&gt; ?",SAFE,sms_phishing_v1,english,Legitimate
SMS_03626,"Dont worry, 1 day very big lambu ji vl come..til then enjoy batchlor party:-)",SAFE,sms_phishing_v1,english,Legitimate
SMS_03627,oh ya... Got hip hop open. Haha i was thinking can go for jazz then zoom to cine... Actually tonight i'm free leh... And there's a kb lesson tonight,SAFE,sms_phishing_v1,english,Legitimate
SMS_03628,Free msg: Single? Find a partner in your area! 1000s of real people are waiting to chat now!Send CHAT to 62220Cncl send STOPCS 08717890890å£1.50 per msg,PHISHING,sms_phishing_v1,english,Spam
SMS_03629,I'm ok. Will do my part tomorrow,SAFE,sms_phishing_v1,english,Legitimate
SMS_03630,"No! But we found a diff farm shop to buy some cheese. On way back now, can i call in?",SAFE,sms_phishing_v1,english,Legitimate
SMS_03631,R u still working now?,SAFE,sms_phishing_v1,english,Legitimate
SMS_03632,"Win the newest åÒHarry Potter and the Order of the Phoenix (Book 5) reply HARRY, answer 5 questions - chance to be the first among readers!",PHISHING,sms_phishing_v1,english,Spam
SMS_03633,Yep. I do like the pink furniture tho.,SAFE,sms_phishing_v1,english,Legitimate
SMS_03634,Free Msg: Ringtone!From: http://tms. widelive.com/index. wml?id=1b6a5ecef91ff9*37819&first=true18:0430-JUL-05,PHISHING,sms_phishing_v1,english,Spam
SMS_03635,"Customer place, i wil cal u sir.",SAFE,sms_phishing_v1,english,Legitimate
SMS_03636,"Oh my god! I've found your number again! I'm so glad, text me back xafter this msgs cst std ntwk chg å£1.50",PHISHING,sms_phishing_v1,english,Spam
SMS_03637,A pure hearted person can have a wonderful smile that makes even his/her enemies to feel guilty for being an enemy.. So catch the world with your smile..:) GOODMORNING &amp; HAVE A SMILEY SUNDAY..:),SAFE,sms_phishing_v1,english,Legitimate
SMS_03638,"THATåÕS ALRITE GIRL, U KNOW GAIL IS NEVA WRONG!!TAKE CARE SWEET AND DONåÕT WORRY.C U L8TR HUN!LOVE Yaxxx",SAFE,sms_phishing_v1,english,Legitimate
SMS_03639,"Theoretically yeah, he could be able to come",SAFE,sms_phishing_v1,english,Legitimate
SMS_03640,"Alright we're hooked up, where you guys at",SAFE,sms_phishing_v1,english,Legitimate
SMS_03641,"not that I know of, most people up here are still out of town",SAFE,sms_phishing_v1,english,Legitimate
SMS_03642,No let me do the math. Your not good at it.,SAFE,sms_phishing_v1,english,Legitimate
SMS_03643,Oh ok wait 4 me there... My lect havent finish,SAFE,sms_phishing_v1,english,Legitimate
SMS_03644,Yeah my usual guy's out of town but there're definitely people around I know,SAFE,sms_phishing_v1,english,Legitimate
SMS_03645,I am joining today formally.Pls keep praying.will talk later.,SAFE,sms_phishing_v1,english,Legitimate
SMS_03646,"Happy or sad , one thing about past is- \Its no more\"" GOOD MORNING :-):-).""",SAFE,sms_phishing_v1,english,Legitimate
SMS_03647,No. Did you multimedia message them or e-mail?,SAFE,sms_phishing_v1,english,Legitimate
SMS_03648,Okie but i scared u say i fat... Then u dun wan me already...,SAFE,sms_phishing_v1,english,Legitimate
SMS_03649,did u get that message,SAFE,sms_phishing_v1,english,Legitimate
SMS_03650,"Sorry sir, i will call you tomorrow.  senthil.hsbc",SAFE,sms_phishing_v1,english,Legitimate
SMS_03651,What you need. You have a person to give na.,SAFE,sms_phishing_v1,english,Legitimate
SMS_03652,She left it very vague. She just said she would inform the person in accounting about the delayed rent and that i should discuss with the housing agency about my renting another place. But checking online now and all places around usc are  &lt;#&gt;  and up,SAFE,sms_phishing_v1,english,Legitimate
SMS_03653,Hi juan. Im coming home on fri hey. Of course i expect a welcome party and lots of presents. Ill phone u when i get back. Loads of love nicky x x x x x x x x x,SAFE,sms_phishing_v1,english,Legitimate
SMS_03654,"Gumby's has a special where a  &lt;#&gt; \ cheese pizza is $2 so I know what we're doin tonight""",SAFE,sms_phishing_v1,english,Legitimate
SMS_03655,A link to your picture has been sent. You can also use http://alto18.co.uk/wave/wave.asp?o=44345,PHISHING,sms_phishing_v1,english,Phishing
SMS_03656,Like a personal sized or what,SAFE,sms_phishing_v1,english,Legitimate
SMS_03657,"Same, I'm at my great aunts anniversary party in tarpon springs",SAFE,sms_phishing_v1,english,Legitimate
SMS_03658,Cab is available.they pick up and drop at door steps.,SAFE,sms_phishing_v1,english,Legitimate
SMS_03659,ok....take care.umma to you too...,SAFE,sms_phishing_v1,english,Legitimate
SMS_03660,Unlimited texts. Limited minutes.,SAFE,sms_phishing_v1,english,Legitimate
SMS_03661,"Double Mins & 1000 txts on Orange tariffs. Latest Motorola, SonyEricsson & Nokia with Bluetooth FREE! Call MobileUpd8 on 08000839402 or call2optout/HF8",PHISHING,sms_phishing_v1,english,Spam
SMS_03662,No problem. We will be spending a lot of quality time together...,SAFE,sms_phishing_v1,english,Legitimate
SMS_03663,URGENT This is our 2nd attempt to contact U. Your å£900 prize from YESTERDAY is still awaiting collection. To claim CALL NOW 09061702893. ACL03530150PM,PHISHING,sms_phishing_v1,english,Phishing
SMS_03664,Have you heard from this week?,SAFE,sms_phishing_v1,english,Legitimate
SMS_03665,Dear Dave this is your final notice to collect your 4* Tenerife Holiday or #5000 CASH award! Call 09061743806 from landline. TCs SAE Box326 CW25WX 150ppm,PHISHING,sms_phishing_v1,english,Spam
SMS_03666,Yes. Last  practice,SAFE,sms_phishing_v1,english,Legitimate
SMS_03667,tells u 2 call 09066358152 to claim å£5000 prize. U have 2 enter all ur mobile & personal details @ the prompts. Careful!,PHISHING,sms_phishing_v1,english,Phishing
SMS_03668,No. Thank you. You've been wonderful,SAFE,sms_phishing_v1,english,Legitimate
SMS_03669,ÌÏ mean it's confirmed... I tot they juz say oni... Ok then...,SAFE,sms_phishing_v1,english,Legitimate
SMS_03670,That depends. How would you like to be treated? :),SAFE,sms_phishing_v1,english,Legitimate
SMS_03671,"Right on brah, see you later",SAFE,sms_phishing_v1,english,Legitimate
SMS_03672,Waiting in e car 4 my mum lor. U leh? Reach home already?,SAFE,sms_phishing_v1,english,Legitimate
SMS_03673,Your 2004 account for 07XXXXXXXXX shows 786 unredeemed points. To claim call 08719181259 Identifier code: XXXXX Expires 26.03.05,PHISHING,sms_phishing_v1,english,Phishing
SMS_03674,Do you want a new video handset? 750 anytime any network mins? Half Price Line Rental? Camcorder? Reply or call 08000930705 for delivery tomorrow,PHISHING,sms_phishing_v1,english,Phishing
SMS_03675,Went fast asleep dear.take care.,SAFE,sms_phishing_v1,english,Legitimate
SMS_03676,No that just means you have a fat head,SAFE,sms_phishing_v1,english,Legitimate
SMS_03677,Sounds like a plan! Cardiff is still here and still cold! I'm sitting on the radiator!,SAFE,sms_phishing_v1,english,Legitimate
SMS_03678,Serious? What like proper tongued her,SAFE,sms_phishing_v1,english,Legitimate
SMS_03679,She.s good. She was wondering if you wont say hi but she.s smiling now. So how are you coping with the long distance,SAFE,sms_phishing_v1,english,Legitimate
SMS_03680,How i noe... She's in da car now... Later then c lar... I'm wearing shorts...,SAFE,sms_phishing_v1,english,Legitimate
SMS_03681,Yeah whatever lol,SAFE,sms_phishing_v1,english,Legitimate
SMS_03682,Ard 530 lor. I ok then message Ì_ lor.,SAFE,sms_phishing_v1,english,Legitimate
SMS_03683,Ok. C u then.,SAFE,sms_phishing_v1,english,Legitimate
SMS_03684,Eh ur laptop got no stock lei... He say mon muz come again to take a look c got a not...,SAFE,sms_phishing_v1,english,Legitimate
SMS_03685,No need to ke qi... ÌÏ too bored izzit y suddenly thk of this...,SAFE,sms_phishing_v1,english,Legitimate
SMS_03686,I wish! I don't think its gonna snow that much. But it will be more than those flurries we usually get that melt before they hit the ground. Eek! We haven't had snow since &lt;#&gt; before I was even born!,SAFE,sms_phishing_v1,english,Legitimate
SMS_03687,FREE>Ringtone! Reply REAL or POLY eg REAL1 1. PushButton 2. DontCha 3. BabyGoodbye 4. GoldDigger 5. WeBeBurnin 1st tone FREE and 6 more when u join for å£3/wk,PHISHING,sms_phishing_v1,english,Spam
SMS_03688,"Oh really? perform, write a paper, go to a movie AND be home by midnight, huh?",SAFE,sms_phishing_v1,english,Legitimate
SMS_03689,Okay lor... Will they still let us go a not ah? Coz they will not know until later. We drop our cards into the box right?,SAFE,sms_phishing_v1,english,Legitimate
SMS_03690,How? Izzit still raining?,SAFE,sms_phishing_v1,english,Legitimate
SMS_03691,As if i wasn't having enough trouble sleeping.,SAFE,sms_phishing_v1,english,Legitimate
SMS_03692,I havent add Ì_ yet right..,SAFE,sms_phishing_v1,english,Legitimate
SMS_03693,Lol ... I really need to remember to eat when I'm drinking but I do appreciate you keeping me company that night babe *smiles*,SAFE,sms_phishing_v1,english,Legitimate
SMS_03694,Babe ? I lost you ... Will you try rebooting ?,SAFE,sms_phishing_v1,english,Legitimate
SMS_03695,Yes. Nigh you cant aha.,SAFE,sms_phishing_v1,english,Legitimate
SMS_03696,I thk Ì_ gotta go home by urself. Cos i'll b going out shopping 4 my frens present.,SAFE,sms_phishing_v1,english,Legitimate
SMS_03697,Nooooooo I'm gonna be bored to death all day. Cable and internet outage.,SAFE,sms_phishing_v1,english,Legitimate
SMS_03698,Sos! Any amount i can get pls.,SAFE,sms_phishing_v1,english,Legitimate
SMS_03699,"Playin space poker, u?",SAFE,sms_phishing_v1,english,Legitimate
SMS_03700,How come guoyang go n tell her? Then u told her?,SAFE,sms_phishing_v1,english,Legitimate
SMS_03701,You need to get up. Now.,SAFE,sms_phishing_v1,english,Legitimate
SMS_03702,They r giving a second chance to rahul dengra.,SAFE,sms_phishing_v1,english,Legitimate
SMS_03703,"Yeah, in fact he just asked if we needed anything like an hour ago. When and how much?",SAFE,sms_phishing_v1,english,Legitimate
SMS_03704,WHEN THE FIRST STRIKE IS A RED ONE. THE BIRD + ANTELOPE BEGIN TOPLAY IN THE FIELDOF SELFINDEPENDENCE BELIEVE THIS + THE FLOWER OF CONTENTION WILL GROW.RANDOM!,SAFE,sms_phishing_v1,english,Legitimate
SMS_03705,Y Ì_ wan to go there? C doctor?,SAFE,sms_phishing_v1,english,Legitimate
SMS_03706,Does daddy have a bb now.,SAFE,sms_phishing_v1,english,Legitimate
SMS_03707,"Free Msg: get Gnarls Barkleys \Crazy\"" ringtone TOTALLY FREE just reply GO to this message right now!""",PHISHING,sms_phishing_v1,english,Spam
SMS_03708,She's borderline but yeah whatever.,SAFE,sms_phishing_v1,english,Legitimate
SMS_03709,"Until 545 lor... Ya, can go 4 dinner together...",SAFE,sms_phishing_v1,english,Legitimate
SMS_03710,I will be gentle princess! We will make sweet gentle love...,SAFE,sms_phishing_v1,english,Legitimate
SMS_03711,How u doin baby girl ?? hope u are okay every time I call ure phone is off! I miss u get in touch,SAFE,sms_phishing_v1,english,Legitimate
SMS_03712,"Sorry, went to bed early, nightnight",SAFE,sms_phishing_v1,english,Legitimate
SMS_03713,I like to think there's always the possibility of being in a pub later.,SAFE,sms_phishing_v1,english,Legitimate
SMS_03714,HMM yeah if your not too grooved out! And im looking forward to my pound special :),SAFE,sms_phishing_v1,english,Legitimate
SMS_03715,I got to video tape pple type in message lor. U so free wan 2 help me? Hee... Cos i noe u wan 2 watch infernal affairs so ask u along. Asking shuhui oso.,SAFE,sms_phishing_v1,english,Legitimate
SMS_03716,Hi dude hw r u da realy mising u today,SAFE,sms_phishing_v1,english,Legitimate
SMS_03717,Me hungry buy some food good lei... But mum n yun dun wan juz buy a little bit...,SAFE,sms_phishing_v1,english,Legitimate
SMS_03718,Refused a loan? Secured or Unsecured? Can't get credit? Call free now 0800 195 6669 or text back 'help' & we will!,PHISHING,sms_phishing_v1,english,Spam
SMS_03719,I probably won't eat at all today. I think I'm gonna pop. How was your weekend? Did u miss me?,SAFE,sms_phishing_v1,english,Legitimate
SMS_03720,I knew it... U slept v late yest? Wake up so late...,SAFE,sms_phishing_v1,english,Legitimate
SMS_03721,Haha... dont be angry with yourself... Take it as a practice for the real thing. =),SAFE,sms_phishing_v1,english,Legitimate
SMS_03722,Where is that one day training:-),SAFE,sms_phishing_v1,english,Legitimate
SMS_03723,So i could kiss and feel you next to me...,SAFE,sms_phishing_v1,english,Legitimate
SMS_03724,Have a nice day my dear.,SAFE,sms_phishing_v1,english,Legitimate
SMS_03725,I sent lanre fakeye's Eckankar details to the mail box,SAFE,sms_phishing_v1,english,Legitimate
SMS_03726,Your dad is back in ph?,SAFE,sms_phishing_v1,english,Legitimate
SMS_03727,"You have been specially selected to receive a \3000 award! Call 08712402050 BEFORE the lines close. Cost 10ppm. 16+. T&Cs apply. AG Promo""",PHISHING,sms_phishing_v1,english,Spam
SMS_03728,If you ask her or she say any please message.,SAFE,sms_phishing_v1,english,Legitimate
SMS_03729,"If e timing can, then i go w u lor...",SAFE,sms_phishing_v1,english,Legitimate
SMS_03730,I was just callin to say hi. Take care bruv!,SAFE,sms_phishing_v1,english,Legitimate
SMS_03731,YOU HAVE WON! As a valued Vodafone customer our computer has picked YOU to win a å£150 prize. To collect is easy. Just call 09061743386,PHISHING,sms_phishing_v1,english,Phishing
SMS_03732,Did u turn on the heater? The heater was on and set to &lt;#&gt; degrees.,SAFE,sms_phishing_v1,english,Legitimate
SMS_03733,Thanks for your message. I really appreciate your sacrifice. I'm not sure of the process of direct pay but will find out on my way back from the test tomorrow. I'm in class now. Do have a wonderful day.,SAFE,sms_phishing_v1,english,Legitimate
SMS_03734,"That's the trouble with classes that go well - you're due a dodgey one Û_ Expecting mine tomo! See you for recovery, same time, same place",SAFE,sms_phishing_v1,english,Legitimate
SMS_03735,Free video camera phones with Half Price line rental for 12 mths and 500 cross ntwk mins 100 txts. Call MobileUpd8 08001950382 or Call2OptOut/674&,PHISHING,sms_phishing_v1,english,Spam
SMS_03736,WOT U UP 2 J?,SAFE,sms_phishing_v1,english,Legitimate
SMS_03737,"Night night, see you tomorrow",SAFE,sms_phishing_v1,english,Legitimate
SMS_03738,Roger that. WeÛ÷re probably going to rem in about 20,SAFE,sms_phishing_v1,english,Legitimate
SMS_03739,do u think that any girl will propose u today by seing ur bloody funky shit fucking face...............asssssholeeee................,SAFE,sms_phishing_v1,english,Legitimate
SMS_03740,I wish u were here. I feel so alone,SAFE,sms_phishing_v1,english,Legitimate
SMS_03741,Reason is if the team budget is available at last they buy the unsold players for at base rate..,SAFE,sms_phishing_v1,english,Legitimate
SMS_03742,CERI U REBEL! SWEET DREAMZ ME LITTLE BUDDY!! C YA 2MORO! WHO NEEDS BLOKES,SAFE,sms_phishing_v1,english,Legitimate
SMS_03743,ringtoneking 84484,PHISHING,sms_phishing_v1,english,Spam
SMS_03744,Huh i cant thk of more oredi how many pages do we have?,SAFE,sms_phishing_v1,english,Legitimate
SMS_03745,His frens go then he in lor. Not alone wif my mum n sis lor.,SAFE,sms_phishing_v1,english,Legitimate
SMS_03746,Nationwide auto centre (or something like that) on Newport road. I liked them there,SAFE,sms_phishing_v1,english,Legitimate
SMS_03747,"Hey, I missed you tm of last night as my phone was on the charge ... *smiles* ... I am meeting a friend shortly",SAFE,sms_phishing_v1,english,Legitimate
SMS_03748,"Whatever, juliana. Do whatever you want.",SAFE,sms_phishing_v1,english,Legitimate
SMS_03749,Ringtone Club: Gr8 new polys direct to your mobile every week !,PHISHING,sms_phishing_v1,english,Spam
SMS_03750,"Hello. Sort of out in town already. That . So dont rush home, I am eating nachos. Will let you know eta.",SAFE,sms_phishing_v1,english,Legitimate
SMS_03751,Ok lor. Anyway i thk we cant get tickets now cos like quite late already. U wan 2 go look 4 ur frens a not? Darren is wif them now...,SAFE,sms_phishing_v1,english,Legitimate
SMS_03752,(Bank of Granite issues Strong-Buy) EXPLOSIVE PICK FOR OUR MEMBERS *****UP OVER 300% *********** Nasdaq Symbol CDGT That is a $5.00 per..,PHISHING,sms_phishing_v1,english,Phishing
SMS_03753,"Dizzamn, aight I'll ask my suitemates when I get back",SAFE,sms_phishing_v1,english,Legitimate
SMS_03754,"Nimbomsons. Yep phone knows that one. Obviously, cos thats a real word",SAFE,sms_phishing_v1,english,Legitimate
SMS_03755,I love to cuddle! I want to hold you in my strong arms right now...,SAFE,sms_phishing_v1,english,Legitimate
SMS_03756,R u in this continent?,SAFE,sms_phishing_v1,english,Legitimate
SMS_03757,We'll you pay over like  &lt;#&gt; yrs so its not too difficult,SAFE,sms_phishing_v1,english,Legitimate
SMS_03758,Bored housewives! Chat n date now! 0871750.77.11! BT-national rate 10p/min only from landlines!,PHISHING,sms_phishing_v1,english,Spam
SMS_03759,We tried to call you re your reply to our sms for a video mobile 750 mins UNLIMITED TEXT free camcorder Reply or call now 08000930705 Del Thurs,PHISHING,sms_phishing_v1,english,Spam
SMS_03760,K...k...when will you give treat?,SAFE,sms_phishing_v1,english,Legitimate
SMS_03761,"This is the 2nd time we have tried to contact u. U have won the å£400 prize. 2 claim is easy, just call 087104711148 NOW! Only 10p per minute. BT-national-rate",PHISHING,sms_phishing_v1,english,Phishing
SMS_03762,He's just gonna worry for nothing. And he won't give you money its no use.,SAFE,sms_phishing_v1,english,Legitimate
SMS_03763,Did you get any gift? This year i didnt get anything. So bad,SAFE,sms_phishing_v1,english,Legitimate
SMS_03764,Well there's a pattern emerging of my friends telling me to drive up and come smoke with them and then telling me that I'm a weed fiend/make them smoke too much/impede their doing other things so you see how I'm hesitant,SAFE,sms_phishing_v1,english,Legitimate
SMS_03765,", ow u dey.i paid 60,400thousad.i told  u would call .",SAFE,sms_phishing_v1,english,Legitimate
SMS_03766,IM FINE BABES AINT BEEN UP 2 MUCH THO! SAW SCARY MOVIE YEST ITS QUITE FUNNY! WANT 2MRW AFTERNOON? AT TOWN OR MALL OR SUMTHIN?xx,SAFE,sms_phishing_v1,english,Legitimate
SMS_03767,I'm reaching home in 5 min.,SAFE,sms_phishing_v1,english,Legitimate
SMS_03768,"Forgot you were working today! Wanna chat, but things are ok so drop me a text when you're free / bored etc and i'll ring. Hope all is well, nose essay and all xx",SAFE,sms_phishing_v1,english,Legitimate
SMS_03769,Ha... Then we must walk to everywhere... Cannot take tram. My cousin said can walk to vic market from our hotel,SAFE,sms_phishing_v1,english,Legitimate
SMS_03770,Discussed with your mother ah?,SAFE,sms_phishing_v1,english,Legitimate
SMS_03771,"Sorry, I can't text &amp; drive coherently, see you in twenty",SAFE,sms_phishing_v1,english,Legitimate
SMS_03772,You will be receiving this week's Triple Echo ringtone shortly. Enjoy it!,PHISHING,sms_phishing_v1,english,Spam
SMS_03773,In which place i can get rooms cheap:-),SAFE,sms_phishing_v1,english,Legitimate
SMS_03774,Eek that's a lot of time especially since American Pie is like 8 minutes long. I can't stop singing it.,SAFE,sms_phishing_v1,english,Legitimate
SMS_03775,"\GRAN ONLYFOUND OUT AFEW DAYS AGO.CUSOON HONI\""""",SAFE,sms_phishing_v1,english,Legitimate
SMS_03776,"U've been selected to stay in 1 of 250 top British hotels - FOR NOTHING! Holiday valued at å£350! Dial 08712300220 to claim - National Rate Call. Bx526, SW73SS",PHISHING,sms_phishing_v1,english,Phishing
SMS_03777,University of southern california.,SAFE,sms_phishing_v1,english,Legitimate
SMS_03778,We have to pick rayan macleran there.,SAFE,sms_phishing_v1,english,Legitimate
SMS_03779,U gd lor go shopping i got stuff to do. U wan 2 watch infernal affairs a not? Come lar...,SAFE,sms_phishing_v1,english,Legitimate
SMS_03780,Well. Balls. Time to make calls,SAFE,sms_phishing_v1,english,Legitimate
SMS_03781,Wat time Ì_ wan today?,SAFE,sms_phishing_v1,english,Legitimate
SMS_03782,&lt;#&gt;  in mca. But not conform.,SAFE,sms_phishing_v1,english,Legitimate
SMS_03783,Oh ok.. Wat's ur email?,SAFE,sms_phishing_v1,english,Legitimate
SMS_03784,"Yes, princess. Are you going to make me moan?",SAFE,sms_phishing_v1,english,Legitimate
SMS_03785,Lol its ok I didn't remember til last nite,SAFE,sms_phishing_v1,english,Legitimate
SMS_03786,"[Û_] anyway, many good evenings to u! s",SAFE,sms_phishing_v1,english,Legitimate
SMS_03787,"Cool, I'll text you in a few",SAFE,sms_phishing_v1,english,Legitimate
SMS_03788,"Sorry vikky, i'm Watching olave mandara movie kano in trishul theatre wit my frnds..",SAFE,sms_phishing_v1,english,Legitimate
SMS_03789,I'm very happy for you babe ! Woo hoo party on dude!,SAFE,sms_phishing_v1,english,Legitimate
SMS_03790,I am taking you for italian food. How about a pretty dress with no panties? :),SAFE,sms_phishing_v1,english,Legitimate
SMS_03791,Wot u up 2? Thout u were gonna call me!! Txt bak luv K,SAFE,sms_phishing_v1,english,Legitimate
SMS_03792,YOU ARE CHOSEN TO RECEIVE A å£350 AWARD! Pls call claim number 09066364311 to collect your award which you are selected to receive as a valued mobile customer.,PHISHING,sms_phishing_v1,english,Phishing
SMS_03793,How are you holding up?,SAFE,sms_phishing_v1,english,Legitimate
SMS_03794,Dont flatter yourself... Tell that man of mine two pints of carlin in ten minutes please....,SAFE,sms_phishing_v1,english,Legitimate
SMS_03795,Hope you are not scared!,SAFE,sms_phishing_v1,english,Legitimate
SMS_03796,I'm at home n ready...,SAFE,sms_phishing_v1,english,Legitimate
SMS_03797,What time do u get out?,SAFE,sms_phishing_v1,english,Legitimate
SMS_03798,I am literally in bed and have been up for like  &lt;#&gt;  hours,SAFE,sms_phishing_v1,english,Legitimate
SMS_03799,"Yes, my reg is  Ciao!",SAFE,sms_phishing_v1,english,Legitimate
SMS_03800,If You mean the website. Yes.,SAFE,sms_phishing_v1,english,Legitimate
SMS_03801,Win a å£1000 cash prize or a prize worth å£5000,PHISHING,sms_phishing_v1,english,Phishing
SMS_03802,"Thanks for your ringtone order, reference number X49.Your mobile will be charged 4.50. Should your tone not arrive please call customer services 09065989182",PHISHING,sms_phishing_v1,english,Spam
SMS_03803,Lol or I could just starve and lose a pound by the end of the day.,SAFE,sms_phishing_v1,english,Legitimate
SMS_03804,Yeah that's the impression I got,SAFE,sms_phishing_v1,english,Legitimate
SMS_03805,Ok ok take care. I can understand.,SAFE,sms_phishing_v1,english,Legitimate
SMS_03806,"Motivate Behind every darkness, there is a shining light waiting for you to find it... Behind every best friend, there is always trust and love... BSLVYL",SAFE,sms_phishing_v1,english,Legitimate
SMS_03807,"Ya ok, then had dinner?",SAFE,sms_phishing_v1,english,Legitimate
SMS_03808,I was slept that time.you there?,SAFE,sms_phishing_v1,english,Legitimate
SMS_03809,dont make ne plans for nxt wknd coz she wants us to come down then ok,SAFE,sms_phishing_v1,english,Legitimate
SMS_03810,When is school starting. Where will you stay. What's the weather like. And the food. Do you have a social support system like friends in the school. All these things are important.,SAFE,sms_phishing_v1,english,Legitimate
SMS_03811,"Ha ha nan yalrigu heltini..Iyo kothi chikku, u shared many things wit me..so far i didn't told any body and even uttered a word abt u.. If ur trusting me so much how can i tell these to others.. Plz nxt time dont use those words to me..ok, chikku:-);-)B-)",SAFE,sms_phishing_v1,english,Legitimate
SMS_03812,Noice. Text me when you're here,SAFE,sms_phishing_v1,english,Legitimate
SMS_03813,Hi di is yijue we're meeting at 7 pm at esaplanade tonight.,SAFE,sms_phishing_v1,english,Legitimate
SMS_03814,Moby Pub Quiz.Win a å£100 High Street prize if u know who the new Duchess of Cornwall will be? Txt her first name to 82277.unsub STOP å£1.50 008704050406 SP,PHISHING,sms_phishing_v1,english,Phishing
SMS_03815,"This weeks SavaMob member offers are now accessible. Just call 08709501522 for details! SavaMob, POBOX 139, LA3 2WU. Only å£1.50/week. SavaMob - offers mobile!",PHISHING,sms_phishing_v1,english,Spam
SMS_03816,"Aight I've been set free, think you could text me blake's address? It occurs to me I'm not quite as sure what I'm doing as I thought I was",SAFE,sms_phishing_v1,english,Legitimate
SMS_03817,Hi dear we saw dear. We both are happy. Where you my battery is low,SAFE,sms_phishing_v1,english,Legitimate
SMS_03818,How are you. Its been ages. How's abj,SAFE,sms_phishing_v1,english,Legitimate
SMS_03819,Prof: you have passed in all the papers in this sem congrats . . . . Student: Enna kalaachutaarama..!! Prof:???? Gud mrng!,SAFE,sms_phishing_v1,english,Legitimate
SMS_03820,Dont kick coco when he's down,SAFE,sms_phishing_v1,english,Legitimate
SMS_03821,Fyi I'm gonna call you sporadically starting at like  &lt;#&gt;  bc we are not not doin this shit,SAFE,sms_phishing_v1,english,Legitimate
SMS_03822,"You are being contacted by our Dating Service by someone you know! To find out who it is, call from your mobile or landline 09064017305 PoBox75LDNS7",PHISHING,sms_phishing_v1,english,Spam
SMS_03823,TBS/PERSOLVO. been chasing us since Sept forå£38 definitely not paying now thanks to your information. We will ignore them. Kath. Manchester.,PHISHING,sms_phishing_v1,english,Spam
SMS_03824,Hope youåÕre not having too much fun without me!! see u tomorrow love jess x,SAFE,sms_phishing_v1,english,Legitimate
SMS_03825,Ok i wont call or disturb any one. I know all are avoiding me. I am a burden for all,SAFE,sms_phishing_v1,english,Legitimate
SMS_03826,I've reached home n i bathe liao... U can call me now...,SAFE,sms_phishing_v1,english,Legitimate
SMS_03827,Loans for any purpose even if you have Bad Credit! Tenants Welcome. Call NoWorriesLoans.com on 08717111821,PHISHING,sms_phishing_v1,english,Spam
SMS_03828,Was the actual exam harder than NBME,SAFE,sms_phishing_v1,english,Legitimate
SMS_03829,A lot of this sickness thing going round. Take it easy. Hope u feel better soon. Lol,SAFE,sms_phishing_v1,english,Legitimate
SMS_03830,87077: Kick off a new season with 2wks FREE goals & news to ur mobile! Txt ur club name to 87077 eg VILLA to 87077,PHISHING,sms_phishing_v1,english,Spam
SMS_03831,Hey sathya till now we dint meet not even a single time then how can i saw the situation sathya.,SAFE,sms_phishing_v1,english,Legitimate
SMS_03832,Gam gone after outstanding innings.,SAFE,sms_phishing_v1,english,Legitimate
SMS_03833,O i played smash bros  &lt;#&gt;  religiously.,SAFE,sms_phishing_v1,english,Legitimate
SMS_03834,"Sir, good morning. Hope you had a good weekend. I called to let you know that i was able to raise  &lt;#&gt;  from my dad. He however said he would make the rest available by mid feb. This amount is still quite short and i was hoping you would help. Do have a good day. Abiola",SAFE,sms_phishing_v1,english,Legitimate
SMS_03835,Hurry home. Soup is DONE!,SAFE,sms_phishing_v1,english,Legitimate
SMS_03836,"Good afternoon, my love. It was good to see your words on YM and get your tm. Very smart move, my slave ... *smiles* ... I drink my coffee and await you.",SAFE,sms_phishing_v1,english,Legitimate
SMS_03837,Quite ok but a bit ex... U better go eat smth now else i'll feel guilty...,SAFE,sms_phishing_v1,english,Legitimate
SMS_03838,"Orange brings you ringtones from all time Chart Heroes, with a free hit each week! Go to Ringtones & Pics on wap. To stop receiving these tips reply STOP.",PHISHING,sms_phishing_v1,english,Spam
SMS_03839,Lemme know when you're here,SAFE,sms_phishing_v1,english,Legitimate
SMS_03840,PRIVATE! Your 2003 Account Statement for 07973788240 shows 800 un-redeemed S. I. M. points. Call 08715203649 Identifier Code: 40533 Expires 31/10/04,PHISHING,sms_phishing_v1,english,Phishing
SMS_03841,He needs to stop going to bed and make with the fucking dealing,SAFE,sms_phishing_v1,english,Legitimate
SMS_03842,"How are you, my Love ? Are you with your brother ? Time to talk english with him ? *grins* Say : Hey Muhommad, Penny says hello from across the sea",SAFE,sms_phishing_v1,english,Legitimate
SMS_03843,We tried to call you re your reply to our sms for a video mobile 750 mins UNLIMITED TEXT + free camcorder Reply of call 08000930705 Now,PHISHING,sms_phishing_v1,english,Spam
SMS_03844,"Hey doc pls I want to get nice t shirt for my hubby nice fiting ones my budget is  &lt;#&gt; k help pls I will load d card abi hw,keep me posted luv. 2 mj",SAFE,sms_phishing_v1,english,Legitimate
SMS_03845,I remain unconvinced that this isn't an elaborate test of my willpower,SAFE,sms_phishing_v1,english,Legitimate
SMS_03846,"\Life is nothing wen v get everything\"". But \""life is everything wen v miss something \"". Real value of people wil be realized only in their absence.... gud mrng""",SAFE,sms_phishing_v1,english,Legitimate
SMS_03847,how are you? I miss you!,SAFE,sms_phishing_v1,english,Legitimate
SMS_03848,I ain't answerin no phone at what is actually a pretty reasonable hour but I'm sleepy,SAFE,sms_phishing_v1,english,Legitimate
SMS_03849,"Hey , is * rite u put åÈ10 evey mnth is that all?",SAFE,sms_phishing_v1,english,Legitimate
SMS_03850,i am going to bed now prin,SAFE,sms_phishing_v1,english,Legitimate
SMS_03851,I think just yourself Û_Thanks and see you tomo,SAFE,sms_phishing_v1,english,Legitimate
SMS_03852,If u dun drive then how i go 2 sch.,SAFE,sms_phishing_v1,english,Legitimate
SMS_03853,I not at home now lei...,SAFE,sms_phishing_v1,english,Legitimate
SMS_03854,GSOH? Good with SPAM the ladies?U could b a male gigolo? 2 join the uk's fastest growing mens club reply ONCALL. mjzgroup. 08714342399.2stop reply STOP. msg@å£1.50rcvd,PHISHING,sms_phishing_v1,english,Spam
SMS_03855,Do u hav any frnd by name ashwini in ur college?,SAFE,sms_phishing_v1,english,Legitimate
SMS_03856,Jus finish my lunch on my way home lor... I tot u dun wan 2 stay in sch today...,SAFE,sms_phishing_v1,english,Legitimate
SMS_03857,K then 2marrow are you coming to class.,SAFE,sms_phishing_v1,english,Legitimate
SMS_03858,"HOT LIVE FANTASIES call now 08707500020 Just 20p per min NTT Ltd, PO Box 1327 Croydon CR9 5WB 0870 is a national rate call",PHISHING,sms_phishing_v1,english,Spam
SMS_03859,Pls send me your address sir.,SAFE,sms_phishing_v1,english,Legitimate
SMS_03860,I want to lick your pussy now...,SAFE,sms_phishing_v1,english,Legitimate
SMS_03861,"Yo, you gonna still be in stock tomorrow/today? I'm trying to get a dubsack",SAFE,sms_phishing_v1,english,Legitimate
SMS_03862,URGENT! Your Mobile number has been awarded a <UKP>2000 prize GUARANTEED. Call 09061790125 from landline. Claim 3030. Valid 12hrs only 150ppm,PHISHING,sms_phishing_v1,english,Phishing
SMS_03863,"I'll see, but prolly yeah",SAFE,sms_phishing_v1,english,Legitimate
SMS_03864,Thought we could go out for dinner. I'll treat you! Seem ok?,SAFE,sms_phishing_v1,english,Legitimate
SMS_03865,Where are you ? What do you do ? How can you stand to be away from me ? Doesn't your heart ache without me ? Don't you wonder of me ? Don't you crave me ?,SAFE,sms_phishing_v1,english,Legitimate
SMS_03866,Sorry. You never hear unless you book it. One was kinda a joke--thet were really looking for skinny white girls. The other was one line--you can only do so much on camera with that. Something like that they're casting on the look.,SAFE,sms_phishing_v1,english,Legitimate
SMS_03867,"Sure thing big man. i have hockey elections at 6, shouldnÛ÷t go on longer than an hour though",SAFE,sms_phishing_v1,english,Legitimate
SMS_03868,Watch lor. I saw a few swatch one i thk quite ok. Ard 116 but i need 2nd opinion leh...,SAFE,sms_phishing_v1,english,Legitimate
SMS_03869,Hiya do u like the hlday pics looked horrible in them so took mo out! Hows the camp Amrca thing? Speak soon Serena:),SAFE,sms_phishing_v1,english,Legitimate
SMS_03870,"Babe! How goes that day ? What are you up to ? I miss you already, my Love ... * loving kiss* ... I hope everything goes well.",SAFE,sms_phishing_v1,english,Legitimate
SMS_03871,Yunny... I'm goin to be late,SAFE,sms_phishing_v1,english,Legitimate
SMS_03872,Doc prescribed me morphine cause the other pain meds aren't enough. Waiting for my mom to bring it. That med should kick in fast so I'm gonna try to be on later,SAFE,sms_phishing_v1,english,Legitimate
SMS_03873,"Cool, want me to go to kappa or should I meet you outside mu",SAFE,sms_phishing_v1,english,Legitimate
SMS_03874,"Hey sexy buns ! Have I told you ? I adore you, loverboy. I hope you remember to thank your sister in law for those meatballs *grins* ... i love you, babe",SAFE,sms_phishing_v1,english,Legitimate
SMS_03875,May b approve panalam...but it should have more posts..,SAFE,sms_phishing_v1,english,Legitimate
SMS_03876,"SPJanuary Male Sale! Hot Gay chat now cheaper, call 08709222922. National rate from 1.5p/min cheap to 7.8p/min peak! To stop texts call 08712460324 (10p/min)",PHISHING,sms_phishing_v1,english,Spam
SMS_03877,Me i'm not workin. Once i get job...,SAFE,sms_phishing_v1,english,Legitimate
SMS_03878,And by when you're done I mean now,SAFE,sms_phishing_v1,english,Legitimate
SMS_03879,"\Its Ur luck to Love someone. Its Ur fortune to Love the one who Loves U. But  its a miracle to Love a person who can't Love anyone except U...\"" Gud nyt...""",SAFE,sms_phishing_v1,english,Legitimate
SMS_03880,Hi baby ive just got back from work and i was wanting to see u allday! I hope i didnt piss u off on the phone today. If u are up give me a call xxx,SAFE,sms_phishing_v1,english,Legitimate
SMS_03881,FreeMsg Today's the day if you are ready! I'm horny & live in your town. I love sex fun & games! Netcollex Ltd 08700621170150p per msg reply Stop to end,PHISHING,sms_phishing_v1,english,Spam
SMS_03882,Is it your yahoo boys that bring in the perf? Or legal.,SAFE,sms_phishing_v1,english,Legitimate
SMS_03883,No need to say anything to me. I know i am an outsider,SAFE,sms_phishing_v1,english,Legitimate
SMS_03884,have you ever had one foot before?,SAFE,sms_phishing_v1,english,Legitimate
SMS_03885,Just got to  &lt;#&gt;,SAFE,sms_phishing_v1,english,Legitimate
SMS_03886,"Good! No, donÛ÷t need any receiptsÛÓwell done! (Û_) Yes, please tell . WhatÛ÷s her number, i could ring her",SAFE,sms_phishing_v1,english,Legitimate
SMS_03887,Leave it wif me lar... ÌÏ wan to carry meh so heavy... Is da num 98321561 familiar to Ì_?,SAFE,sms_phishing_v1,english,Legitimate
SMS_03888,Beautiful truth : Expression of the face could Be seen by everyone... But the depression of heart Could be understood only By the Loved ones.. Gud Ni8;-),SAFE,sms_phishing_v1,english,Legitimate
SMS_03889,Infact happy new year. How are you where are you when are we seeing,SAFE,sms_phishing_v1,english,Legitimate
SMS_03890,"In The Simpsons Movie released in July 2007 name the band that died at the start of the film? A-Green Day, B-Blue Day, C-Red Day. (Send A, B or C)",PHISHING,sms_phishing_v1,english,Spam
SMS_03891,That's a shame! Maybe cld meet for few hrs tomo?,SAFE,sms_phishing_v1,english,Legitimate
SMS_03892,Lol I would but despite these cramps I like being a girl.,SAFE,sms_phishing_v1,english,Legitimate
SMS_03893,I canåÕt wait for cornwall. Hope tonight isnåÕt too bad as well but itåÕs rock night shite. Anyway iåÕm going for a kip now have a good night. Speak to you soon.,SAFE,sms_phishing_v1,english,Legitimate
SMS_03894,Pls help me tell sura that i'm expecting a battery from hont. And that if should pls send me a message about how to download movies. Thanks,SAFE,sms_phishing_v1,english,Legitimate
SMS_03895,Please call Amanda with regard to renewing or upgrading your current T-Mobile handset free of charge. Offer ends today. Tel 0845 021 3680 subject to T's and C's,PHISHING,sms_phishing_v1,english,Spam
SMS_03896,"Haven't found a way to get another app for your phone, eh ? Will you go to the net cafe ? Did you take that job? Geeee I need you babe. I crave to see you ...",SAFE,sms_phishing_v1,english,Legitimate
SMS_03897,I only work from mon to thurs but Sat i cant leh... Booked liao... Which other day u free?,SAFE,sms_phishing_v1,english,Legitimate
SMS_03898,ÌÏ comin to fetch us oredi...,SAFE,sms_phishing_v1,english,Legitimate
SMS_03899,What's nannys address?,SAFE,sms_phishing_v1,english,Legitimate
SMS_03900,Haf u eaten? Wat time u wan me 2 come?,SAFE,sms_phishing_v1,english,Legitimate
SMS_03901,Want a new Video Phone? 750 anytime any network mins? Half price line rental free text for 3 months? Reply or call 08000930705 for free delivery,PHISHING,sms_phishing_v1,english,Phishing
SMS_03902,"Yo, call me when you get the chance, a friend of mine wanted me to ask you about a big order",SAFE,sms_phishing_v1,english,Legitimate
SMS_03903,This single single answers are we fighting? Plus i said am broke and you didnt reply,SAFE,sms_phishing_v1,english,Legitimate
SMS_03904,It certainly puts things into perspective when something like this happens,SAFE,sms_phishing_v1,english,Legitimate
SMS_03905,Now got tv 2 watch meh? U no work today?,SAFE,sms_phishing_v1,english,Legitimate
SMS_03906,i felt so...not any conveying reason.. Ese he... What about me?,SAFE,sms_phishing_v1,english,Legitimate
SMS_03907,How's it going? Got any exciting karaoke type activities planned? I'm debating whether to play football this eve. Feeling lazy though.,SAFE,sms_phishing_v1,english,Legitimate
SMS_03908,I told that am coming on wednesday.,SAFE,sms_phishing_v1,english,Legitimate
SMS_03909,"Its ok, called mom instead have fun",SAFE,sms_phishing_v1,english,Legitimate
SMS_03910,"Dear Voucher Holder, To claim this weeks offer, at your PC please go to http://www.wtlp.co.uk/text. Ts&Cs apply.",PHISHING,sms_phishing_v1,english,Phishing
SMS_03911,Well if I'm that desperate I'll just call armand again,SAFE,sms_phishing_v1,english,Legitimate
SMS_03912,Are you at work right now ?,SAFE,sms_phishing_v1,english,Legitimate
SMS_03913,Haven't heard anything and he's not answering my texts so I'm guessing he flaked. That said the jb is fantastic,SAFE,sms_phishing_v1,english,Legitimate
SMS_03914,"Mmmmmm ... I love you,so much, Ahmad ... I can't wait for this year to begin as every second takes me closer to being at your side. Happy New Year, my love!!",SAFE,sms_phishing_v1,english,Legitimate
SMS_03915,Pls what's the full name of joke's school cos fees in university of florida seem to actually be  &lt;#&gt; k. Pls holla back,SAFE,sms_phishing_v1,english,Legitimate
SMS_03916,Ok... But they said i've got wisdom teeth hidden inside n mayb need 2 remove.,SAFE,sms_phishing_v1,english,Legitimate
SMS_03917,And pls pls drink plenty plenty water,SAFE,sms_phishing_v1,english,Legitimate
SMS_03918,How are you doing. How's the queen. Are you going for the royal wedding,SAFE,sms_phishing_v1,english,Legitimate
SMS_03919,He's in lag. That's just the sad part but we keep in touch thanks to skype,SAFE,sms_phishing_v1,english,Legitimate
SMS_03920,Ok lor then we go tog lor...,SAFE,sms_phishing_v1,english,Legitimate
SMS_03921,Two teams waiting for some players,SAFE,sms_phishing_v1,english,Legitimate
SMS_03922,Can Ì_ send me a copy of da report?,SAFE,sms_phishing_v1,english,Legitimate
SMS_03923,"swhrt how u dey,hope ur ok, tot about u 2day.love n miss.take care.",SAFE,sms_phishing_v1,english,Legitimate
SMS_03924,"Ok da, i already planned. I wil pick you.",SAFE,sms_phishing_v1,english,Legitimate
SMS_03925,"Urgent! Please call 0906346330. Your ABTA complimentary 4* Spanish Holiday or å£10,000 cash await collection SAE T&Cs BOX 47 PO19 2EZ 150ppm 18+",PHISHING,sms_phishing_v1,english,Phishing
SMS_03926,I just really need shit before tomorrow and I know you won't be awake before like 6,SAFE,sms_phishing_v1,english,Legitimate
SMS_03927,I'm good. Have you registered to vote?,SAFE,sms_phishing_v1,english,Legitimate
SMS_03928,"Hmm ok, i'll stay for like an hour cos my eye is really sore!",SAFE,sms_phishing_v1,english,Legitimate
SMS_03929,Dear got bus directly to calicut,SAFE,sms_phishing_v1,english,Legitimate
SMS_03930,Mm umma ask vava also to come tell him can play later together,SAFE,sms_phishing_v1,english,Legitimate
SMS_03931,"Well the general price is  &lt;#&gt; /oz, let me know if/when/how much you want",SAFE,sms_phishing_v1,english,Legitimate
SMS_03932,"Each Moment in a day,has its own value-Morning brings hope,afternoon brings faith,Evening brings luv,Night brings rest,Wish u find them all today.Good Morning",SAFE,sms_phishing_v1,english,Legitimate
SMS_03933,&lt;#&gt;  w jetton ave if you forgot,SAFE,sms_phishing_v1,english,Legitimate
SMS_03934,Ok i'm coming home now.,SAFE,sms_phishing_v1,english,Legitimate
SMS_03935,Can not use foreign stamps in this country.,SAFE,sms_phishing_v1,english,Legitimate
SMS_03936,"Sorry, it's a lot of friend-of-a-friend stuff, I'm just now about to talk to the actual guy who wants to buy",SAFE,sms_phishing_v1,english,Legitimate
SMS_03937,"cmon babe, make me horny, *turn* me on! Txt me your fantasy now babe -) Im hot, sticky and need you now. All replies cost å£1.50. 2 cancel send STOP",PHISHING,sms_phishing_v1,english,Spam
SMS_03938,Wylie update: my weed dealer carlos went to freedom and had a class with lunsford,SAFE,sms_phishing_v1,english,Legitimate
SMS_03939,Are you happy baby ? Are you alright ? Did you take that job ? I hope your fine. I send you a kiss to make you smile from across the sea ... *kiss* *kiss*,SAFE,sms_phishing_v1,english,Legitimate
SMS_03940,C movie is juz last minute decision mah. Juz watch 2 lar but i tot Ì_ not interested.,SAFE,sms_phishing_v1,english,Legitimate
SMS_03941,How are you enjoying this semester? Take care brother.,SAFE,sms_phishing_v1,english,Legitimate
SMS_03942,IMPORTANT INFORMATION 4 ORANGE USER 0796XXXXXX. TODAY IS UR LUCKY DAY!2 FIND OUT WHY LOG ONTO http://www.urawinner.com THERE'S A FANTASTIC PRIZEAWAITING YOU!,PHISHING,sms_phishing_v1,english,Phishing
SMS_03943,"Get the door, I'm here",SAFE,sms_phishing_v1,english,Legitimate
SMS_03944,"Lets use it next week, princess :)",SAFE,sms_phishing_v1,english,Legitimate
SMS_03945,Or i go home first lar Ì_ wait 4 me lor.. I put down my stuff first..,SAFE,sms_phishing_v1,english,Legitimate
SMS_03946,I want kfc its Tuesday. Only buy 2 meals ONLY 2. No gravy. Only 2 Mark. 2!,SAFE,sms_phishing_v1,english,Legitimate
SMS_03947,No da:)he is stupid da..always sending like this:)don believe any of those message.pandy is a mental:),SAFE,sms_phishing_v1,english,Legitimate
SMS_03948,Oi when you gonna ring,SAFE,sms_phishing_v1,english,Legitimate
SMS_03949,Missed call alert. These numbers called but left no message. 07008009200,PHISHING,sms_phishing_v1,english,Spam
SMS_03950,I attended but nothing is there.,SAFE,sms_phishing_v1,english,Legitimate
SMS_03951,Ard 530 like dat lor. We juz meet in mrt station then Ì_ dun haf to come out.,SAFE,sms_phishing_v1,english,Legitimate
SMS_03952,No dear i was sleeping :-P,SAFE,sms_phishing_v1,english,Legitimate
SMS_03953,Er mw im filled tuth is aight,SAFE,sms_phishing_v1,english,Legitimate
SMS_03954,Will be office around 4 pm. Now i am going hospital.,SAFE,sms_phishing_v1,english,Legitimate
SMS_03955,Actually i'm waiting for 2 weeks when they start putting ad.,SAFE,sms_phishing_v1,english,Legitimate
SMS_03956,Anything lor if they all go then i go lor...,SAFE,sms_phishing_v1,english,Legitimate
SMS_03957,U free on sat rite? U wan 2 watch infernal affairs wif me n darren n mayb xy?,SAFE,sms_phishing_v1,english,Legitimate
SMS_03958,Yo you around? A friend of mine's lookin to pick up later tonight,SAFE,sms_phishing_v1,english,Legitimate
SMS_03959,Stupid auto correct on my phone,SAFE,sms_phishing_v1,english,Legitimate
SMS_03960,Double eviction this week - Spiral and Michael and good riddance to them!,SAFE,sms_phishing_v1,english,Legitimate
SMS_03961,"\The world suffers a lot... Not because of the violence of bad people. But because of the silence of good people!\""",SAFE,sms_phishing_v1,english,Legitimate
SMS_03962,"Ok thats cool. Its , just off either raglan rd or edward rd. Behind the cricket ground. Gimme ring when ur closeby see you tuesday.",SAFE,sms_phishing_v1,english,Legitimate
SMS_03963,Buy one egg for me da..please:),SAFE,sms_phishing_v1,english,Legitimate
SMS_03964,Have you started in skye,SAFE,sms_phishing_v1,english,Legitimate
SMS_03965,Have you bookedthe hut? And also your time off? How are you by the way?,SAFE,sms_phishing_v1,english,Legitimate
SMS_03966,And several to you sir.,SAFE,sms_phishing_v1,english,Legitimate
SMS_03967,U really pig leh sleep so much. My dad wake me up at 10 smth 2 eat lunch today.,SAFE,sms_phishing_v1,english,Legitimate
SMS_03968,My love ... I hope your not doing anything drastic. Don't you dare sell your pc or your phone ...,SAFE,sms_phishing_v1,english,Legitimate
SMS_03969,FREEMSG: Our records indicate you may be entitled to 3750 pounds for the Accident you had. To claim for free reply with YES to this msg. To opt out text STOP,PHISHING,sms_phishing_v1,english,Phishing
SMS_03970,Life style garments account no please.,SAFE,sms_phishing_v1,english,Legitimate
SMS_03971,Lol wtf random. Btw is that your lunch break,SAFE,sms_phishing_v1,english,Legitimate
SMS_03972,"Sez, hows u & de arab boy? Hope u r all good give my love 2 evry1 love ya eshxxxxxxxxxxx",SAFE,sms_phishing_v1,english,Legitimate
SMS_03973,"The LAY MAN! Just to let you know you are missed and thought off. Do have a great day. And if you can send me bimbo and ugo's numbers, ill appreciate. Safe",SAFE,sms_phishing_v1,english,Legitimate
SMS_03974,Detroit. The home of snow. Enjoy it.,SAFE,sms_phishing_v1,english,Legitimate
SMS_03975,Show ur colours! Euro 2004 2-4-1 Offer! Get an England Flag & 3Lions tone on ur phone! Click on the following service message for info!,PHISHING,sms_phishing_v1,english,Phishing
SMS_03976,"Aight, I'm chillin in a friend's room so text me when you're on the way",SAFE,sms_phishing_v1,english,Legitimate
SMS_03977,Is toshiba portege m100 gd?,SAFE,sms_phishing_v1,english,Legitimate
SMS_03978,Well welp is sort of a semiobscure internet thing,SAFE,sms_phishing_v1,english,Legitimate
SMS_03979,Text PASS to 69669 to collect your polyphonic ringtones. Normal gprs charges apply only. Enjoy your tones,PHISHING,sms_phishing_v1,english,Spam
SMS_03980,"accordingly. I repeat, just text the word ok on your mobile phone and send",PHISHING,sms_phishing_v1,english,Spam
SMS_03981,Loosu go to hospital. De dont let it careless.,SAFE,sms_phishing_v1,english,Legitimate
SMS_03982,How much for an eighth?,SAFE,sms_phishing_v1,english,Legitimate
SMS_03983,Omg Joanna is freaking me out. She's looked thru all my friends to find photos of me. And then she's asking about stuff on my MySpace which I haven't even logged on in like a year. :/,SAFE,sms_phishing_v1,english,Legitimate
SMS_03984,"Send ur birthdate with month and year, I will tel u ur LIFE PARTNER'S name. and the method of calculation. Reply must.",SAFE,sms_phishing_v1,english,Legitimate
SMS_03985,Juz now havent woke up so a bit blur blur... Can? Dad went out liao... I cant cum now oso...,SAFE,sms_phishing_v1,english,Legitimate
SMS_03986,"How about clothes, jewelry, and trips?",SAFE,sms_phishing_v1,english,Legitimate
SMS_03987,Block Breaker now comes in deluxe format with new features and great graphics from T-Mobile. Buy for just å£5 by replying GET BBDELUXE and take the challenge,PHISHING,sms_phishing_v1,english,Spam
SMS_03988,Aah! A cuddle would be lush! I'd need lots of tea and soup before any kind of fumbling!,SAFE,sms_phishing_v1,english,Legitimate
SMS_03989,important information 4 orange user . today is your lucky day!2find out why log onto http://www.urawinner.com THERE'S A FANTASTIC SURPRISE AWAITING YOU!,PHISHING,sms_phishing_v1,english,Phishing
SMS_03990,Are you plans with your family set in stone ?,SAFE,sms_phishing_v1,english,Legitimate
SMS_03991,Pls dont forget to study,SAFE,sms_phishing_v1,english,Legitimate
SMS_03992,You'll never believe this but i have actually got off at taunton. Wow,SAFE,sms_phishing_v1,english,Legitimate
SMS_03993,"Den only weekdays got special price... Haiz... Cant eat liao... Cut nails oso muz wait until i finish drivin wat, lunch still muz eat wat...",SAFE,sms_phishing_v1,english,Legitimate
SMS_03994,She just broke down a list of reasons why nobody's in town and I can't tell if she's being sarcastic or just faggy,SAFE,sms_phishing_v1,english,Legitimate
SMS_03995,&lt;DECIMAL&gt; m but its not a common car here so its better to buy from china or asia. Or if i find it less expensive. I.ll holla,SAFE,sms_phishing_v1,english,Legitimate
SMS_03996,The greatest test of courage on earth is to bear defeat without losing heart....gn tc,SAFE,sms_phishing_v1,english,Legitimate
SMS_03997,SORRY IM STIL FUCKED AFTER LAST NITE WENT TOBED AT 430 GOT UP 4 WORK AT 630,SAFE,sms_phishing_v1,english,Legitimate
SMS_03998,Hey so whats the plan this sat?,SAFE,sms_phishing_v1,english,Legitimate
SMS_03999,Beauty sleep can help ur pimples too.,SAFE,sms_phishing_v1,english,Legitimate
SMS_04000,Great. Hope you are using your connections from mode men also cos you can never know why old friends can lead you to today,SAFE,sms_phishing_v1,english,Legitimate
SMS_04001,Natalja (25/F) is inviting you to be her friend. Reply YES-440 or NO-440 See her: www.SMS.ac/u/nat27081980 STOP? Send STOP FRND to 62468,PHISHING,sms_phishing_v1,english,Spam
SMS_04002,Where to get those?,SAFE,sms_phishing_v1,english,Legitimate
SMS_04003,"Kind of. Just missed train cos of asthma attack, nxt one in half hr so driving in. not sure where to park.",SAFE,sms_phishing_v1,english,Legitimate
SMS_04004,Ball is moving a lot.will spin in last :)so very difficult to bat:),SAFE,sms_phishing_v1,english,Legitimate
SMS_04005,Haiyoh... Maybe your hamster was jealous of million,SAFE,sms_phishing_v1,english,Legitimate
SMS_04006,Can you please send me my aunty's number,SAFE,sms_phishing_v1,english,Legitimate
SMS_04007,I'm glad. You are following your dreams.,SAFE,sms_phishing_v1,english,Legitimate
SMS_04008,I've reached home finally...,SAFE,sms_phishing_v1,english,Legitimate
SMS_04009,"URGENT. Important information for 02 user. Today is your lucky day! 2 find out why , log onto http://www.urawinner.com there is a fantastic surprise awaiting you !",PHISHING,sms_phishing_v1,english,Phishing
SMS_04010,"Wn u r hurt by d prsn who s close 2 u, do fight wit dem. Coz somtimes dis fight saves a relation bt being quiet leaves nothin in a relation.. Gud eveB-)",SAFE,sms_phishing_v1,english,Legitimate
SMS_04011,U can call now...,SAFE,sms_phishing_v1,english,Legitimate
SMS_04012,"Science tells that chocolate will melt under the sunlight. Please don't walk under the sunlight. BCoz,I don't want to loss a sweet friend.",SAFE,sms_phishing_v1,english,Legitimate
SMS_04013,Yes. I come to nyc for audiitions and am trying to relocate.,SAFE,sms_phishing_v1,english,Legitimate
SMS_04014,I pocked you up there before,SAFE,sms_phishing_v1,english,Legitimate
SMS_04015,Congrats. That's great. I wanted to tell you not to tell me your score cos it might make me relax. But its motivating me so thanks for sharing,SAFE,sms_phishing_v1,english,Legitimate
SMS_04016,I wud never mind if u dont miss me or if u dont need me.. But u wil really hurt me wen u need me &amp; u dont tell me......... Take care:-),SAFE,sms_phishing_v1,english,Legitimate
SMS_04017,Hey mr whats the name of that bill brison book the one about language and words,SAFE,sms_phishing_v1,english,Legitimate
SMS_04018,"Okay, good, no problem, and thanx!",SAFE,sms_phishing_v1,english,Legitimate
SMS_04019,"For you information, IKEA is spelled with all caps. That is not yelling. when you thought i had left you, you were sitting on the bed among the mess when i came in. i said we were going after you got home from class. please don't try and bullshit me. It makes me want to listen to you less.",SAFE,sms_phishing_v1,english,Legitimate
SMS_04020,Call me when u're done...,SAFE,sms_phishing_v1,english,Legitimate
SMS_04021,G.W.R,SAFE,sms_phishing_v1,english,Legitimate
SMS_04022,You best watch what you say cause I get drunk as a motherfucker,SAFE,sms_phishing_v1,english,Legitimate
SMS_04023,Kit Strip - you have been billed 150p. Netcollex Ltd. PO Box 1013 IG11 OJA,PHISHING,sms_phishing_v1,english,Spam
SMS_04024,Please CALL 08712402578 immediately as there is an urgent message waiting for you,PHISHING,sms_phishing_v1,english,Phishing
SMS_04025,thesmszone.com lets you send free anonymous and masked messages..im sending this message from there..do you see the potential for abuse???,PHISHING,sms_phishing_v1,english,Spam
SMS_04026,"Erm... Woodland avenue somewhere. Do you get the parish magazine, his telephone number will be in there.",SAFE,sms_phishing_v1,english,Legitimate
SMS_04027,Are there TA jobs available? Let me know please cos i really need to start working,SAFE,sms_phishing_v1,english,Legitimate
SMS_04028,Aiyar hard 2 type. U later free then tell me then i call n scold n tell u.,SAFE,sms_phishing_v1,english,Legitimate
SMS_04029,Yup i'm free...,SAFE,sms_phishing_v1,english,Legitimate
SMS_04030,"Good good, billy mates all gone. Just been jogging, again! Did enjoy concert?",SAFE,sms_phishing_v1,english,Legitimate
SMS_04031,Yo come over carlos will be here soon,SAFE,sms_phishing_v1,english,Legitimate
SMS_04032,Awww dat is sweet! We can think of something to do he he! Have a nice time tonight ill probably txt u later cos im lonely :( xxx.,SAFE,sms_phishing_v1,english,Legitimate
SMS_04033,I guess it is useless calling u 4 something important.,SAFE,sms_phishing_v1,english,Legitimate
SMS_04034,Ha ha - had popped down to the loo when you hello-ed me. Hello!,SAFE,sms_phishing_v1,english,Legitimate
SMS_04035,He dint tell anything. He is angry on me that why you told to abi.,SAFE,sms_phishing_v1,english,Legitimate
SMS_04036,It so happens that there r 2waxsto do wat you want. She can come and ill get her medical insurance. And she'll be able to deliver and have basic care. I'm currently shopping for the right medical insurance for her. So just give me til friday morning. Thats when i.ll see the major person that can guide me to the right insurance.,SAFE,sms_phishing_v1,english,Legitimate
SMS_04037,I keep ten rs in my shelf:) buy two egg.,SAFE,sms_phishing_v1,english,Legitimate
SMS_04038,"I wasn't well babe, i have swollen glands at my throat ... What did you end up doing ?",SAFE,sms_phishing_v1,english,Legitimate
SMS_04039,Is ur changes 2 da report big? Cos i've already made changes 2 da previous report.,SAFE,sms_phishing_v1,english,Legitimate
SMS_04040,Captain is in our room:),SAFE,sms_phishing_v1,english,Legitimate
SMS_04041,"I can't speak, bcaz mobile have problem. I can listen you but you cann't listen my voice. So i calls you later.",SAFE,sms_phishing_v1,english,Legitimate
SMS_04042,HIYA STU WOT U UP 2.IM IN SO MUCH TRUBLE AT HOME AT MOMENT EVONE HATES ME EVEN U! WOT THE HELL AV I DONE NOW? Y WONT U JUST TELL ME TEXT BCK PLEASE LUV DAN,SAFE,sms_phishing_v1,english,Legitimate
SMS_04043,S...i will take mokka players only:),SAFE,sms_phishing_v1,english,Legitimate
SMS_04044,Are you still playing with gautham?,SAFE,sms_phishing_v1,english,Legitimate
SMS_04045,Hey mr  and I are going to the sea view and having a couple of gays I mean games! Give me a bell when ya finish,SAFE,sms_phishing_v1,english,Legitimate
SMS_04046,"K, jason says he's gonna be around so I'll be up there around  &lt;#&gt;",SAFE,sms_phishing_v1,english,Legitimate
SMS_04047,Sorry . I will be able to get to you. See you in the morning.,SAFE,sms_phishing_v1,english,Legitimate
SMS_04048,Aight well keep me informed,SAFE,sms_phishing_v1,english,Legitimate
SMS_04049,Am only searching for good dual sim mobile pa.,SAFE,sms_phishing_v1,english,Legitimate
SMS_04050,That seems unnecessarily hostile,SAFE,sms_phishing_v1,english,Legitimate
SMS_04051,Dude got a haircut. Now its breezy up there,SAFE,sms_phishing_v1,english,Legitimate
SMS_04052,"Congrats! 2 mobile 3G Videophones R yours. call 09061744553 now! videochat wid ur mates, play java games, Dload polyH music, noline rentl. bx420. ip4. 5we. 150pm",PHISHING,sms_phishing_v1,english,Spam
SMS_04053,1Apple/Day=No Doctor. 1Tulsi Leaf/Day=No Cancer. 1Lemon/Day=No Fat. 1Cup Milk/day=No Bone Problms 3 Litres Watr/Day=No Diseases Snd ths 2 Whom U Care..:-),SAFE,sms_phishing_v1,english,Legitimate
SMS_04054,i thought we were doing a king of the hill thing there.,SAFE,sms_phishing_v1,english,Legitimate
SMS_04055,Nope i'll come online now..,SAFE,sms_phishing_v1,english,Legitimate
SMS_04056,ALSO TELL HIM I SAID HAPPY BIRTHDAY,SAFE,sms_phishing_v1,english,Legitimate
SMS_04057,Y bishan lei... I tot Ì_ say lavender?,SAFE,sms_phishing_v1,english,Legitimate
SMS_04058,Boo what time u get out? U were supposed to take me shopping today. :(,SAFE,sms_phishing_v1,english,Legitimate
SMS_04059,"Now u sound like manky scouse boy steve,like! I is travelling on da bus home.wot has u inmind 4 recreation dis eve?",SAFE,sms_phishing_v1,english,Legitimate
SMS_04060,"Fyi I'm taking a quick shower, be at epsilon in like  &lt;#&gt;  min",SAFE,sms_phishing_v1,english,Legitimate
SMS_04061,on a Tuesday night r u 4 real,SAFE,sms_phishing_v1,english,Legitimate
SMS_04062,Yes when is the appt again?,SAFE,sms_phishing_v1,english,Legitimate
SMS_04063,Just got outta class gonna go gym.,SAFE,sms_phishing_v1,english,Legitimate
SMS_04064,I want to sent  &lt;#&gt; mesages today. Thats y. Sorry if i hurts,SAFE,sms_phishing_v1,english,Legitimate
SMS_04065,ÌÏ all write or wat..,SAFE,sms_phishing_v1,english,Legitimate
SMS_04066,Ha! I wouldn't say that I just didn't read anything into way u seemed. I don't like 2 be judgemental....i save that for fridays in the pub!,SAFE,sms_phishing_v1,english,Legitimate
SMS_04067,Its a valentine game. . . send dis msg to all ur friends. . If 5 answers r d same then someone really loves u. . Ques- which colour suits me the best?,SAFE,sms_phishing_v1,english,Legitimate
SMS_04068,Hi:)did you asked to waheeda fathima about leave?,SAFE,sms_phishing_v1,english,Legitimate
SMS_04069,Enjoy urself tmr...,SAFE,sms_phishing_v1,english,Legitimate
SMS_04070,You still around? I could use a half-8th,SAFE,sms_phishing_v1,english,Legitimate
SMS_04071,You give us back my id proof and  &lt;#&gt;  rs. We wont allow you to work. We will come to your home within days,SAFE,sms_phishing_v1,english,Legitimate
SMS_04072,ÌÏ bot notes oredi... Cos i juz rem i got...,SAFE,sms_phishing_v1,english,Legitimate
SMS_04073,Yes. Rent is very expensive so its the way we save.,SAFE,sms_phishing_v1,english,Legitimate
SMS_04074,Hows the pain dear?y r u smiling?,SAFE,sms_phishing_v1,english,Legitimate
SMS_04075,"Fun fact: although you would think armand would eventually build up a tolerance or some shit considering how much he smokes, he gets fucked up in like 2 hits",SAFE,sms_phishing_v1,english,Legitimate
SMS_04076,important information 4 orange user 0789xxxxxxx. today is your lucky day!2find out why log onto http://www.urawinner.com THERE'S A FANTASTIC SURPRISE AWAITING YOU!,PHISHING,sms_phishing_v1,english,Phishing
SMS_04077,Great. So should i send you my account number.,SAFE,sms_phishing_v1,english,Legitimate
SMS_04078,"HELLOGORGEOUS, HOWS U? MY FONE WAS ON CHARGE LST NITW WEN U TEXD ME. HOPEU AD A NICE WKEND AS IM SURE U DID LOOKIN 4WARD 2 C-IN U 2MRW LUV JAZ",SAFE,sms_phishing_v1,english,Legitimate
SMS_04079,"Our dating service has been asked 2 contact U by someone shy! CALL 09058091870 NOW all will be revealed. POBox84, M26 3UZ 150p",PHISHING,sms_phishing_v1,english,Spam
SMS_04080,ÌÏ only send me the contents page...,SAFE,sms_phishing_v1,english,Legitimate
SMS_04081,"Night sweet, sleep well! I've just been to see The Exorcism of Emily Rose and may never sleep again! Hugs and snogs!",SAFE,sms_phishing_v1,english,Legitimate
SMS_04082,"Don't Think About \What u Have Got\"" Think About \""How to Use It That You Have Got\"" gooD ni8""",SAFE,sms_phishing_v1,english,Legitimate
SMS_04083,"I can't right this second, gotta hit people up first",SAFE,sms_phishing_v1,english,Legitimate
SMS_04084,"Evry Emotion dsn't hav Words.Evry Wish dsn't hav Prayrs.. If u Smile,D World is wit u.Othrwise even d Drop of Tear dsn't lik 2 Stay wit u.So b happy.. Good morning, keep smiling:-)",SAFE,sms_phishing_v1,english,Legitimate
SMS_04085,So what about you. What do you remember,SAFE,sms_phishing_v1,english,Legitimate
SMS_04086,Ujhhhhhhh computer shipped out with address to sandiago and parantella lane. Wtf. Poop.,SAFE,sms_phishing_v1,english,Legitimate
SMS_04087,Mm yes dear look how i am hugging you both. :-P,SAFE,sms_phishing_v1,english,Legitimate
SMS_04088,I like dis sweater fr mango but no more my size already so irritating.,SAFE,sms_phishing_v1,english,Legitimate
SMS_04089,1 I don't have her number and 2 its gonna be a massive pain in the ass and i'd rather not get involved if that's possible,SAFE,sms_phishing_v1,english,Legitimate
SMS_04090,Anytime lor...,SAFE,sms_phishing_v1,english,Legitimate
SMS_04091,Do you want a new Video handset? 750 any time any network mins? UNLIMITED TEXT? Camcorder? Reply or Call now 08000930705 for del Sat AM,PHISHING,sms_phishing_v1,english,Spam
SMS_04092,"Ur balance is now å£600. Next question: Complete the landmark, Big, A. Bob, B. Barry or C. Ben ?. Text A, B or C to 83738. Good luck!",PHISHING,sms_phishing_v1,english,Spam
SMS_04093,Me fine..absolutly fine,SAFE,sms_phishing_v1,english,Legitimate
SMS_04094,K and you're sure I don't have to have consent forms to do it :V,SAFE,sms_phishing_v1,english,Legitimate
SMS_04095,Ur TONEXS subscription has been renewed and you have been charged å£4.50. You can choose 10 more polys this month. www.clubzed.co.uk *BILLING MSG*,PHISHING,sms_phishing_v1,english,Spam
SMS_04096,"If you don't, your prize will go to another customer. T&C at www.t-c.biz 18+ 150p/min Polo Ltd Suite 373 London W1J 6HL Please call back if busy",PHISHING,sms_phishing_v1,english,Phishing
SMS_04097,How much is torch in 9ja.,SAFE,sms_phishing_v1,english,Legitimate
SMS_04098,"Doing nothing, then u not having dinner w us?",SAFE,sms_phishing_v1,english,Legitimate
SMS_04099,How are you. Just checking up on you,SAFE,sms_phishing_v1,english,Legitimate
SMS_04100,Done it but internet connection v slow and canÛ÷t send it. Will try again later or first thing tomo.,SAFE,sms_phishing_v1,english,Legitimate
SMS_04101,Mathews or tait or edwards or anderson,SAFE,sms_phishing_v1,english,Legitimate
SMS_04102,yeah sure thing mate haunt got all my stuff sorted but im going sound anyway promoting hex for .by the way who is this? dont know number. Joke,SAFE,sms_phishing_v1,english,Legitimate
SMS_04103,No need lar i go engin? Cos my sis at arts today...,SAFE,sms_phishing_v1,english,Legitimate
SMS_04104,Thanks honey but still haven't heard anything I will leave it a bit longer so not 2 crowd him and will try later - great advice thanks hope cardiff is still there!,SAFE,sms_phishing_v1,english,Legitimate
SMS_04105,Do you want a New Nokia 3510i Colour Phone Delivered Tomorrow? With 200 FREE minutes to any mobile + 100 FREE text + FREE camcorder Reply or Call 8000930705,PHISHING,sms_phishing_v1,english,Spam
SMS_04106,", im .. On the snowboarding trip. I was wondering if your planning to get everyone together befor we go..a meet and greet kind of affair? Cheers,",SAFE,sms_phishing_v1,english,Legitimate
SMS_04107,S.i'm watching it in live..,SAFE,sms_phishing_v1,english,Legitimate
SMS_04108,"see you then, we're all christmassy here!",SAFE,sms_phishing_v1,english,Legitimate
SMS_04109,"K I'm ready,  &lt;#&gt; ?",SAFE,sms_phishing_v1,english,Legitimate
SMS_04110,what are your new years plans?,SAFE,sms_phishing_v1,english,Legitimate
SMS_04111,RECPT 1/3. You have ordered a Ringtone. Your order is being processed...,PHISHING,sms_phishing_v1,english,Spam
SMS_04112,Baaaaaaaabe! Wake up ! I miss you ! I crave you! I need you!,SAFE,sms_phishing_v1,english,Legitimate
SMS_04113,"Only just got this message, not ignoring you. Yes, i was. Shopping that is",SAFE,sms_phishing_v1,english,Legitimate
SMS_04114,Dear :-/ why you mood off. I cant drive so i brother to drive,SAFE,sms_phishing_v1,english,Legitimate
SMS_04115,When did dad get back.,SAFE,sms_phishing_v1,english,Legitimate
SMS_04116,"Can you tell Shola to please go to college of medicine and visit the academic department, tell the academic secretary what the current situation is and ask if she can transfer there. She should ask someone to check Sagamu for the same thing and lautech. Its vital she completes her medical education in Nigeria. Its less expensive much less expensive. Unless she will be getting citizen rates in new zealand.",SAFE,sms_phishing_v1,english,Legitimate
SMS_04117,Yes just finished watching days of our lives. I love it.,SAFE,sms_phishing_v1,english,Legitimate
SMS_04118,Juz go google n search 4 qet...,SAFE,sms_phishing_v1,english,Legitimate
SMS_04119,Many times we lose our best ones bcoz we are,SAFE,sms_phishing_v1,english,Legitimate
SMS_04120,"Good FRIENDS CaRE for each Other.. CLoSE Friends UNDERSTaND each Other... and TRUE Friends STaY forever beyond words, beyond time. Gud ni8",SAFE,sms_phishing_v1,english,Legitimate
SMS_04121,Just getting back home,SAFE,sms_phishing_v1,english,Legitimate
SMS_04122,"Sorry, I'll call later  &lt;#&gt; mins",SAFE,sms_phishing_v1,english,Legitimate
SMS_04123,Dun need to use dial up juz open da browser n surf...,SAFE,sms_phishing_v1,english,Legitimate
SMS_04124,As one of our registered subscribers u can enter the draw 4 a 100 G.B. gift voucher by replying with ENTER. To unsubscribe text STOP,PHISHING,sms_phishing_v1,english,Spam
SMS_04125,"Awesome, plan to get here any time after like  &lt;#&gt; , I'll text you details in a wee bit",SAFE,sms_phishing_v1,english,Legitimate
SMS_04126,Take care and sleep well.you need to learn to change in life.you only need to get CONVINCED on that.i will wait but no more conversations between us.GET CONVINCED by that time.Your family is over for you in many senses.respect them but not overemphasise.or u have no role in my life.,SAFE,sms_phishing_v1,english,Legitimate
SMS_04127,"For your chance to WIN a FREE Bluetooth Headset then simply reply back with \ADP\""""",PHISHING,sms_phishing_v1,english,Spam
SMS_04128,You also didnt get na hi hi hi hi hi,SAFE,sms_phishing_v1,english,Legitimate
SMS_04129,Ya but it cant display internal subs so i gotta extract them,SAFE,sms_phishing_v1,english,Legitimate
SMS_04130,If i said anything wrong sorry de:-),SAFE,sms_phishing_v1,english,Legitimate
SMS_04131,How stupid to say that i challenge god.You dont think at all on what i write instead you respond immed.,SAFE,sms_phishing_v1,english,Legitimate
SMS_04132,"Yeah I should be able to, I'll text you when I'm ready to meet up",SAFE,sms_phishing_v1,english,Legitimate
SMS_04133,V skint too but fancied few bevies.waz gona go meet &othrs in spoon but jst bin watchng planet earth&sofa is v comfey; If i dont make it hav gd night,SAFE,sms_phishing_v1,english,Legitimate
SMS_04134,"says that he's quitting at least5times a day so i wudn't take much notice of that. Nah, she didn't mind. Are you gonna see him again? Do you want to come to taunton tonight? U can tell me all about !",SAFE,sms_phishing_v1,english,Legitimate
SMS_04135,"When you get free, call me",SAFE,sms_phishing_v1,english,Legitimate
SMS_04136,How have your little darlings been so far this week? Need a coffee run tomo?Can't believe it's that time of week already Û_,SAFE,sms_phishing_v1,english,Legitimate
SMS_04137,Still at west coast... Haiz... ÌÏ'll take forever to come back...,SAFE,sms_phishing_v1,english,Legitimate
SMS_04138,MMM ... Fuck .... Merry Christmas to me,SAFE,sms_phishing_v1,english,Legitimate
SMS_04139,alright. Thanks for the advice. Enjoy your night out. I'ma try to get some sleep...,SAFE,sms_phishing_v1,english,Legitimate
SMS_04140,Update your face book status frequently :),SAFE,sms_phishing_v1,english,Legitimate
SMS_04141,Just now saw your message.it k da:),SAFE,sms_phishing_v1,english,Legitimate
SMS_04142,Was it something u ate?,SAFE,sms_phishing_v1,english,Legitimate
SMS_04143,So what did the bank say about the money?,SAFE,sms_phishing_v1,english,Legitimate
SMS_04144,Aiyar dun disturb u liao... Thk u have lots 2 do aft ur cupboard come...,SAFE,sms_phishing_v1,english,Legitimate
SMS_04145,Hey they r not watching movie tonight so i'll prob b home early...,SAFE,sms_phishing_v1,english,Legitimate
SMS_04146,Yar lor... How u noe? U used dat route too?,SAFE,sms_phishing_v1,english,Legitimate
SMS_04147,2mro i am not coming to gym machan. Goodnight.,SAFE,sms_phishing_v1,english,Legitimate
SMS_04148,Dont think you need yellow card for uk travel. Ask someone that has gone before. If you do its just  &lt;#&gt; bucks,SAFE,sms_phishing_v1,english,Legitimate
SMS_04149,Can u look 4 me in da lib i got stuff havent finish yet.,SAFE,sms_phishing_v1,english,Legitimate
SMS_04150,Sounds great! Im going to sleep now. Have a good night!,SAFE,sms_phishing_v1,english,Legitimate
SMS_04151,Don't b floppy... b snappy & happy! Only gay chat service with photo upload call 08718730666 (10p/min). 2 stop our texts call 08712460324,PHISHING,sms_phishing_v1,english,Spam
SMS_04152,How come u got nothing to do?,SAFE,sms_phishing_v1,english,Legitimate
SMS_04153,Nothing will ever be easy. But don't be looking for a reason not to take a risk on life and love,SAFE,sms_phishing_v1,english,Legitimate
SMS_04154,i want to grasp your pretty booty :),SAFE,sms_phishing_v1,english,Legitimate
SMS_04155,I've got it down to a tea. not sure which flavour,SAFE,sms_phishing_v1,english,Legitimate
SMS_04156,I'm going 2 orchard now laready me reaching soon. U reaching?,SAFE,sms_phishing_v1,english,Legitimate
SMS_04157,Dear i am not denying your words please,SAFE,sms_phishing_v1,english,Legitimate
SMS_04158,You know my old Dom I told you about yesterday ? His name is Roger? He got in touch with me last night and wants me to meet him today at 2 pm,SAFE,sms_phishing_v1,english,Legitimate
SMS_04159,COME BACK TO TAMPA FFFFUUUUUUU,SAFE,sms_phishing_v1,english,Legitimate
SMS_04160,"2 celebrate my båÕday, y else?",SAFE,sms_phishing_v1,english,Legitimate
SMS_04161,Merry christmas to u too annie!,SAFE,sms_phishing_v1,english,Legitimate
SMS_04162,Please tell me you have some of that special stock you were talking about,SAFE,sms_phishing_v1,english,Legitimate
SMS_04163,I sent them. Do you like?,SAFE,sms_phishing_v1,english,Legitimate
SMS_04164,"Awesome, be there in a minute",SAFE,sms_phishing_v1,english,Legitimate
SMS_04165,"And that is the problem. You walk around in \julianaland\"" oblivious to what is going on around you. I say the same things constantly and they go in one ear and out the other while you go off doing whatever you want to do. It's not that you don't know why I'm upset--it's that you don't listen when i tell you WHAT is going to upset me. Then you want to be surprised when I'm mad.""",SAFE,sms_phishing_v1,english,Legitimate
SMS_04166,I've told you everything will stop. Just dont let her get dehydrated.,SAFE,sms_phishing_v1,english,Legitimate
SMS_04167,Or I guess  &lt;#&gt;  min,SAFE,sms_phishing_v1,english,Legitimate
SMS_04168,I'm home. Ard wat time will u reach?,SAFE,sms_phishing_v1,english,Legitimate
SMS_04169,"If you want to mapquest it or something look up \usf dogwood drive\""  that's the tiny street where the parking lot is""",SAFE,sms_phishing_v1,english,Legitimate
SMS_04170,Aight should I just plan to come up later tonight?,SAFE,sms_phishing_v1,english,Legitimate
SMS_04171,Die... I accidentally deleted e msg i suppose 2 put in e sim archive. Haiz... I so sad...,SAFE,sms_phishing_v1,english,Legitimate
SMS_04172,"Welcome to UK-mobile-date this msg is FREE giving you free calling to 08719839835. Future mgs billed at 150p daily. To cancel send \go stop\"" to 89123""",PHISHING,sms_phishing_v1,english,Spam
SMS_04173,This is wishing you a great day. Moji told me about your offer and as always i was speechless. You offer so easily to go to great lengths on my behalf and its stunning. My exam is next friday. After that i will keep in touch more. Sorry.,SAFE,sms_phishing_v1,english,Legitimate
SMS_04174,"Thanks again for your reply today. When is ur visa coming in. And r u still buying the gucci and bags. My sister things are not easy, uncle john also has his own bills so i really need to think about how to make my own money. Later sha.",SAFE,sms_phishing_v1,english,Legitimate
SMS_04175,"Sorry I flaked last night, shit's seriously goin down with my roommate, what you up to tonight?",SAFE,sms_phishing_v1,english,Legitimate
SMS_04176,He said i look pretty wif long hair wat. But i thk he's cutting quite short 4 me leh.,SAFE,sms_phishing_v1,english,Legitimate
SMS_04177,"\CHEERS FOR CALLIN BABE.SOZI CULDNT TALKBUT I WANNATELL U DETAILS LATER WENWECAN CHAT PROPERLY X\""""",SAFE,sms_phishing_v1,english,Legitimate
SMS_04178,Hey u still at the gym?,SAFE,sms_phishing_v1,english,Legitimate
SMS_04179,Much better now thanks lol,SAFE,sms_phishing_v1,english,Legitimate
SMS_04180,"Nothing, smsing u n xy lor. Sorry lor da guys neva c u in person but they sort of know u lor. So u wan 2 meet them xy ask me 2 bring u along 4 our next meeting.",SAFE,sms_phishing_v1,english,Legitimate
SMS_04181,"Lemme know when I can swing by and pick up, I'm free basically any time after 1 all this semester",SAFE,sms_phishing_v1,english,Legitimate
SMS_04182,Wa... U so efficient... Gee... Thanx...,SAFE,sms_phishing_v1,english,Legitimate
SMS_04183,3. You have received your mobile content. Enjoy,PHISHING,sms_phishing_v1,english,Spam
SMS_04184,S but not able to sleep.,SAFE,sms_phishing_v1,english,Legitimate
SMS_04185,Want explicit SEX in 30 secs? Ring 02073162414 now! Costs 20p/min,PHISHING,sms_phishing_v1,english,Spam
SMS_04186,We will meet soon princess! Ttyl!,SAFE,sms_phishing_v1,english,Legitimate
SMS_04187,I'll pick you up at about 5.15pm to go to taunton if you still want to come.,SAFE,sms_phishing_v1,english,Legitimate
SMS_04188,Oh :-)only 4 outside players allowed to play know,SAFE,sms_phishing_v1,english,Legitimate
SMS_04189,I anything lor.,SAFE,sms_phishing_v1,english,Legitimate
SMS_04190,Erutupalam thandiyachu,SAFE,sms_phishing_v1,english,Legitimate
SMS_04191,"Y cant u try new invention to fly..i'm not joking.,",SAFE,sms_phishing_v1,english,Legitimate
SMS_04192,No..its ful of song lyrics..,SAFE,sms_phishing_v1,english,Legitimate
SMS_04193,"What do u reckon as need 2 arrange transport if u can't do it, thanks",SAFE,sms_phishing_v1,english,Legitimate
SMS_04194,True lov n care wil nevr go unrecognized. though somone often makes mistakes when valuing it. but they will definitly undrstnd once when they start missing it.,SAFE,sms_phishing_v1,english,Legitimate
SMS_04195,Shopping? Eh ger i toking abt syd leh...Haha,SAFE,sms_phishing_v1,english,Legitimate
SMS_04196,What not under standing.,SAFE,sms_phishing_v1,english,Legitimate
SMS_04197,have * good weekend.,SAFE,sms_phishing_v1,english,Legitimate
SMS_04198,Miss call miss call khelate kintu opponenter miss call dhorte lage. Thats d rule. One with great phone receiving quality wins.,SAFE,sms_phishing_v1,english,Legitimate
SMS_04199,Call me when you get the chance plz &lt;3,SAFE,sms_phishing_v1,english,Legitimate
SMS_04200,The new deus ex game comin early next yr,SAFE,sms_phishing_v1,english,Legitimate
SMS_04201,My computer just fried the only essential part we don't keep spares of because my fucking idiot roommates looovvve leaving the thing running on full  &lt;#&gt; /7,SAFE,sms_phishing_v1,english,Legitimate
SMS_04202,"My friend, she's studying at warwick, we've planned to go shopping and to concert tmw, but it may be canceled, havn't seen  for ages, yeah we should get together sometime!",SAFE,sms_phishing_v1,english,Legitimate
SMS_04203,Probably a couple hours tops,SAFE,sms_phishing_v1,english,Legitimate
SMS_04204,"LOL .. *grins* .. I'm not babe, but thanks for thinking of me!",SAFE,sms_phishing_v1,english,Legitimate
SMS_04205,Man this bus is so so so slow. I think you're gonna get there before me,SAFE,sms_phishing_v1,english,Legitimate
SMS_04206,Hope this text meets you smiling. If not then let this text give you a reason to smile. Have a beautiful day.,SAFE,sms_phishing_v1,english,Legitimate
SMS_04207,"In case you wake up wondering where I am, I forgot I have to take care of something for grandma today, should be done before the parade",SAFE,sms_phishing_v1,english,Legitimate
SMS_04208,"Latest Nokia Mobile or iPOD MP3 Player +å£400 proze GUARANTEED! Reply with: WIN to 83355 now! Norcorp Ltd.å£1,50/Mtmsgrcvd18+",PHISHING,sms_phishing_v1,english,Spam
SMS_04209,"SMS SERVICES. for your inclusive text credits, pls goto www.comuk.net login= 3qxj9 unsubscribe with STOP, no extra charge. help 08702840625.COMUK. 220-CM2 9AE",PHISHING,sms_phishing_v1,english,Phishing
SMS_04210,Nvm take ur time.,SAFE,sms_phishing_v1,english,Legitimate
SMS_04211,So wat's da decision?,SAFE,sms_phishing_v1,english,Legitimate
SMS_04212,Wot is u up 2 then bitch?,SAFE,sms_phishing_v1,english,Legitimate
SMS_04213,She told to hr that he want posting in chennai:)because i'm working here:),SAFE,sms_phishing_v1,english,Legitimate
SMS_04214,Mobile Club: Choose any of the top quality items for your mobile. 7cfca1a,PHISHING,sms_phishing_v1,english,Spam
SMS_04215,When are you guys leaving?,SAFE,sms_phishing_v1,english,Legitimate
SMS_04216,He neva grumble but i sad lor... Hee... Buy tmr lor aft lunch. But we still meetin 4 lunch tmr a not. Neva hear fr them lei. ÌÏ got a lot of work ar?,SAFE,sms_phishing_v1,english,Legitimate
SMS_04217,Not able to do anything.,SAFE,sms_phishing_v1,english,Legitimate
SMS_04218,ÌÏ takin linear algebra today?,SAFE,sms_phishing_v1,english,Legitimate
SMS_04219,This weekend is fine (an excuse not to do too much decorating),SAFE,sms_phishing_v1,english,Legitimate
SMS_04220,"Sorry I missed you babe. I was up late and slept in. I hope you enjoy your driving lesson, boytoy. I miss you too ... *teasing kiss*",SAFE,sms_phishing_v1,english,Legitimate
SMS_04221,Now project pa. After that only i can come.,SAFE,sms_phishing_v1,english,Legitimate
SMS_04222,Money i have won wining number 946 wot do i do next,PHISHING,sms_phishing_v1,english,Spam
SMS_04223,"Sure, whenever you show the fuck up &gt;:(",SAFE,sms_phishing_v1,english,Legitimate
SMS_04224,That was random saw my old roomate on campus. He graduated,SAFE,sms_phishing_v1,english,Legitimate
SMS_04225,"Men always needs a beautiful, intelligent, caring, loving, adjustable, cooperative wife. But the law allows only one wife....",SAFE,sms_phishing_v1,english,Legitimate
SMS_04226,That sucks. So what do you got planned for your yo valentine? I am your yo valentine aren't I?,SAFE,sms_phishing_v1,english,Legitimate
SMS_04227,"Just got part Nottingham - 3 hrs 63miles. Good thing i love my man so much, but only doing 40mph. Hey ho",SAFE,sms_phishing_v1,english,Legitimate
SMS_04228,What to think no one saying clearly. Ok leave no need to ask her. I will go if she come or not,SAFE,sms_phishing_v1,english,Legitimate
SMS_04229,Hi good mornin.. Thanku wish u d same..,SAFE,sms_phishing_v1,english,Legitimate
SMS_04230,DO U WANT 2 MEET UP 2MORRO,SAFE,sms_phishing_v1,english,Legitimate
SMS_04231,Actually I decided I was too hungry so I haven't left yet :V,SAFE,sms_phishing_v1,english,Legitimate
SMS_04232,I've sent Ì_ my part..,SAFE,sms_phishing_v1,english,Legitimate
SMS_04233,Cos i was out shopping wif darren jus now n i called him 2 ask wat present he wan lor. Then he started guessing who i was wif n he finally guessed darren lor.,SAFE,sms_phishing_v1,english,Legitimate
SMS_04234,"I want some cock! My hubby's away, I need a real man 2 satisfy me. Txt WIFE to 89938 for no strings action. (Txt STOP 2 end, txt rec å£1.50ea. OTBox 731 LA1 7WS. )",PHISHING,sms_phishing_v1,english,Spam
SMS_04235,Understand. his loss is my gain :) so do you work? School?,SAFE,sms_phishing_v1,english,Legitimate
SMS_04236,HOW ARE U? I HAVE MISSED U! I HAVENT BEEN UP 2 MUCH A BIT BORED WITH THE HOLIDAY WANT 2 GO BAK 2 COLLEGE! SAD ISNT IT?xx,SAFE,sms_phishing_v1,english,Legitimate
SMS_04237,"Hiya, probably coming home * weekend after next",SAFE,sms_phishing_v1,english,Legitimate
SMS_04238,Don't forget though that I love you .... And I walk beside you. Watching over you and keeping your heart warm.,SAFE,sms_phishing_v1,english,Legitimate
SMS_04239,I wish things were different. I wonder when i will be able to show you how much i value you. Pls continue the brisk walks no drugs without askin me please and find things to laugh about. I love you dearly.,SAFE,sms_phishing_v1,english,Legitimate
SMS_04240,Ok both our days. So what are you making for dinner tonite? Am I invited?,SAFE,sms_phishing_v1,english,Legitimate
SMS_04241,Gr8 new service - live sex video chat on your mob - see the sexiest dirtiest girls live on ur phone - 4 details text horny to 89070 to cancel send STOP to 89070,PHISHING,sms_phishing_v1,english,Spam
SMS_04242,I have no money 4 steve mate! !,SAFE,sms_phishing_v1,english,Legitimate
SMS_04243,IM LATE TELLMISS IM ON MY WAY,SAFE,sms_phishing_v1,english,Legitimate
SMS_04244,Normally i use to drink more water daily:),SAFE,sms_phishing_v1,english,Legitimate
SMS_04245,Dare i ask... Any luck with sorting out the car?,SAFE,sms_phishing_v1,english,Legitimate
SMS_04246,"Party's at my place at usf, no charge (but if you can contribute in any way it is greatly appreciated) and yeah, we got room for one more",SAFE,sms_phishing_v1,english,Legitimate
SMS_04247,"Urgh, coach hot, smells of chip fat! Thanks again, especially for the duvet (not a predictive text word).",SAFE,sms_phishing_v1,english,Legitimate
SMS_04248,Hiya. How was last night? I've been naughty and bought myself clothes and very little ... Ready for more shopping tho! What kind of time do you wanna meet?,SAFE,sms_phishing_v1,english,Legitimate
SMS_04249,FreeMsg Hi baby wow just got a new cam moby. Wanna C a hot pic? or Fancy a chat?Im w8in 4uTxt / rply CHAT to 82242 Hlp 08712317606 Msg150p 2rcv,PHISHING,sms_phishing_v1,english,Spam
SMS_04250,I've been trying to reach him without success,SAFE,sms_phishing_v1,english,Legitimate
SMS_04251,when you and derek done with class?,SAFE,sms_phishing_v1,english,Legitimate
SMS_04252,Never y lei... I v lazy... Got wat? Dat day Ì_ send me da url cant work one...,SAFE,sms_phishing_v1,english,Legitimate
SMS_04253,Never try alone to take the weight of a tear that comes out of ur heart and falls through ur eyes... Always remember a STUPID FRIEND is here to share... BSLVYL,SAFE,sms_phishing_v1,english,Legitimate
SMS_04254,Hey mate. Spoke to the mag people. WeÛ÷re on.  the is deliver by the end of the month. Deliver on the 24th sept. Talk later.,SAFE,sms_phishing_v1,english,Legitimate
SMS_04255,"Haha, my friend tyler literally just asked if you could get him a dubsack",SAFE,sms_phishing_v1,english,Legitimate
SMS_04256,"\Hey! do u fancy meetin me at 4 at cha åÐ hav a lil beverage on me. if not txt or ring me and we can meet up l8r. quite tired got in at 3 v.pist ;) love Pete x x x\""""",SAFE,sms_phishing_v1,english,Legitimate
SMS_04257,Great. Have a safe trip. Dont panic surrender all.,SAFE,sms_phishing_v1,english,Legitimate
SMS_04258,"\SYMPTOMS\"" when U are in love: \""1.U like listening songs 2.U get stopped where u see the name of your beloved 3.U won't get angry when your""",SAFE,sms_phishing_v1,english,Legitimate
SMS_04259,Sun ah... Thk mayb can if dun have anythin on... Thk have to book e lesson... E pilates is at orchard mrt u noe hor...,SAFE,sms_phishing_v1,english,Legitimate
SMS_04260,Try to do something dear. You read something for exams,SAFE,sms_phishing_v1,english,Legitimate
SMS_04261,Gettin rdy to ship comp,SAFE,sms_phishing_v1,english,Legitimate
SMS_04262,I am in hospital da. . I will return home in evening,SAFE,sms_phishing_v1,english,Legitimate
SMS_04263,PISS IS TALKING IS SOMEONE THAT REALISE U THAT POINT THIS AT IS IT.(NOW READ IT BACKWARDS),SAFE,sms_phishing_v1,english,Legitimate
SMS_04264,Think + da. You wil do.,SAFE,sms_phishing_v1,english,Legitimate
SMS_04265,I'm awake oh. What's up.,SAFE,sms_phishing_v1,english,Legitimate
SMS_04266,Good afternoon my boytoy. How goes that walking here and there day ? Did you get that police abstract? Are you still out and about? I wake and miss you babe,SAFE,sms_phishing_v1,english,Legitimate
SMS_04267,How much u trying to get?,SAFE,sms_phishing_v1,english,Legitimate
SMS_04268,"Come around  &lt;DECIMAL&gt; pm vikky..i'm otside nw, il come by tht time",SAFE,sms_phishing_v1,english,Legitimate
SMS_04269,Tell me again what your address is,SAFE,sms_phishing_v1,english,Legitimate
SMS_04270,Should i buy him a blackberry bold 2 or torch. Should i buy him new or used. Let me know. Plus are you saying i should buy the  &lt;#&gt; g wifi ipad. And what are you saying about the about the  &lt;#&gt; g?,SAFE,sms_phishing_v1,english,Legitimate
SMS_04271,But you were together so you should be thinkin about him,SAFE,sms_phishing_v1,english,Legitimate
SMS_04272,hiya hows it going in sunny africa? hope u r avin a good time. give that big old silver back a big kiss from me.,SAFE,sms_phishing_v1,english,Legitimate
SMS_04273,At WHAT TIME should i come tomorrow,SAFE,sms_phishing_v1,english,Legitimate
SMS_04274,Wanna have a laugh? Try CHIT-CHAT on your mobile now! Logon by txting the word: CHAT and send it to No: 8883 CM PO Box 4217 London W1A 6ZF 16+ 118p/msg rcvd,PHISHING,sms_phishing_v1,english,Spam
SMS_04275,"\CHA QUITEAMUZING THATåÕSCOOL BABE PROBPOP IN & CU SATTHEN HUNNY 4BREKKIE! LOVE JEN XXX. PSXTRA LRG PORTIONS 4 ME PLEASE \""""",SAFE,sms_phishing_v1,english,Legitimate
SMS_04276,Omg how did u know what I ate?,SAFE,sms_phishing_v1,english,Legitimate
SMS_04277,"\URGENT! This is the 2nd attempt to contact U!U have WON å£1000CALL 09071512432 b4 300603t&csBCM4235WC1N3XX.callcost150ppmmobilesvary. maxå£7. 50\""""",PHISHING,sms_phishing_v1,english,Phishing
SMS_04278,:( but your not here....,SAFE,sms_phishing_v1,english,Legitimate
SMS_04279,Not directly behind... Abt 4 rows behind Ì_...,SAFE,sms_phishing_v1,english,Legitimate
SMS_04280,Congratulations ur awarded 500 of CD vouchers or 125gift guaranteed & Free entry 2 100 wkly draw txt MUSIC to 87066,PHISHING,sms_phishing_v1,english,Spam
SMS_04281,"Had your contract mobile 11 Mnths? Latest Motorola, Nokia etc. all FREE! Double Mins & Text on Orange tariffs. TEXT YES for callback, no to remove from records",PHISHING,sms_phishing_v1,english,Spam
SMS_04282,"Urgent! call 09066350750 from your landline. Your complimentary 4* Ibiza Holiday or 10,000 cash await collection SAE T&Cs PO BOX 434 SK3 8WP 150 ppm 18+",PHISHING,sms_phishing_v1,english,Phishing
SMS_04283,No plans yet. What are you doing ?,SAFE,sms_phishing_v1,english,Legitimate
SMS_04284,Hi ....My engagement has been fixd on  &lt;#&gt; th of next month. I know its really shocking bt....hmm njan vilikkam....t ws al of a sudn;-(.,SAFE,sms_phishing_v1,english,Legitimate
SMS_04285,Not course. Only maths one day one chapter with in one month we can finish.,SAFE,sms_phishing_v1,english,Legitimate
SMS_04286,Wow didn't think it was that common. I take it all back ur not a freak! Unless u chop it off:-),SAFE,sms_phishing_v1,english,Legitimate
SMS_04287,Noooooooo please. Last thing I need is stress. For once in your life be fair.,SAFE,sms_phishing_v1,english,Legitimate
SMS_04288,U have a Secret Admirer who is looking 2 make contact with U-find out who they R*reveal who thinks UR so special-call on 09065171142-stopsms-08718727870150ppm,PHISHING,sms_phishing_v1,english,Spam
SMS_04289,"I'll see if I can swing by in a bit, got some things to take care of here firsg",SAFE,sms_phishing_v1,english,Legitimate
SMS_04290,I wanted to wish you a Happy New Year and I wanted to talk to you about some legal advice to do with when Gary and I split but in person. I'll make a trip to Ptbo for that. I hope everything is good with you babe and I love ya :),SAFE,sms_phishing_v1,english,Legitimate
SMS_04291,Have you not finished work yet or something?,SAFE,sms_phishing_v1,english,Legitimate
SMS_04292,Right it wasnt you who phoned it was someone with a number like yours!,SAFE,sms_phishing_v1,english,Legitimate
SMS_04293,It's ok i wun b angry. Msg u aft i come home tonight.,SAFE,sms_phishing_v1,english,Legitimate
SMS_04294,I had a good time too. Its nice to do something a bit different with my weekends for a change. See ya soon,SAFE,sms_phishing_v1,english,Legitimate
SMS_04295,Yo sorry was in the shower sup,SAFE,sms_phishing_v1,english,Legitimate
SMS_04296,"Carlos is down but I have to pick it up from him, so I'll swing by usf in a little bit",SAFE,sms_phishing_v1,english,Legitimate
SMS_04297,Full heat pa:-) i have applyed oil pa.,SAFE,sms_phishing_v1,english,Legitimate
SMS_04298,I'm stuck in da middle of da row on da right hand side of da lt...,SAFE,sms_phishing_v1,english,Legitimate
SMS_04299,Have you laid your airtel line to rest?,SAFE,sms_phishing_v1,english,Legitimate
SMS_04300,Hi did u decide wot 2 get 4 his bday if not ill prob jus get him a voucher frm virgin or sumfing,SAFE,sms_phishing_v1,english,Legitimate
SMS_04301,FreeMsg: Txt: CALL to No: 86888 & claim your reward of 3 hours talk time to use from your phone now! Subscribe6GBP/mnth inc 3hrs 16 stop?txtStop,PHISHING,sms_phishing_v1,english,Phishing
SMS_04302,"\Hey j! r u feeling any better  hopeSo hunny. i amnow feelin ill & ithink i may have tonsolitusaswell! damn iam layin in bedreal bored. lotsof luv me xxxx\""""",SAFE,sms_phishing_v1,english,Legitimate
SMS_04303,And I don't plan on staying the night but I prolly won't be back til late,SAFE,sms_phishing_v1,english,Legitimate
SMS_04304,THANX 4 PUTTIN DA FONE DOWN ON ME!!,SAFE,sms_phishing_v1,english,Legitimate
SMS_04305,"I need an 8th but I'm off campus atm, could I pick up in an hour or two?",SAFE,sms_phishing_v1,english,Legitimate
SMS_04306,"Oh... Haha... Den we shld had went today too... Gee, nvm la... Kaiez, i dun mind goin jazz oso... Scared hiphop open cant catch up...",SAFE,sms_phishing_v1,english,Legitimate
SMS_04307,Been running but only managed 5 minutes and then needed oxygen! Might have to resort to the roller option!,SAFE,sms_phishing_v1,english,Legitimate
SMS_04308,We live in the next  &lt;#&gt; mins,SAFE,sms_phishing_v1,english,Legitimate
SMS_04309,Y de asking like this.,SAFE,sms_phishing_v1,english,Legitimate
SMS_04310,Just glad to be talking to you.,SAFE,sms_phishing_v1,english,Legitimate
SMS_04311,Wat time Ì_ finish?,SAFE,sms_phishing_v1,english,Legitimate
SMS_04312,Sorry da. I gone mad so many pending works what to do.,SAFE,sms_phishing_v1,english,Legitimate
SMS_04313,How much you got for cleaning,SAFE,sms_phishing_v1,english,Legitimate
SMS_04314,hows my favourite person today? r u workin hard? couldn't sleep again last nite nearly rang u at 4.30,SAFE,sms_phishing_v1,english,Legitimate
SMS_04315,Sunshine Quiz! Win a super Sony DVD recorder if you canname the capital of Australia? Text MQUIZ to 82277. B,PHISHING,sms_phishing_v1,english,Spam
SMS_04316,ÌÏ called dad oredi...,SAFE,sms_phishing_v1,english,Legitimate
SMS_04317,Good. do you think you could send me some pix? I would love to see your top and bottom...,SAFE,sms_phishing_v1,english,Legitimate
SMS_04318,Nvm... I'm going to wear my sport shoes anyway... I'm going to be late leh.,SAFE,sms_phishing_v1,english,Legitimate
SMS_04319,"Sorry, I'll call later In meeting.",SAFE,sms_phishing_v1,english,Legitimate
SMS_04320,THIS IS A LONG FUCKIN SHOWR,SAFE,sms_phishing_v1,english,Legitimate
SMS_04321,"Received, understood n acted upon!",SAFE,sms_phishing_v1,english,Legitimate
SMS_04322,They finally came to fix the ceiling.,SAFE,sms_phishing_v1,english,Legitimate
SMS_04323,"U need my presnts always bcz U cant mis love. \jeevithathile irulinae neekunna prakasamanu sneham\"" prakasam ennal prabha 'That mns prabha is'LOVE' Got it. Dont mis me....""",SAFE,sms_phishing_v1,english,Legitimate
SMS_04324,Jus finish blowing my hair. U finish dinner already?,SAFE,sms_phishing_v1,english,Legitimate
SMS_04325,I'm on the bus. Love you,SAFE,sms_phishing_v1,english,Legitimate
SMS_04326,Lol ... I knew that .... I saw him in the dollar store,SAFE,sms_phishing_v1,english,Legitimate
SMS_04327,Todays Voda numbers ending with 7634 are selected to receive a å£350 reward. If you have a match please call 08712300220 quoting claim code 7684 standard rates apply.,PHISHING,sms_phishing_v1,english,Phishing
SMS_04328,Only saturday and sunday holiday so its very difficult:),SAFE,sms_phishing_v1,english,Legitimate
SMS_04329,Everybody had fun this evening. Miss you.,SAFE,sms_phishing_v1,english,Legitimate
SMS_04330,"Got hella gas money, want to go on a grand nature adventure with galileo in a little bit?",SAFE,sms_phishing_v1,english,Legitimate
SMS_04331,Oh wow thats gay. Will firmware update help,SAFE,sms_phishing_v1,english,Legitimate
SMS_04332,These won't do. Have to move on to morphine,SAFE,sms_phishing_v1,english,Legitimate
SMS_04333,How come i din c Ì_... Yup i cut my hair...,SAFE,sms_phishing_v1,english,Legitimate
SMS_04334,K k pa Had your lunch aha.,SAFE,sms_phishing_v1,english,Legitimate
SMS_04335,Captain vijaykanth is doing comedy in captain tv..he is drunken :),SAFE,sms_phishing_v1,english,Legitimate
SMS_04336,Of course. I guess god's just got me on hold right now.,SAFE,sms_phishing_v1,english,Legitimate
SMS_04337,Do you hide anythiing or keeping distance from me,SAFE,sms_phishing_v1,english,Legitimate
SMS_04338,Havent.,SAFE,sms_phishing_v1,english,Legitimate
SMS_04339,You are being ripped off! Get your mobile content from www.clubmoby.com call 08717509990 poly/true/Pix/Ringtones/Games six downloads for only 3,PHISHING,sms_phishing_v1,english,Spam
SMS_04340,Sorry i din lock my keypad.,SAFE,sms_phishing_v1,english,Legitimate
SMS_04341,Are you planning to come chennai?,SAFE,sms_phishing_v1,english,Legitimate
SMS_04342,We tried to contact you re your reply to our offer of a Video Phone 750 anytime any network mins Half Price Line Rental Camcorder Reply or call 08000930705,PHISHING,sms_phishing_v1,english,Spam
SMS_04343,God created gap btwn ur fingers so dat sum1 vry special will fill those gaps by holding ur hands.. Now plz dont ask y he created so much gap between legs !!!,SAFE,sms_phishing_v1,english,Legitimate
SMS_04344,We are okay. Going to sleep now. Later,SAFE,sms_phishing_v1,english,Legitimate
SMS_04345,"Finally it has happened..! Aftr decades..! BEER is now cheaper than PETROL! The goverment expects us to \DRINK\"". . . But don't \""DRIVE \""""",SAFE,sms_phishing_v1,english,Legitimate
SMS_04346,A å£400 XMAS REWARD IS WAITING FOR YOU! Our computer has randomly picked you from our loyal mobile customers to receive a å£400 reward. Just call 09066380611,PHISHING,sms_phishing_v1,english,Phishing
SMS_04347,Where r e meeting tmr?,SAFE,sms_phishing_v1,english,Legitimate
SMS_04348,Lol yes. But it will add some spice to your day.,SAFE,sms_phishing_v1,english,Legitimate
SMS_04349,Our Prasanth ettans mother passed away last night. Just pray for her and family.,SAFE,sms_phishing_v1,english,Legitimate
SMS_04350,"K, I'll work something out",SAFE,sms_phishing_v1,english,Legitimate
SMS_04351,PRIVATE! Your 2003 Account Statement for shows 800 un-redeemed S. I. M. points. Call 08718738002 Identifier Code: 48922 Expires 21/11/04,PHISHING,sms_phishing_v1,english,Phishing
SMS_04352,This message is from a great Doctor in India:-): 1) Do not drink APPY FIZZ. It contains Cancer causing age,SAFE,sms_phishing_v1,english,Legitimate
SMS_04353,You call him and tell now infront of them. Call him now.,SAFE,sms_phishing_v1,english,Legitimate
SMS_04354,Ok no prob...,SAFE,sms_phishing_v1,english,Legitimate
SMS_04355,Ladies first and genus second k .,SAFE,sms_phishing_v1,english,Legitimate
SMS_04356,No. Yes please. Been swimming?,SAFE,sms_phishing_v1,english,Legitimate
SMS_04357,Mum not going robinson already.,SAFE,sms_phishing_v1,english,Legitimate
SMS_04358,Ok set let u noe e details later...,SAFE,sms_phishing_v1,english,Legitimate
SMS_04359,Not..tel software name..,SAFE,sms_phishing_v1,english,Legitimate
SMS_04360,I send the print  outs da.,SAFE,sms_phishing_v1,english,Legitimate
SMS_04361,IM REALY SOZ IMAT MY MUMS 2NITE WHAT ABOUT 2MORO,SAFE,sms_phishing_v1,english,Legitimate
SMS_04362,"When I was born, GOD said, \Oh No! Another IDIOT\"". When you were born  \""OH No! COMPETITION\"". Who knew  one day these two will become FREINDS FOREVER!""",SAFE,sms_phishing_v1,english,Legitimate
SMS_04363,"I didnt get ur full msg..sometext is missing, send it again",SAFE,sms_phishing_v1,english,Legitimate
SMS_04364,"Probably not, I'm almost out of gas and I get some cash tomorrow",SAFE,sms_phishing_v1,english,Legitimate
SMS_04365,"Customer service announcement. We recently tried to make a delivery to you but were unable to do so, please call 07099833605 to re-schedule. Ref:9280114",PHISHING,sms_phishing_v1,english,Phishing
SMS_04366,I forgot 2 ask Ì_ all smth.. There's a card on da present lei... How? ÌÏ all want 2 write smth or sign on it?,SAFE,sms_phishing_v1,english,Legitimate
SMS_04367,I'm leaving my house now.,SAFE,sms_phishing_v1,english,Legitimate
SMS_04368,"Hi babe its Chloe, how r u? I was smashed on saturday night, it was great! How was your weekend? U been missing me? SP visionsms.com Text stop to stop 150p/text",PHISHING,sms_phishing_v1,english,Spam
SMS_04369,ÌÏ ready then call me...,SAFE,sms_phishing_v1,english,Legitimate
SMS_04370,Wewa is 130. Iriver 255. All 128 mb.,SAFE,sms_phishing_v1,english,Legitimate
SMS_04371,It is a good thing I'm now getting the connection to bw,SAFE,sms_phishing_v1,english,Legitimate
SMS_04372,Sry da..jst nw only i came to home..,SAFE,sms_phishing_v1,english,Legitimate
SMS_04373,"That's cool he'll be here all night, lemme know when you're around",SAFE,sms_phishing_v1,english,Legitimate
SMS_04374,Are you staying in town ?,SAFE,sms_phishing_v1,english,Legitimate
SMS_04375,"Haha yeah, 2 oz is kind of a shitload",SAFE,sms_phishing_v1,english,Legitimate
SMS_04376,Ok u can take me shopping when u get paid =D,SAFE,sms_phishing_v1,english,Legitimate
SMS_04377,"Alright we'll bring it to you, see you in like  &lt;#&gt;  mins",SAFE,sms_phishing_v1,english,Legitimate
SMS_04378,But pls dont play in others life.,SAFE,sms_phishing_v1,english,Legitimate
SMS_04379,Eatin my lunch...,SAFE,sms_phishing_v1,english,Legitimate
SMS_04380,Hmmm.but you should give it on one day..,SAFE,sms_phishing_v1,english,Legitimate
SMS_04381,"Didn't try, g and I decided not to head out",SAFE,sms_phishing_v1,english,Legitimate
SMS_04382,Ok no prob,SAFE,sms_phishing_v1,english,Legitimate
SMS_04383,Surly ill give it to you:-) while coming to review.,SAFE,sms_phishing_v1,english,Legitimate
SMS_04384,"By march ending, i should be ready. But will call you for sure. The problem is that my capital never complete. How far with you. How's work and the ladies",SAFE,sms_phishing_v1,english,Legitimate
SMS_04385,Pls give her the food preferably pap very slowly with loads of sugar. You can take up to an hour to give it. And then some water. Very very slowly.,SAFE,sms_phishing_v1,english,Legitimate
SMS_04386,"URGENT! Your Mobile No 07808726822 was awarded a å£2,000 Bonus Caller Prize on 02/09/03! This is our 2nd attempt to contact YOU! Call 0871-872-9758 BOX95QU",PHISHING,sms_phishing_v1,english,Phishing
SMS_04387,A guy who gets used but is too dumb to realize it.,SAFE,sms_phishing_v1,english,Legitimate
SMS_04388,"Okey dokey, iÛ÷ll be over in a bit just sorting some stuff out.",SAFE,sms_phishing_v1,english,Legitimate
SMS_04389,Yes fine,SAFE,sms_phishing_v1,english,Legitimate
SMS_04390,I liked the new mobile,SAFE,sms_phishing_v1,english,Legitimate
SMS_04391,Anytime...,SAFE,sms_phishing_v1,english,Legitimate
SMS_04392,Mmmmmmm *snuggles into you* ...*deep contented sigh* ... *whispers* ... I fucking love you so much I can barely stand it ...,SAFE,sms_phishing_v1,english,Legitimate
SMS_04393,Yar but they say got some error.,SAFE,sms_phishing_v1,english,Legitimate
SMS_04394,Hey anyway i have to :-),SAFE,sms_phishing_v1,english,Legitimate
SMS_04395,Wow so healthy. Old airport rd lor. Cant thk of anything else. But i'll b bathing my dog later.,SAFE,sms_phishing_v1,english,Legitimate
SMS_04396,Wif my family booking tour package.,SAFE,sms_phishing_v1,english,Legitimate
SMS_04397,"Did you say bold, then torch later. Or one torch and 2bold?",SAFE,sms_phishing_v1,english,Legitimate
SMS_04398,"Haha awesome, I might need to take you up on that, what you doin tonight?",SAFE,sms_phishing_v1,english,Legitimate
SMS_04399,Ya i knw u vl giv..its ok thanks kano..anyway enjoy wit ur family wit 1st salary..:-);-),SAFE,sms_phishing_v1,english,Legitimate
SMS_04400,Huh so slow i tot u reach long ago liao... U 2 more days only i 4 more leh...,SAFE,sms_phishing_v1,english,Legitimate
SMS_04401,Thats cool princess! I will cover your face in hot sticky cum :),SAFE,sms_phishing_v1,english,Legitimate
SMS_04402,Big brotherÛ÷s really scraped the barrel with this shower of social misfits,SAFE,sms_phishing_v1,english,Legitimate
SMS_04403,Oops i thk i dun haf enuff... I go check then tell Ì_..,SAFE,sms_phishing_v1,english,Legitimate
SMS_04404,S:)8 min to go for lunch:),SAFE,sms_phishing_v1,english,Legitimate
SMS_04405,"Hey. What happened? U switch off ur cell d whole day. This isnt good. Now if u do care, give me a call tomorrow.",SAFE,sms_phishing_v1,english,Legitimate
SMS_04406,"K will do, addie &amp; I are doing some art so I'll be here when you get home",SAFE,sms_phishing_v1,english,Legitimate
SMS_04407,"Aiyo... Her lesson so early... I'm still sleepin, haha... Okie, u go home liao den confirm w me lor...",SAFE,sms_phishing_v1,english,Legitimate
SMS_04408,Forgot to tell Ì_ smth.. Can Ì_ like number the sections so that it's clearer..,SAFE,sms_phishing_v1,english,Legitimate
SMS_04409,"Yup. Anything lor, if u dun wan it's ok...",SAFE,sms_phishing_v1,english,Legitimate
SMS_04410,"I'm home, my love ... If your still awake ... *loving kiss*",SAFE,sms_phishing_v1,english,Legitimate
SMS_04411,HELLO PEACH! MY CAKE TASTS LUSH!,SAFE,sms_phishing_v1,english,Legitimate
SMS_04412,"FREE GAME. Get Rayman Golf 4 FREE from the O2 Games Arcade. 1st get UR games settings. Reply POST, then save & activ8. Press 0 key for Arcade. Termsapply",PHISHING,sms_phishing_v1,english,Spam
SMS_04413,"There'll be a minor shindig at my place later tonight, you interested?",SAFE,sms_phishing_v1,english,Legitimate
SMS_04414,Jason says it's cool if we pick some up from his place in like an hour,SAFE,sms_phishing_v1,english,Legitimate
SMS_04415,"Had your mobile 10 mths? Update to the latest Camera/Video phones for FREE. KEEP UR SAME NUMBER, Get extra free mins/texts. Text YES for a call",PHISHING,sms_phishing_v1,english,Phishing
SMS_04416,I (Career Tel) have added u as a contact on INDYAROCKS.COM to send FREE SMS. To remove from phonebook - sms NO to  &lt;#&gt;,SAFE,sms_phishing_v1,english,Legitimate
SMS_04417,I've reached already.,SAFE,sms_phishing_v1,english,Legitimate
SMS_04418,I dont know ask to my brother. Nothing problem some thing that. Just i told .,SAFE,sms_phishing_v1,english,Legitimate
SMS_04419,K:)eng rocking in ashes:),SAFE,sms_phishing_v1,english,Legitimate
SMS_04420,Wat time r Ì_ going to xin's hostel?,SAFE,sms_phishing_v1,english,Legitimate
SMS_04421,Good Morning my Dear Shijutta........... Have a great &amp; successful day.,SAFE,sms_phishing_v1,english,Legitimate
SMS_04422,Oh k:)after that placement there ah?,SAFE,sms_phishing_v1,english,Legitimate
SMS_04423,"Not for possession, especially not first offense",SAFE,sms_phishing_v1,english,Legitimate
SMS_04424,"Nt only for driving even for many reasons she is called BBD..thts it chikku, then hw abt dvg cold..heard tht vinobanagar violence hw is the condition..and hw ru ? Any problem?",SAFE,sms_phishing_v1,english,Legitimate
SMS_04425,I bought the test yesterday. Its something that lets you know the exact day u ovulate.when will get 2u in about 2 to 3wks. But pls pls dont fret. I know u r worried. Pls relax. Also is there anything in ur past history u need to tell me?,SAFE,sms_phishing_v1,english,Legitimate
SMS_04426,We have pizza if u want,SAFE,sms_phishing_v1,english,Legitimate
SMS_04427,"I keep seeing weird shit and bein all \woah\"" then realising it's actually reasonable and I'm all \""oh\""""",SAFE,sms_phishing_v1,english,Legitimate
SMS_04428,Many more happy returns of the day. I wish you happy birthday.,SAFE,sms_phishing_v1,english,Legitimate
SMS_04429,"\Thinking of u ;) x\""""",SAFE,sms_phishing_v1,english,Legitimate
SMS_04430,Orh i tot u say she now still dun believe.,SAFE,sms_phishing_v1,english,Legitimate
SMS_04431,"When you just put in the + sign, choose my number and the pin will show. Right?",SAFE,sms_phishing_v1,english,Legitimate
SMS_04432,The beauty of life is in next second.. which hides thousands of secrets. I wish every second will be wonderful in ur life...!! gud n8,SAFE,sms_phishing_v1,english,Legitimate
SMS_04433,Thanx u darlin!im cool thanx. A few bday drinks 2 nite. 2morrow off! Take care c u soon.xxx,SAFE,sms_phishing_v1,english,Legitimate
SMS_04434,"If you're still up, maybe leave the credit card so I can get gas when I get back like he told me to",SAFE,sms_phishing_v1,english,Legitimate
SMS_04435,Your weekly Cool-Mob tones are ready to download !This weeks new Tones include: 1) Crazy Frog-AXEL F>>> 2) Akon-Lonely>>> 3) Black Eyed-Dont P >>>More info in n,PHISHING,sms_phishing_v1,english,Spam
SMS_04436,Well boy am I glad G wasted all night at applebees for nothing,SAFE,sms_phishing_v1,english,Legitimate
SMS_04437,Cashbin.co.uk (Get lots of cash this weekend!) www.cashbin.co.uk Dear Welcome to the weekend We have got our biggest and best EVER cash give away!! These..,PHISHING,sms_phishing_v1,english,Spam
SMS_04438,Ok lor... Or u wan me go look 4 u?,SAFE,sms_phishing_v1,english,Legitimate
SMS_04439,U wan 2 haf lunch i'm in da canteen now.,SAFE,sms_phishing_v1,english,Legitimate
SMS_04440,Don't make life too stressfull.. Always find time to Laugh.. It may not add years to your Life! But surely adds more life to ur years!! Gud ni8..swt dreams..,SAFE,sms_phishing_v1,english,Legitimate
SMS_04441,"hey, looks like I was wrong and one of the kappa guys numbers is still on my phone, if you want I can text him and see if he's around",SAFE,sms_phishing_v1,english,Legitimate
SMS_04442,Thanks 4 your continued support Your question this week will enter u in2 our draw 4 å£100 cash. Name the NEW US President? txt ans to 80082,PHISHING,sms_phishing_v1,english,Spam
SMS_04443,I'm home. Doc gave me pain meds says everything is fine.,SAFE,sms_phishing_v1,english,Legitimate
SMS_04444,It's Ì© only $140 ard...Ìä rest all ard $180 at least...Which is Ì© price 4 Ì© 2 bedrm ($900),SAFE,sms_phishing_v1,english,Legitimate
SMS_04445,Me too! Have a lovely night xxx,SAFE,sms_phishing_v1,english,Legitimate
SMS_04446,Prepare to be pleasured :),SAFE,sms_phishing_v1,english,Legitimate
SMS_04447,Hi.:)technical support.providing assistance to us customer through call and email:),SAFE,sms_phishing_v1,english,Legitimate
SMS_04448,if you text on your way to cup stop that should work. And that should be BUS,SAFE,sms_phishing_v1,english,Legitimate
SMS_04449,Whens your radio show?,SAFE,sms_phishing_v1,english,Legitimate
SMS_04450,Your unique user ID is 1172. For removal send STOP to 87239 customer services 08708034412,PHISHING,sms_phishing_v1,english,Spam
SMS_04451,I'm not sure if its still available though,SAFE,sms_phishing_v1,english,Legitimate
SMS_04452,watever reLation u built up in dis world only thing which remains atlast iz lonlines with lotz n lot memories! feeling..,SAFE,sms_phishing_v1,english,Legitimate
SMS_04453,CHEERS LOU! YEAH WAS A GOODNITE SHAME U NEVA CAME! C YA GAILxx,SAFE,sms_phishing_v1,english,Legitimate
SMS_04454,Hi..i got the money da:),SAFE,sms_phishing_v1,english,Legitimate
SMS_04455,Ok then u tell me wat time u coming later lor.,SAFE,sms_phishing_v1,english,Legitimate
SMS_04456,U repeat e instructions again. Wat's e road name of ur house?,SAFE,sms_phishing_v1,english,Legitimate
SMS_04457,Quite lor. But dun tell him wait he get complacent...,SAFE,sms_phishing_v1,english,Legitimate
SMS_04458,Sorry completely forgot * will pop em round this week if your still here?,SAFE,sms_phishing_v1,english,Legitimate
SMS_04459,U R THE MOST BEAUTIFUL GIRL IVE EVER SEEN. U R MY BABY COME AND C ME IN THE COMMON ROOM,SAFE,sms_phishing_v1,english,Legitimate
SMS_04460,O we cant see if we can join denis and mina? Or does denis want alone time,SAFE,sms_phishing_v1,english,Legitimate
SMS_04461,Sen told that he is going to join his uncle finance in cbe,SAFE,sms_phishing_v1,english,Legitimate
SMS_04462,Yup... Hey then one day on fri we can ask miwa and jiayin take leave go karaoke,SAFE,sms_phishing_v1,english,Legitimate
SMS_04463,"Call me, i am senthil from hsbc.",SAFE,sms_phishing_v1,english,Legitimate
SMS_04464,"Especially since i talk about boston all up in my personal statement, lol! I woulda changed that if i had realized it said nyc! It says boston now.",SAFE,sms_phishing_v1,english,Legitimate
SMS_04465,Indeed and by the way it was either or - not both !,SAFE,sms_phishing_v1,english,Legitimate
SMS_04466,"Urgent -call 09066649731from Landline. Your complimentary 4* Ibiza Holiday or å£10,000 cash await collection SAE T&Cs PO BOX 434 SK3 8WP 150ppm 18+",PHISHING,sms_phishing_v1,english,Phishing
SMS_04467,Holy living christ what is taking you so long,SAFE,sms_phishing_v1,english,Legitimate
SMS_04468,ÌÏ thk of wat to eat tonight.,SAFE,sms_phishing_v1,english,Legitimate
SMS_04469,"Thanx. Yup we coming back on sun. Finish dinner going back 2 hotel now. Time flies, we're tog 4 exactly a mth today. Hope we'll haf many more mths to come...",SAFE,sms_phishing_v1,english,Legitimate
SMS_04470,We're on the opposite side from where we dropped you off,SAFE,sms_phishing_v1,english,Legitimate
SMS_04471,Yup. Izzit still raining heavily cos i'm in e mrt i can't c outside.,SAFE,sms_phishing_v1,english,Legitimate
SMS_04472,Send me your resume:-),SAFE,sms_phishing_v1,english,Legitimate
SMS_04473,Gd luck 4 ur exams :-),SAFE,sms_phishing_v1,english,Legitimate
SMS_04474,Or u ask they all if next sat can a not. If all of them can make it then i'm ok lor.,SAFE,sms_phishing_v1,english,Legitimate
SMS_04475,Sorry that was my uncle. I.ll keep in touch,SAFE,sms_phishing_v1,english,Legitimate
SMS_04476,Saw Guys and Dolls last night with Patrick Swayze it was great,SAFE,sms_phishing_v1,english,Legitimate
SMS_04477,URGENT This is our 2nd attempt to contact U. Your å£900 prize from YESTERDAY is still awaiting collection. To claim CALL NOW 09061702893,PHISHING,sms_phishing_v1,english,Phishing
SMS_04478,Santa calling! Would your little ones like a call from Santa Xmas Eve? Call 09077818151 to book you time. Calls1.50ppm last 3mins 30s T&C www.santacalling.com,PHISHING,sms_phishing_v1,english,Spam
SMS_04479,Just come home. I don't want u to be miserable,SAFE,sms_phishing_v1,english,Legitimate
SMS_04480,I dont know why she.s not getting your messages,SAFE,sms_phishing_v1,english,Legitimate
SMS_04481,"its cool but tyler had to take off so we're gonna buy for him and drop it off at his place later tonight. Our total order is a quarter, you got enough?",SAFE,sms_phishing_v1,english,Legitimate
SMS_04482,"The guy at the car shop who was flirting with me got my phone number from the paperwork and called and texted me. I'm nervous because of course now he may have my address. Should i call his boss and tell him, knowing this may get him fired?",SAFE,sms_phishing_v1,english,Legitimate
SMS_04483,How do you plan to manage that,SAFE,sms_phishing_v1,english,Legitimate
SMS_04484,"Er, hello, things didnÛ÷t quite go to plan ÛÒ is limping slowly home followed by aa and with exhaust hanging off",SAFE,sms_phishing_v1,english,Legitimate
SMS_04485,Sorry for the delay. Yes masters,SAFE,sms_phishing_v1,english,Legitimate
SMS_04486,Call me when u finish then i come n pick u.,SAFE,sms_phishing_v1,english,Legitimate
SMS_04487,PRIVATE! Your 2004 Account Statement for 078498****7 shows 786 unredeemed Bonus Points. To claim call 08719180219 Identifier Code: 45239 Expires 06.05.05,PHISHING,sms_phishing_v1,english,Phishing
SMS_04488,What's up my own oga. Left my phone at home and just saw ur messages. Hope you are good. Have a great weekend.,SAFE,sms_phishing_v1,english,Legitimate
SMS_04489,"Don't worry though, I understand how important it is that I be put in my place with a poorly thought out punishment in the face of the worst thing that has ever happened to me. Brb gonna go kill myself",SAFE,sms_phishing_v1,english,Legitimate
SMS_04490,"Honey, can you pls find out how much they sell Predicte in Nigeria. And how many times can it be used. Its very important to have a reply before monday",SAFE,sms_phishing_v1,english,Legitimate
SMS_04491,E admin building there? I might b slightly earlier... I'll call u when i'm reaching...,SAFE,sms_phishing_v1,english,Legitimate
SMS_04492,"fyi I'm at usf now, swing by the room whenever",SAFE,sms_phishing_v1,english,Legitimate
SMS_04493,i can call in  &lt;#&gt;  min if thats ok,SAFE,sms_phishing_v1,english,Legitimate
SMS_04494,ÌÏ no home work to do meh...,SAFE,sms_phishing_v1,english,Legitimate
SMS_04495,Anything is valuable in only 2 situations: First- Before getting it... Second- After loosing it...,SAFE,sms_phishing_v1,english,Legitimate
SMS_04496,Me too. Mark is taking forever to pick up my prescription and the pain is coming back.,SAFE,sms_phishing_v1,english,Legitimate
SMS_04497,How's ur paper?,SAFE,sms_phishing_v1,english,Legitimate
SMS_04498,Got smaller capacity one? Quite ex...,SAFE,sms_phishing_v1,english,Legitimate
SMS_04499,Check Out Choose Your Babe Videos @ sms.shsex.netUN fgkslpoPW fgkslpo,PHISHING,sms_phishing_v1,english,Spam
SMS_04500,Im good! I have been thinking about you...,SAFE,sms_phishing_v1,english,Legitimate
SMS_04501,u r a winner U ave been specially selected 2 receive å£1000 cash or a 4* holiday (flights inc) speak to a live operator 2 claim 0871277810710p/min (18 ),PHISHING,sms_phishing_v1,english,Phishing
SMS_04502,:-) :-),SAFE,sms_phishing_v1,english,Legitimate
SMS_04503,Not thought bout it... || Drink in tap & spile at seven. || Is that pub on gas st off broad st by canal. || Ok?,SAFE,sms_phishing_v1,english,Legitimate
SMS_04504,I am going to sleep. I am tired of travel.,SAFE,sms_phishing_v1,english,Legitimate
SMS_04505,"Haha, just what I was thinkin",SAFE,sms_phishing_v1,english,Legitimate
SMS_04506,Yup but it's not giving me problems now so mayb i'll jus leave it...,SAFE,sms_phishing_v1,english,Legitimate
SMS_04507,Lol no. Just trying to make your day a little more interesting,SAFE,sms_phishing_v1,english,Legitimate
SMS_04508,"How long before you get reply, just defer admission til next semester",SAFE,sms_phishing_v1,english,Legitimate
SMS_04509,"The word \Checkmate\"" in chess comes from the Persian phrase \""Shah Maat\"" which means; \""the king is dead..\"" Goodmorning.. Have a good day..:)""",SAFE,sms_phishing_v1,english,Legitimate
SMS_04510,Po de :-):):-):-):-). No need job aha.,SAFE,sms_phishing_v1,english,Legitimate
SMS_04511,Rats. Hey did u ever vote for the next themes?,SAFE,sms_phishing_v1,english,Legitimate
SMS_04512,"New Mobiles from 2004, MUST GO! Txt: NOKIA to No: 89545 & collect yours today! From ONLY å£1. www.4-tc.biz 2optout 087187262701.50gbp/mtmsg18 TXTAUCTION.",PHISHING,sms_phishing_v1,english,Spam
SMS_04513,I hope your pee burns tonite.,SAFE,sms_phishing_v1,english,Legitimate
SMS_04514,"OH RITE. WELL IM WITH MY BEST MATE PETE, WHO I WENT OUT WITH 4 A WEEK+ NOW WERE 2GEVA AGAIN. ITS BEEN LONGER THAN A WEEK.",SAFE,sms_phishing_v1,english,Legitimate
SMS_04515,Yay can't wait to party together!,SAFE,sms_phishing_v1,english,Legitimate
SMS_04516,....photoshop makes my computer shut down.,SAFE,sms_phishing_v1,english,Legitimate
SMS_04517,All boys made fun of me today. Ok i have no problem. I just sent one message just for fun,SAFE,sms_phishing_v1,english,Legitimate
SMS_04518,That's one of the issues but california is okay. No snow so its manageable,SAFE,sms_phishing_v1,english,Legitimate
SMS_04519,PRIVATE! Your 2003 Account Statement for shows 800 un-redeemed S. I. M. points. Call 08715203652 Identifier Code: 42810 Expires 29/10/0,PHISHING,sms_phishing_v1,english,Phishing
SMS_04520,"Hmmm.... Mayb can try e shoppin area one, but forgot e name of hotel...",SAFE,sms_phishing_v1,english,Legitimate
SMS_04521,"Awesome, that gonna be soon or later tonight?",SAFE,sms_phishing_v1,english,Legitimate
SMS_04522,I need details about that online job.,SAFE,sms_phishing_v1,english,Legitimate
SMS_04523,YOU HAVE WON! As a valued Vodafone customer our computer has picked YOU to win a å£150 prize. To collect is easy. Just call 09061743386,PHISHING,sms_phishing_v1,english,Phishing
SMS_04524,Missing you too.pray inshah allah,SAFE,sms_phishing_v1,english,Legitimate
SMS_04525,Pls help me tell Ashley that i cant find her number oh,SAFE,sms_phishing_v1,english,Legitimate
SMS_04526,S.this will increase the chance of winning.,SAFE,sms_phishing_v1,english,Legitimate
SMS_04527,either way works for me. I am  &lt;#&gt;  years old. Hope that doesnt bother you.,SAFE,sms_phishing_v1,english,Legitimate
SMS_04528,Maybe you should find something else to do instead???,SAFE,sms_phishing_v1,english,Legitimate
SMS_04529,Gain the rights of a wife.dont demand it.i am trying as husband too.Lets see,SAFE,sms_phishing_v1,english,Legitimate
SMS_04530,I liked your new house,SAFE,sms_phishing_v1,english,Legitimate
SMS_04531,I'm fine. Hope you are also,SAFE,sms_phishing_v1,english,Legitimate
SMS_04532,"Also north carolina and texas atm, you would just go to the gre site and pay for the test results to be sent.",SAFE,sms_phishing_v1,english,Legitimate
SMS_04533,Same to u...,SAFE,sms_phishing_v1,english,Legitimate
SMS_04534,yes baby! I need to stretch open your pussy!,SAFE,sms_phishing_v1,english,Legitimate
SMS_04535,Thanks  and ! Or bomb and date as my phone wanted to say!,SAFE,sms_phishing_v1,english,Legitimate
SMS_04536,"Hey, a guy I know is breathing down my neck to get him some bud, anyway you'd be able to get a half track to usf tonight?",SAFE,sms_phishing_v1,english,Legitimate
SMS_04537,"\Response\"" is one of d powerful weapon 2 occupy a place in others 'HEART'... So  always give response 2 who cares 4 U\""... Gud night..swt dreams..take care""",SAFE,sms_phishing_v1,english,Legitimate
SMS_04538,Nokia phone is lovly..,SAFE,sms_phishing_v1,english,Legitimate
SMS_04539,**FREE MESSAGE**Thanks for using the Auction Subscription Service. 18 . 150p/MSGRCVD 2 Skip an Auction txt OUT. 2 Unsubscribe txt STOP CustomerCare 08718726270,PHISHING,sms_phishing_v1,english,Spam
SMS_04540,Sorry da..today i wont come to play..i have driving clas..,SAFE,sms_phishing_v1,english,Legitimate
SMS_04541,I'm really sorry I lit your hair on fire,SAFE,sms_phishing_v1,english,Legitimate
SMS_04542,"Oh! Shit, I thought that was your trip! Loooooool ... That just makes SO much more sense now ... *grins* and the sofa reference was ... The \sleep on a couch\"" link you sent me ... Wasn't that how you went on your trip ? Oh ... And didn't your babe go with you for that celebration with your rents?""",SAFE,sms_phishing_v1,english,Legitimate
SMS_04543,Okey dokey swashbuckling stuff what oh.,SAFE,sms_phishing_v1,english,Legitimate
SMS_04544,1. Tension face 2. Smiling face 3. Waste face 4. Innocent face 5.Terror face 6.Cruel face 7.Romantic face 8.Lovable face 9.decent face  &lt;#&gt; .joker face.,SAFE,sms_phishing_v1,english,Legitimate
SMS_04545,Dip's cell dead. So i m coming with him. U better respond else we shall come back.,SAFE,sms_phishing_v1,english,Legitimate
SMS_04546,Well. You know what i mean. Texting,SAFE,sms_phishing_v1,english,Legitimate
SMS_04547,Hi dis is yijue i would be happy to work wif Ì_ all for gek1510...,SAFE,sms_phishing_v1,english,Legitimate
SMS_04548,Lol! Oops sorry! Have fun.,SAFE,sms_phishing_v1,english,Legitimate
SMS_04549,Wat happened to the cruise thing,SAFE,sms_phishing_v1,english,Legitimate
SMS_04550,"I know dat feelin had it with Pete! Wuld get with em , nuther place nuther time mayb?",SAFE,sms_phishing_v1,english,Legitimate
SMS_04551,lyricalladie(21/F) is inviting you to be her friend. Reply YES-910 or NO-910. See her: www.SMS.ac/u/hmmross STOP? Send STOP FRND to 62468,PHISHING,sms_phishing_v1,english,Spam
SMS_04552,The world's most happiest frnds never have the same characters... Dey just have the best understanding of their differences...,SAFE,sms_phishing_v1,english,Legitimate
SMS_04553,Yeah just open chat and click friend lists. Then make the list. Easy as pie,SAFE,sms_phishing_v1,english,Legitimate
SMS_04554,alright tyler's got a minor crisis and has to be home sooner than he thought so be here asap,SAFE,sms_phishing_v1,english,Legitimate
SMS_04555,When/where do I pick you up,SAFE,sms_phishing_v1,english,Legitimate
SMS_04556,As usual u can call me ard 10 smth.,SAFE,sms_phishing_v1,english,Legitimate
SMS_04557,For many things its an antibiotic and it can be used for chest abdomen and gynae infections even bone infections.,SAFE,sms_phishing_v1,english,Legitimate
SMS_04558,Poor girl can't go one day lmao,SAFE,sms_phishing_v1,english,Legitimate
SMS_04559,Or just do that 6times,SAFE,sms_phishing_v1,english,Legitimate
SMS_04560,You have to pls make a note of all she.s exposed to. Also find out from her school if anyone else was vomiting. Is there a dog or cat in the house? Let me know later.,SAFE,sms_phishing_v1,english,Legitimate
SMS_04561,Sounds like there could be a lot of time spent in that chastity device boy ... *grins* ... Or take your beatings like a good dog. Going to lounge in a nice long bath now ?,SAFE,sms_phishing_v1,english,Legitimate
SMS_04562,Its worse if if uses half way then stops. Its better for him to complete it.,SAFE,sms_phishing_v1,english,Legitimate
SMS_04563,Miserable. They don't tell u that the side effects of birth control are massive gut wrenching cramps for the first 2 months. I didn't sleep at all last night.,SAFE,sms_phishing_v1,english,Legitimate
SMS_04564,Send me the new number,SAFE,sms_phishing_v1,english,Legitimate
SMS_04565,Want the latest Video handset? 750 anytime any network mins? Half price line rental? Reply or call 08000930705 for delivery tomorrow,PHISHING,sms_phishing_v1,english,Phishing
SMS_04566,2 and half years i missed your friendship:-),SAFE,sms_phishing_v1,english,Legitimate
SMS_04567,Oh for fuck's sake she's in like tallahassee,SAFE,sms_phishing_v1,english,Legitimate
SMS_04568,"Haha, that was the first person I was gonna ask",SAFE,sms_phishing_v1,english,Legitimate
SMS_04569,"ou are guaranteed the latest Nokia Phone, a 40GB iPod MP3 player or a å£500 prize! Txt word: COLLECT to No: 83355! IBHltd LdnW15H 150p/Mtmsgrcvd18",PHISHING,sms_phishing_v1,english,Phishing
SMS_04570,Taka lor. Wat time u wan 2 come n look 4 us?,SAFE,sms_phishing_v1,english,Legitimate
SMS_04571,* FREE* POLYPHONIC RINGTONE Text SUPER to 87131 to get your FREE POLY TONE of the week now! 16 SN PoBox202 NR31 7ZS subscription 450pw,PHISHING,sms_phishing_v1,english,Spam
SMS_04572,"\I;m reaching in another 2 stops.\""""",SAFE,sms_phishing_v1,english,Legitimate
SMS_04573,"no, i *didn't* mean to post it. I wrote it, and like so many other times i've ritten stuff to you, i let it sit there. it WAS what i was feeling at the time. I was angry. Before i left, i hit send, then stop. It wasn't there. I checked on my phone when i got to my car. It wasn't there. You said you didn't sleep, you were bored. So why wouldn't THAT be the time to clean, fold laundry, etc.? At least make the bed?",SAFE,sms_phishing_v1,english,Legitimate
SMS_04574,Warner Village 83118 C Colin Farrell in SWAT this wkend @Warner Village & get 1 free med. Popcorn!Just show msg+ticket@kiosk.Valid 4-7/12. C t&c @kiosk. Reply SONY 4 mre film offers,PHISHING,sms_phishing_v1,english,Spam
SMS_04575,Will you come online today night,SAFE,sms_phishing_v1,english,Legitimate
SMS_04576,Then anything special?,SAFE,sms_phishing_v1,english,Legitimate
SMS_04577,"I'm in solihull, | do you want anything?",SAFE,sms_phishing_v1,english,Legitimate
SMS_04578,Will do. Have a good day,SAFE,sms_phishing_v1,english,Legitimate
SMS_04579,WE REGRET TO INFORM U THAT THE NHS HAS MADE A MISTAKE.U WERE NEVER ACTUALLY BORN.PLEASE REPORT 2 YOR LOCAL HOSPITAL 2B TERMINATED.WE R SORRY 4 THE INCONVENIENCE,SAFE,sms_phishing_v1,english,Legitimate
SMS_04580,Love that holiday Monday feeling even if I have to go to the dentists in an hour,SAFE,sms_phishing_v1,english,Legitimate
SMS_04581,I am on the way to tirupur.,SAFE,sms_phishing_v1,english,Legitimate
SMS_04582,"Goal! Arsenal 4 (Henry, 7 v Liverpool 2 Henry scores with a simple shot from 6 yards from a pass by Bergkamp to give Arsenal a 2 goal margin after 78 mins.",PHISHING,sms_phishing_v1,english,Spam
SMS_04583,You've already got a flaky parent. It'snot supposed to be the child's job to support the parent...not until they're The Ride age anyway. I'm supposed to be there to support you. And now i've hurt you. unintentional. But hurt nonetheless.,SAFE,sms_phishing_v1,english,Legitimate
SMS_04584,We took hooch for a walk toaday and i fell over! Splat! Grazed my knees and everything! Should have stayed at home! See you tomorrow!,SAFE,sms_phishing_v1,english,Legitimate
SMS_04585,"Just dropped em off, omw back now",SAFE,sms_phishing_v1,english,Legitimate
SMS_04586,Sitting in mu waiting for everyone to get out of my suite so I can take a shower,SAFE,sms_phishing_v1,english,Legitimate
SMS_04587,Re your call; You didn't see my facebook huh?,SAFE,sms_phishing_v1,english,Legitimate
SMS_04588,"G says you never answer your texts, confirm/deny",SAFE,sms_phishing_v1,english,Legitimate
SMS_04589,"Its so common hearin How r u? Wat r u doing? How was ur day? So let me ask u something different. Did u smile today? If not, do it now.... Gud evng.",SAFE,sms_phishing_v1,english,Legitimate
SMS_04590,Oh yah... We never cancel leh... Haha,SAFE,sms_phishing_v1,english,Legitimate
SMS_04591,We can go 4 e normal pilates after our intro...,SAFE,sms_phishing_v1,english,Legitimate
SMS_04592,Ok... Let u noe when i leave my house.,SAFE,sms_phishing_v1,english,Legitimate
SMS_04593,"Oh yes, why is it like torture watching england?",SAFE,sms_phishing_v1,english,Legitimate
SMS_04594,Wanna do some art?! :D,SAFE,sms_phishing_v1,english,Legitimate
SMS_04595,Just hopeing that wasnÛ÷t too pissed up to remember and has gone off to his sisters or something!,SAFE,sms_phishing_v1,english,Legitimate
SMS_04596,"Hi, the SEXYCHAT girls are waiting for you to text them. Text now for a great night chatting. send STOP to stop this service",PHISHING,sms_phishing_v1,english,Spam
SMS_04597,"Good morning, my boytoy! How's those yummy lips ? Where's my sexy buns now ? What do you do ? Do you think of me ? Do you crave me ? Do you need me ?",SAFE,sms_phishing_v1,english,Legitimate
SMS_04598,Match started.india  &lt;#&gt;  for 2,SAFE,sms_phishing_v1,english,Legitimate
SMS_04599,Once free call me sir.,SAFE,sms_phishing_v1,english,Legitimate
SMS_04600,Hey do you want anything to buy:),SAFE,sms_phishing_v1,english,Legitimate
SMS_04601,"Hey babe, how's it going ? Did you ever figure out where your going for New Years ?",SAFE,sms_phishing_v1,english,Legitimate
SMS_04602,K..k.:)congratulation ..,SAFE,sms_phishing_v1,english,Legitimate
SMS_04603,G wants to know where the fuck you are,SAFE,sms_phishing_v1,english,Legitimate
SMS_04604,No it was cancelled yeah baby! Well that sounds important so i understand my darlin give me a ring later on this fone love Kate x,SAFE,sms_phishing_v1,english,Legitimate
SMS_04605,Tomarrow i want to got to court. At  &lt;DECIMAL&gt; . So you come to bus stand at 9.,SAFE,sms_phishing_v1,english,Legitimate
SMS_04606,ÌÏ go home liao? Ask dad to pick me up at 6...,SAFE,sms_phishing_v1,english,Legitimate
SMS_04607,Omg you can make a wedding chapel in frontierville? Why do they get all the good stuff?,SAFE,sms_phishing_v1,english,Legitimate
SMS_04608,"I'm eatin now lor, but goin back to work soon... E mountain deer show huh... I watch b4 liao, very nice...",SAFE,sms_phishing_v1,english,Legitimate
SMS_04609,Check mail.i have mailed varma and kept copy to you regarding membership.take care.insha allah.,SAFE,sms_phishing_v1,english,Legitimate
SMS_04610,Wrong phone! This phone! I answer this one but assume the other is people i don't well,SAFE,sms_phishing_v1,english,Legitimate
SMS_04611,"Anyway I don't think I can secure anything up here, lemme know if you want me to drive down south and chill",SAFE,sms_phishing_v1,english,Legitimate
SMS_04612,I'm already back home so no probably not,SAFE,sms_phishing_v1,english,Legitimate
SMS_04613,"Hi this is Amy, we will be sending you a free phone number in a couple of days, which will give you an access to all the adult parties...",PHISHING,sms_phishing_v1,english,Spam
SMS_04614,I am in bus on the way to calicut,SAFE,sms_phishing_v1,english,Legitimate
SMS_04615,Hi its me you are probably having too much fun to get this message but i thought id txt u cos im bored! and james has been farting at me all night,SAFE,sms_phishing_v1,english,Legitimate
SMS_04616,hi baby im sat on the bloody bus at the mo and i wont be home until about 7:30 wanna do somethin later? call me later ortxt back jess xx,SAFE,sms_phishing_v1,english,Legitimate
SMS_04617,"Welcome to Select, an O2 service with added benefits. You can now call our specially trained advisors FREE from your mobile by dialling 402.",PHISHING,sms_phishing_v1,english,Spam
SMS_04618,I lost 4 pounds since my doc visit last week woot woot! Now I'm gonna celebrate by stuffing my face!,SAFE,sms_phishing_v1,english,Legitimate
SMS_04619,U coming back 4 dinner rite? Dad ask me so i re confirm wif u...,SAFE,sms_phishing_v1,english,Legitimate
SMS_04620,Doing my masters. When will you buy a bb cos i have for sale and how's bf,SAFE,sms_phishing_v1,english,Legitimate
SMS_04621,"Ahhhh...just woken up!had a bad dream about u tho,so i dont like u right now :) i didnt know anything about comedy night but i guess im up for it.",SAFE,sms_phishing_v1,english,Legitimate
SMS_04622,I'm vivek:)i got call from your number.,SAFE,sms_phishing_v1,english,Legitimate
SMS_04623,Why didn't u call on your lunch?,SAFE,sms_phishing_v1,english,Legitimate
SMS_04624,"What i mean was i left too early to check, cos i'm working a 9-6.",SAFE,sms_phishing_v1,english,Legitimate
SMS_04625,I want  &lt;#&gt;  rs da:)do you have it?,SAFE,sms_phishing_v1,english,Legitimate
SMS_04626,I want to see your pretty pussy...,SAFE,sms_phishing_v1,english,Legitimate
SMS_04627,Dear Voucher holder Have your next meal on us. Use the following link on your pc 2 enjoy a 2 4 1 dining experiencehttp://www.vouch4me.com/etlp/dining.asp,PHISHING,sms_phishing_v1,english,Phishing
SMS_04628,"A few people are at the game, I'm at the mall with iouri and kaila",SAFE,sms_phishing_v1,english,Legitimate
SMS_04629,URGENT! We are trying to contact U. Todays draw shows that you have won a å£2000 prize GUARANTEED. Call 09058094507 from land line. Claim 3030. Valid 12hrs only,PHISHING,sms_phishing_v1,english,Phishing
SMS_04630,You can donate å£2.50 to UNICEF's Asian Tsunami disaster support fund by texting DONATE to 864233. å£2.50 will be added to your next bill,PHISHING,sms_phishing_v1,english,Spam
SMS_04631,Future is not what we planned for tomorrow.....! it is the result of what we do today...! Do the best in present... enjoy the future.,SAFE,sms_phishing_v1,english,Legitimate
SMS_04632,I will cme i want to go to hos 2morow. After that i wil cme. This what i got from her dear what to do. She didnt say any time,SAFE,sms_phishing_v1,english,Legitimate
SMS_04633,We are supposed to meet to discuss abt our trip... Thought xuhui told you? In the afternoon. Thought we can go for lesson after that,SAFE,sms_phishing_v1,english,Legitimate
SMS_04634,Hey come online! Use msn... We are all there,SAFE,sms_phishing_v1,english,Legitimate
SMS_04635,I'm fine. Hope you are good. Do take care.,SAFE,sms_phishing_v1,english,Legitimate
SMS_04636,Oops I was in the shower when u called. Hey a parking garage collapsed at university hospital. See I'm not crazy. Stuff like that DOES happen.,SAFE,sms_phishing_v1,english,Legitimate
SMS_04637,Aiyo u so poor thing... Then u dun wan 2 eat? U bathe already?,SAFE,sms_phishing_v1,english,Legitimate
SMS_04638,Yar... I tot u knew dis would happen long ago already.,SAFE,sms_phishing_v1,english,Legitimate
SMS_04639,You are gorgeous! keep those pix cumming :) thank you!,SAFE,sms_phishing_v1,english,Legitimate
SMS_04640,JADE ITS PAUL. Y DIDNåÕT U TXT ME? DO U REMEMBER ME FROM BARMED? I WANT 2 TALK 2 U! TXT ME,SAFE,sms_phishing_v1,english,Legitimate
SMS_04641,Spending new years with my brother and his family. Lets plan to meet next week. Are you ready to be spoiled? :),SAFE,sms_phishing_v1,english,Legitimate
SMS_04642,So what u doing today?,SAFE,sms_phishing_v1,english,Legitimate
SMS_04643,I said its okay. Sorry,SAFE,sms_phishing_v1,english,Legitimate
SMS_04644,Slept? I thinkThis time ( &lt;#&gt;  pm) is not dangerous,SAFE,sms_phishing_v1,english,Legitimate
SMS_04645,Networking job is there.,SAFE,sms_phishing_v1,english,Legitimate
SMS_04646,goldviking (29/M) is inviting you to be his friend. Reply YES-762 or NO-762 See him: www.SMS.ac/u/goldviking STOP? Send STOP FRND to 62468,PHISHING,sms_phishing_v1,english,Spam
SMS_04647,Dont let studying stress you out. L8r.,SAFE,sms_phishing_v1,english,Legitimate
SMS_04648,That's y u haf 2 keep me busy...,SAFE,sms_phishing_v1,english,Legitimate
SMS_04649,No rushing. I'm not working. I'm in school so if we rush we go hungry.,SAFE,sms_phishing_v1,english,Legitimate
SMS_04650,Which channel:-):-):):-).,SAFE,sms_phishing_v1,english,Legitimate
SMS_04651,So your telling me I coulda been your real Valentine and I wasn't? U never pick me for NOTHING!!,SAFE,sms_phishing_v1,english,Legitimate
SMS_04652,Phony å£350 award - Todays Voda numbers ending XXXX are selected to receive a å£350 award. If you have a match please call 08712300220 quoting claim code 3100 standard rates app,PHISHING,sms_phishing_v1,english,Phishing
SMS_04653,"We made it! Eta at taunton is 12:30 as planned, hope thatÛ÷s still okday?! Good to see you! :-xx",SAFE,sms_phishing_v1,english,Legitimate
SMS_04654,I'm hungry buy smth home...,SAFE,sms_phishing_v1,english,Legitimate
SMS_04655,"\HEY KATE  HOPE UR OK... WILL GIVE U A BUZ WEDLUNCH. GO OUTSOMEWHERE 4 ADRINK IN TOWN..CUD GO 2WATERSHD 4 A BIT? PPL FROMWRK WILL BTHERE. LOVE PETEXXX.\""""",SAFE,sms_phishing_v1,english,Legitimate
SMS_04656,My drive can only be read. I need to write,SAFE,sms_phishing_v1,english,Legitimate
SMS_04657,"Just looked it up and addie goes back Monday, sucks to be her",SAFE,sms_phishing_v1,english,Legitimate
SMS_04658,Happy new year. Hope you are having a good semester,SAFE,sms_phishing_v1,english,Legitimate
SMS_04659,Esplanade lor. Where else...,SAFE,sms_phishing_v1,english,Legitimate
SMS_04660,Can you talk with me..,SAFE,sms_phishing_v1,english,Legitimate
SMS_04661,"Hmph. Go head, big baller.",SAFE,sms_phishing_v1,english,Legitimate
SMS_04662,Well its not like you actually called someone a punto. That woulda been worse.,SAFE,sms_phishing_v1,english,Legitimate
SMS_04663,"Nope. Since ayo travelled, he has forgotten his guy",SAFE,sms_phishing_v1,english,Legitimate
SMS_04664,You still around? Looking to pick up later,SAFE,sms_phishing_v1,english,Legitimate
SMS_04665,CDs 4u: Congratulations ur awarded å£500 of CD gift vouchers or å£125 gift guaranteed & Freeentry 2 å£100 wkly draw xt MUSIC to 87066 TnCs www.ldew.com1win150ppmx3age16,PHISHING,sms_phishing_v1,english,Spam
SMS_04666,There's someone here that has a year  &lt;#&gt;  toyota camry like mr olayiwola's own. Mileage is  &lt;#&gt; k.its clean but i need to know how much will it sell for. If i can raise the dough for it how soon after landing will it sell. Holla back.,SAFE,sms_phishing_v1,english,Legitimate
SMS_04667,Guess which pub im in? Im as happy as a pig in clover or whatever the saying is!,SAFE,sms_phishing_v1,english,Legitimate
SMS_04668,ILL B DOWN SOON,SAFE,sms_phishing_v1,english,Legitimate
SMS_04669,Oh k. . I will come tomorrow,SAFE,sms_phishing_v1,english,Legitimate
SMS_04670,Go fool dont cheat others ok,SAFE,sms_phishing_v1,english,Legitimate
SMS_04671,"My mobile number.pls sms ur mail id.convey regards to achan,amma.Rakhesh.Qatar",SAFE,sms_phishing_v1,english,Legitimate
SMS_04672,"By the way, 'rencontre' is to meet again. Mountains dont....",SAFE,sms_phishing_v1,english,Legitimate
SMS_04673,You have WON a guaranteed å£1000 cash or a å£2000 prize. To claim yr prize call our customer service representative on 08714712412 between 10am-7pm Cost 10p,PHISHING,sms_phishing_v1,english,Phishing
SMS_04674,U attend ur driving lesson how many times a wk n which day?,SAFE,sms_phishing_v1,english,Legitimate
SMS_04675,"Uncle G, just checking up on you. Do have a rewarding month",SAFE,sms_phishing_v1,english,Legitimate
SMS_04676,Hello boytoy ! Geeee ... I'm missing you today. I like to send you a tm and remind you I'm thinking of you ... And you are loved ... *loving kiss*,SAFE,sms_phishing_v1,english,Legitimate
SMS_04677,I think the other two still need to get cash but we can def be ready by 9,SAFE,sms_phishing_v1,english,Legitimate
SMS_04678,Hey gals...U all wanna meet 4 dinner at nÌÂte?,SAFE,sms_phishing_v1,english,Legitimate
SMS_04679,Dear 0776xxxxxxx U've been invited to XCHAT. This is our final attempt to contact u! Txt CHAT to 86688 150p/MsgrcvdHG/Suite342/2Lands/Row/W1J6HL LDN 18yrs,PHISHING,sms_phishing_v1,english,Spam
SMS_04680,Babe ! What are you doing ? Where are you ? Who are you talking to ? Do you think of me ? Are you being a good boy? Are you missing me? Do you love me ?,SAFE,sms_phishing_v1,english,Legitimate
SMS_04681,Great! How is the office today?,SAFE,sms_phishing_v1,english,Legitimate
SMS_04682,"It's cool, we can last a little while. Getting more any time soon?",SAFE,sms_phishing_v1,english,Legitimate
SMS_04683,:-( sad puppy noise,SAFE,sms_phishing_v1,english,Legitimate
SMS_04684,Yes its possible but dint try. Pls dont tell to any one k,SAFE,sms_phishing_v1,english,Legitimate
SMS_04685,Anyway holla at me whenever you're around because I need an excuse to go creep on people in sarasota,SAFE,sms_phishing_v1,english,Legitimate
SMS_04686,Where you. What happen,SAFE,sms_phishing_v1,english,Legitimate
SMS_04687,I was gonna ask you lol but i think its at 7,SAFE,sms_phishing_v1,english,Legitimate
SMS_04688,Ur cash-balance is currently 500 pounds - to maximize ur cash-in now send GO to 86688 only 150p/meg. CC: 08718720201 HG/Suite342/2lands Row/W1j6HL,PHISHING,sms_phishing_v1,english,Spam
SMS_04689,PRIVATE! Your 2003 Account Statement for shows 800 un-redeemed S.I.M. points. Call 08715203685 Identifier Code:4xx26 Expires 13/10/04,PHISHING,sms_phishing_v1,english,Phishing
SMS_04690,Go chase after her and run her over while she's crossing the street,SAFE,sms_phishing_v1,english,Legitimate
SMS_04691,I'd like to tell you my deepest darkest fantasies. Call me 09094646631 just 60p/min. To stop texts call 08712460324 (nat rate),PHISHING,sms_phishing_v1,english,Spam
SMS_04692,Hey... Very inconvenient for your sis a not huh?,SAFE,sms_phishing_v1,english,Legitimate
SMS_04693,Ok i vl..do u know i got adsense approved..,SAFE,sms_phishing_v1,english,Legitimate
SMS_04694,"* Was really good to see you the other day dudette, been missing you!",SAFE,sms_phishing_v1,english,Legitimate
SMS_04695,I want to go to perumbavoor,SAFE,sms_phishing_v1,english,Legitimate
SMS_04696,How many times i told in the stage all use to laugh. You not listen aha.,SAFE,sms_phishing_v1,english,Legitimate
SMS_04697,(You didn't hear it from me),SAFE,sms_phishing_v1,english,Legitimate
SMS_04698,Thanks for being there for me just to talk to on saturday. You are very dear to me. I cherish having you as a brother and role model.,SAFE,sms_phishing_v1,english,Legitimate
SMS_04699,Pls clarify back if an open return ticket that i have can be preponed for me to go back to kerala.,SAFE,sms_phishing_v1,english,Legitimate
SMS_04700,Natalie (20/F) is inviting you to be her friend. Reply YES-165 or NO-165 See her: www.SMS.ac/u/natalie2k9 STOP? Send STOP FRND to 62468,PHISHING,sms_phishing_v1,english,Spam
SMS_04701,She ran off with a younger man. we will make pretty babies together :),SAFE,sms_phishing_v1,english,Legitimate
SMS_04702,Jamster! To get your free wallpaper text HEART to 88888 now! T&C apply. 16 only. Need Help? Call 08701213186.,PHISHING,sms_phishing_v1,english,Spam
SMS_04703,O ic lol. Should play 9 doors sometime yo,SAFE,sms_phishing_v1,english,Legitimate
SMS_04704,"Dunno, my dad said he coming home 2 bring us out 4 lunch. Yup i go w u lor. I call u when i reach school lor...",SAFE,sms_phishing_v1,english,Legitimate
SMS_04705,Desires- u going to doctor 4 liver. And get a bit stylish. Get ur hair managed. Thats it.,SAFE,sms_phishing_v1,english,Legitimate
SMS_04706,Hmmm.still we dont have opener?,SAFE,sms_phishing_v1,english,Legitimate
SMS_04707,Yeah so basically any time next week you can get away from your mom &amp; get up before 3,SAFE,sms_phishing_v1,english,Legitimate
SMS_04708,I will vote for wherever my heart guides me,SAFE,sms_phishing_v1,english,Legitimate
SMS_04709,With my sis lor... We juz watched italian job.,SAFE,sms_phishing_v1,english,Legitimate
SMS_04710,"Tick, tick, tick .... Where are you ? I could die of loneliness you know ! *pouts* *stomps feet* I need you ...",SAFE,sms_phishing_v1,english,Legitimate
SMS_04711,Lmao you know me so well...,SAFE,sms_phishing_v1,english,Legitimate
SMS_04712,Am on a train back from northampton so i'm afraid not! I'm staying skyving off today ho ho! Will be around wednesday though. Do you fancy the comedy club this week by the way?,SAFE,sms_phishing_v1,english,Legitimate
SMS_04713,Goodnight da thangam I really miss u dear.,SAFE,sms_phishing_v1,english,Legitimate
SMS_04714,Hey next sun 1030 there's a basic yoga course... at bugis... We can go for that... Pilates intro next sat.... Tell me what time you r free,SAFE,sms_phishing_v1,english,Legitimate
SMS_04715,"Geeeee ... Your internet is really bad today, eh ?",SAFE,sms_phishing_v1,english,Legitimate
SMS_04716,Free video camera phones with Half Price line rental for 12 mths and 500 cross ntwk mins 100 txts. Call MobileUpd8 08001950382 or Call2OptOut/674,PHISHING,sms_phishing_v1,english,Spam
SMS_04717,I think i am disturbing her da,SAFE,sms_phishing_v1,english,Legitimate
SMS_04718,"Sorry, I'll call you  later. I am in meeting sir.",SAFE,sms_phishing_v1,english,Legitimate
SMS_04719,Havent stuck at orchard in my dad's car. Going 4 dinner now. U leh? So r they free tonight?,SAFE,sms_phishing_v1,english,Legitimate
SMS_04720,Ok i also wan 2 watch e 9 pm show...,SAFE,sms_phishing_v1,english,Legitimate
SMS_04721,I dunno lei... Like dun haf...,SAFE,sms_phishing_v1,english,Legitimate
SMS_04722,But your brother transfered only  &lt;#&gt;  +  &lt;#&gt; . Pa.,SAFE,sms_phishing_v1,english,Legitimate
SMS_04723,I calls you later. Afternoon onwords mtnl service get problem in south mumbai. I can hear you but you cann't listen me.,SAFE,sms_phishing_v1,english,Legitimate
SMS_04724,83039 62735=å£450 UK Break AccommodationVouchers terms & conditions apply. 2 claim you mustprovide your claim number which is 15541,PHISHING,sms_phishing_v1,english,Phishing
SMS_04725,Talk to g and x about that,SAFE,sms_phishing_v1,english,Legitimate
SMS_04726,Hai dear friends... This is my new &amp; present number..:) By Rajitha Raj (Ranju),SAFE,sms_phishing_v1,english,Legitimate
SMS_04727,5p 4 alfie Moon's Children in need song on ur mob. Tell ur m8s. Txt Tone charity to 8007 for Nokias or Poly charity for polys: zed 08701417012 profit 2 charity.,PHISHING,sms_phishing_v1,english,Spam
SMS_04728,As in different styles?,SAFE,sms_phishing_v1,english,Legitimate
SMS_04729,WIN a å£200 Shopping spree every WEEK Starting NOW. 2 play text STORE to 88039. SkilGme. TsCs08714740323 1Winawk! age16 å£1.50perweeksub.,PHISHING,sms_phishing_v1,english,Spam
SMS_04730,Gud ni8 dear..slp well..take care..swt dreams..Muah..,SAFE,sms_phishing_v1,english,Legitimate
SMS_04731,"This is the 2nd attempt to contract U, you have won this weeks top prize of either å£1000 cash or å£200 prize. Just call 09066361921",PHISHING,sms_phishing_v1,english,Phishing
SMS_04732,"Well, i'm glad you didn't find it totally disagreeable ... Lol",SAFE,sms_phishing_v1,english,Legitimate
SMS_04733,"Guy, no flash me now. If you go call me, call me. How madam. Take care oh.",SAFE,sms_phishing_v1,english,Legitimate
SMS_04734,Do you want a New Nokia 3510i colour phone DeliveredTomorrow? With 300 free minutes to any mobile + 100 free texts + Free Camcorder reply or call 08000930705.,PHISHING,sms_phishing_v1,english,Spam
SMS_04735,Mark works tomorrow. He gets out at 5. His work is by your house so he can meet u afterwards.,SAFE,sms_phishing_v1,english,Legitimate
SMS_04736,"\Keep ur problems in ur heart  b'coz nobody will fight for u. Only u &amp; u have to fight for ur self &amp; win the battle. -VIVEKANAND- G 9t.. SD..""",SAFE,sms_phishing_v1,english,Legitimate
SMS_04737,"Yeah, give me a call if you've got a minute",SAFE,sms_phishing_v1,english,Legitimate
SMS_04738,\HI BABE UAWAKE?FEELLIKW SHIT.JUSTFOUND OUT VIA ALETTER THATMUM GOTMARRIED 4thNOV.BEHIND OURBACKS åÐ FUCKINNICE!SELFISH,SAFE,sms_phishing_v1,english,Legitimate
SMS_04739,Amazing : If you rearrange these letters it gives the same meaning... Dormitory = Dirty room Astronomer = Moon starer The eyes = They see Election results = Lies lets recount Mother-in-law = Woman Hitler Eleven plus two =Twelve plus one Its Amazing... !:-),SAFE,sms_phishing_v1,english,Legitimate
SMS_04740,Aiya we discuss later lar... Pick Ì_ up at 4 is it?,SAFE,sms_phishing_v1,english,Legitimate
SMS_04741,Hey happy birthday...,SAFE,sms_phishing_v1,english,Legitimate
SMS_04742,Sorry i missed your call. Can you please call back.,SAFE,sms_phishing_v1,english,Legitimate
SMS_04743,Omg if its not one thing its another. My cat has worms :/ when does this bad day end?,SAFE,sms_phishing_v1,english,Legitimate
SMS_04744,"Good morning, im suffering from fever and dysentry ..will not be able to come to office today.",SAFE,sms_phishing_v1,english,Legitimate
SMS_04745,I wont do anything de.,SAFE,sms_phishing_v1,english,Legitimate
SMS_04746,What type of stuff do you sing?,SAFE,sms_phishing_v1,english,Legitimate
SMS_04747,"St andre, virgil's cream",SAFE,sms_phishing_v1,english,Legitimate
SMS_04748,"My fri ah... Okie lor,goin 4 my drivin den go shoppin after tt...",SAFE,sms_phishing_v1,english,Legitimate
SMS_04749,Gokila is talking with you aha:),SAFE,sms_phishing_v1,english,Legitimate
SMS_04750,"Hi Shanil,Rakhesh here.thanks,i have exchanged the uncut diamond stuff.leaving back. Excellent service by Dino and Prem.",SAFE,sms_phishing_v1,english,Legitimate
SMS_04751,K.k.this month kotees birthday know?,SAFE,sms_phishing_v1,english,Legitimate
SMS_04752,But i'm really really broke oh. No amount is too small even  &lt;#&gt;,SAFE,sms_phishing_v1,english,Legitimate
SMS_04753,Sorry about that this is my mates phone and i didnt write it love Kate,SAFE,sms_phishing_v1,english,Legitimate
SMS_04754,"TheMob>Hit the link to get a premium Pink Panther game, the new no. 1 from Sugababes, a crazy Zebra animation or a badass Hoody wallpaper-all 4 FREE!",PHISHING,sms_phishing_v1,english,Phishing
SMS_04755,"Ah, well that confuses things, doesnt it? I thought was friends with now. Maybe i did the wrong thing but i already sort of invited -tho he may not come cos of money.",SAFE,sms_phishing_v1,english,Legitimate
SMS_04756,"Aight, call me once you're close",SAFE,sms_phishing_v1,english,Legitimate
SMS_04757,Nope thats fine. I might have a nap tho!,SAFE,sms_phishing_v1,english,Legitimate
SMS_04758,This msg is for your mobile content order It has been resent as previous attempt failed due to network error Queries to customersqueries@netvision.uk.com,PHISHING,sms_phishing_v1,english,Spam
SMS_04759,In other news after hassling me to get him weed for a week andres has no money. HAUGHAIGHGTUJHYGUJ,SAFE,sms_phishing_v1,english,Legitimate
SMS_04760,Ding me on ya break fassyole! Blacko from londn,SAFE,sms_phishing_v1,english,Legitimate
SMS_04761,I REALLY NEED 2 KISS U I MISS U MY BABY FROM UR BABY 4EVA,SAFE,sms_phishing_v1,english,Legitimate
SMS_04762,Oh you got many responsibilities.,SAFE,sms_phishing_v1,english,Legitimate
SMS_04763,You have 1 new message. Please call 08715205273,PHISHING,sms_phishing_v1,english,Spam
SMS_04764,I've reached sch already...,SAFE,sms_phishing_v1,english,Legitimate
SMS_04765,December only! Had your mobile 11mths+? You are entitled to update to the latest colour camera mobile for Free! Call The Mobile Update VCo FREE on 08002986906,PHISHING,sms_phishing_v1,english,Phishing
SMS_04766,U definitely need a module from e humanities dis sem izzit? U wan 2 take other modules 1st?,SAFE,sms_phishing_v1,english,Legitimate
SMS_04767,Argh why the fuck is nobody in town ;_;,SAFE,sms_phishing_v1,english,Legitimate
SMS_04768,"Get 3 Lions England tone, reply lionm 4 mono or lionp 4 poly. 4 more go 2 www.ringtones.co.uk, the original n best. Tones 3GBP network operator rates apply.",PHISHING,sms_phishing_v1,english,Spam
SMS_04769,Thanks. Fills me with complete calm and reassurance!,SAFE,sms_phishing_v1,english,Legitimate
SMS_04770,Aslamalaikkum....insha allah tohar beeen muht albi mufti mahfuuz...meaning same here....,SAFE,sms_phishing_v1,english,Legitimate
SMS_04771,Are you driving or training?,SAFE,sms_phishing_v1,english,Legitimate
SMS_04772,Lol for real. She told my dad I have cancer,SAFE,sms_phishing_v1,english,Legitimate
SMS_04773,PRIVATE! Your 2003 Account Statement for 078,PHISHING,sms_phishing_v1,english,Phishing
SMS_04774,"Oops I did have it,  &lt;#&gt; ?",SAFE,sms_phishing_v1,english,Legitimate
SMS_04775,"\NOT ENUFCREDEIT TOCALL.SHALL ILEAVE UNI AT 6 +GET A BUS TO YOR HOUSE?\""""",SAFE,sms_phishing_v1,english,Legitimate
SMS_04776,"Hi Chikku, send some nice msgs",SAFE,sms_phishing_v1,english,Legitimate
SMS_04777,"He is impossible to argue with and he always treats me like his sub, like he never released me ... Which he did and I will remind him of that if necessary",SAFE,sms_phishing_v1,english,Legitimate
SMS_04778,"After my work ah... Den 6 plus lor... U workin oso rite... Den go orchard lor, no other place to go liao...",SAFE,sms_phishing_v1,english,Legitimate
SMS_04779,"To the wonderful Okors, have a great month. We cherish you guys and wish you well each day. MojiBiola",SAFE,sms_phishing_v1,english,Legitimate
SMS_04780,Cuz ibored. And don wanna study,SAFE,sms_phishing_v1,english,Legitimate
SMS_04781,Wot about on wed nite I am 3 then but only til 9!,SAFE,sms_phishing_v1,english,Legitimate
SMS_04782,Any way where are you and what doing.,SAFE,sms_phishing_v1,english,Legitimate
SMS_04783,That sucks. I'll go over so u can do my hair. You'll do it free right?,SAFE,sms_phishing_v1,english,Legitimate
SMS_04784,it's still not working. And this time i also tried adding zeros. That was the savings. The checking is  &lt;#&gt;,SAFE,sms_phishing_v1,english,Legitimate
SMS_04785,"Hmm... Dunno leh, mayb a bag 4 goigng out dat is not too small. Or jus anything except perfume, smth dat i can keep.",SAFE,sms_phishing_v1,english,Legitimate
SMS_04786,Sday only joined.so training we started today:),SAFE,sms_phishing_v1,english,Legitimate
SMS_04787,Sorry * was at the grocers.,SAFE,sms_phishing_v1,english,Legitimate
SMS_04788,There are some nice pubs near here or there is Frankie n Bennys near the warner cinema?,SAFE,sms_phishing_v1,english,Legitimate
SMS_04789,"YOU VE WON! Your 4* Costa Del Sol Holiday or å£5000 await collection. Call 09050090044 Now toClaim. SAE, TC s, POBox334, Stockport, SK38xh, Costå£1.50/pm, Max10mins",PHISHING,sms_phishing_v1,english,Phishing
SMS_04790,Yup... I havent been there before... You want to go for the yoga? I can call up to book,SAFE,sms_phishing_v1,english,Legitimate
SMS_04791,Oh shut it. Omg yesterday I had a dream that I had 2 kids both boys. I was so pissed. Not only about the kids but them being boys. I even told mark in my dream that he was changing diapers cause I'm not getting owed in the face.,SAFE,sms_phishing_v1,english,Legitimate
SMS_04792,Yeah I imagine he would be really gentle. Unlike the other docs who treat their patients like turkeys.,SAFE,sms_phishing_v1,english,Legitimate
SMS_04793,Now that you have started dont stop. Just pray for more good ideas and anything i see that can help you guys i.ll forward you a link.,SAFE,sms_phishing_v1,english,Legitimate
SMS_04794,Hi darlin im on helens fone im gonna b up the princes 2 nite please come up tb love Kate,SAFE,sms_phishing_v1,english,Legitimate
SMS_04795,I'm in office now da:)where are you?,SAFE,sms_phishing_v1,english,Legitimate
SMS_04796,Aiyar u so poor thing... I give u my support k... Jia you! I'll think of u...,SAFE,sms_phishing_v1,english,Legitimate
SMS_04797,Oh unintentionally not bad timing. Great. Fingers  the trains play along! Will give fifteen min warning.,SAFE,sms_phishing_v1,english,Legitimate
SMS_04798,Get your garden ready for summer with a FREE selection of summer bulbs and seeds worth å£33:50 only with The Scotsman this Saturday. To stop go2 notxt.co.uk,PHISHING,sms_phishing_v1,english,Spam
SMS_04799,K..then come wenever u lik to come and also tel vikky to come by getting free time..:-),SAFE,sms_phishing_v1,english,Legitimate
SMS_04800,Pls call me da. What happen.,SAFE,sms_phishing_v1,english,Legitimate
SMS_04801,"Happy new year to u and ur family...may this new year bring happiness , stability and tranquility to ur vibrant colourful life:):)",SAFE,sms_phishing_v1,english,Legitimate
SMS_04802,No problem with the renewal. I.ll do it right away but i dont know his details.,SAFE,sms_phishing_v1,english,Legitimate
SMS_04803,Idk. I'm sitting here in a stop and shop parking lot right now bawling my eyes out because i feel like i'm a failure in everything. Nobody wants me and now i feel like i'm failing you.,SAFE,sms_phishing_v1,english,Legitimate
SMS_04804,Haven't left yet so probably gonna be here til dinner,SAFE,sms_phishing_v1,english,Legitimate
SMS_04805,"Like  &lt;#&gt; , same question",SAFE,sms_phishing_v1,english,Legitimate
SMS_04806,MY NEW YEARS EVE WAS OK. I WENT TO A PARTY WITH MY BOYFRIEND. WHO IS THIS SI THEN HEY,SAFE,sms_phishing_v1,english,Legitimate
SMS_04807,"Sir, I need Velusamy sir's date of birth and company bank facilities details.",SAFE,sms_phishing_v1,english,Legitimate
SMS_04808,K k:) sms chat with me.,SAFE,sms_phishing_v1,english,Legitimate
SMS_04809,I will come with karnan car. Please wait till 6pm will directly goto doctor.,SAFE,sms_phishing_v1,english,Legitimate
SMS_04810,No but the bluray player can,SAFE,sms_phishing_v1,english,Legitimate
SMS_04811,Ok... Then r we meeting later?,SAFE,sms_phishing_v1,english,Legitimate
SMS_04812,Lol no. I just need to cash in my nitros. Hurry come on before I crash out!,SAFE,sms_phishing_v1,english,Legitimate
SMS_04813,Just send a text. We'll skype later.,SAFE,sms_phishing_v1,english,Legitimate
SMS_04814,Ok leave no need to ask,SAFE,sms_phishing_v1,english,Legitimate
SMS_04815,ÌÏ still got lessons?  ÌÏ in sch?,SAFE,sms_phishing_v1,english,Legitimate
SMS_04816,Y she dun believe leh? I tot i told her it's true already. I thk she muz c us tog then she believe.,SAFE,sms_phishing_v1,english,Legitimate
SMS_04817,Oh did you charge camera,SAFE,sms_phishing_v1,english,Legitimate
SMS_04818,"IÛ÷ve got some salt, you can rub it in my open wounds if you like!",SAFE,sms_phishing_v1,english,Legitimate
SMS_04819,Now i'm going for lunch.,SAFE,sms_phishing_v1,english,Legitimate
SMS_04820,I'm in school now n i'll be in da lab doing some stuff give me a call when Ì_ r done.,SAFE,sms_phishing_v1,english,Legitimate
SMS_04821,"Aight, text me tonight and we'll see what's up",SAFE,sms_phishing_v1,english,Legitimate
SMS_04822,U 2.,SAFE,sms_phishing_v1,english,Legitimate
SMS_04823,Water logging in desert. Geoenvironmental implications.,SAFE,sms_phishing_v1,english,Legitimate
SMS_04824,"Very strange.  and  are watching the 2nd one now but i'm in bed. Sweet dreams, miss u",SAFE,sms_phishing_v1,english,Legitimate
SMS_04825,SMS AUCTION - A BRAND NEW Nokia 7250 is up 4 auction today! Auction is FREE 2 join & take part! Txt NOKIA to 86021 now!,PHISHING,sms_phishing_v1,english,Spam
SMS_04826,"Hi hope u r both ok, he said he would text and he hasn't, have u seen him, let me down gently please",SAFE,sms_phishing_v1,english,Legitimate
SMS_04827,"Babe! I fucking love you too !! You know? Fuck it was so good to hear your voice. I so need that. I crave it. I can't get enough. I adore you, Ahmad *kisses*",SAFE,sms_phishing_v1,english,Legitimate
SMS_04828,K sure am in my relatives home. Sms me de. Pls:-),SAFE,sms_phishing_v1,english,Legitimate
SMS_04829,"Fuuuuck I need to stop sleepin, sup",SAFE,sms_phishing_v1,english,Legitimate
SMS_04830,I'm in town now so i'll jus take mrt down later.,SAFE,sms_phishing_v1,english,Legitimate
SMS_04831,I just cooked a rather nice salmon a la you,SAFE,sms_phishing_v1,english,Legitimate
SMS_04832,I uploaded mine to Facebook,SAFE,sms_phishing_v1,english,Legitimate
SMS_04833,WHAT TIME U WRKIN?,SAFE,sms_phishing_v1,english,Legitimate
SMS_04834,ree entry in 2 a weekly comp for a chance to win an ipod. Txt POD to 80182 to get entry (std txt rate) T&C's apply 08452810073 for details 18+,PHISHING,sms_phishing_v1,english,Spam
SMS_04835,Our records indicate u maybe entitled to 5000 pounds in compensation for the Accident you had. To claim 4 free reply with CLAIM to this msg. 2 stop txt STOP,PHISHING,sms_phishing_v1,english,Phishing
SMS_04836,Oh oh... Den muz change plan liao... Go back have to yan jiu again...,SAFE,sms_phishing_v1,english,Legitimate
SMS_04837,"It's wylie, you in tampa or sarasota?",SAFE,sms_phishing_v1,english,Legitimate
SMS_04838,Ok... Take ur time n enjoy ur dinner...,SAFE,sms_phishing_v1,english,Legitimate
SMS_04839,Darren was saying dat if u meeting da ge den we dun meet 4 dinner. Cos later u leave xy will feel awkward. Den u meet him 4 lunch lor.,SAFE,sms_phishing_v1,english,Legitimate
SMS_04840,"Spook up your mob with a Halloween collection of a logo & pic message plus a free eerie tone, txt CARD SPOOK to 8007 zed 08701417012150p per logo/pic",PHISHING,sms_phishing_v1,english,Spam
SMS_04841,I like cheap! But iÛ÷m happy to splash out on the wine if it makes you feel better..,SAFE,sms_phishing_v1,english,Legitimate
SMS_04842,She.s fine. I have had difficulties with her phone. It works with mine. Can you pls send her another friend request.,SAFE,sms_phishing_v1,english,Legitimate
SMS_04843,Ugh my leg hurts. Musta overdid it on mon.,SAFE,sms_phishing_v1,english,Legitimate
SMS_04844,Call Germany for only 1 pence per minute! Call from a fixed line via access number 0844 861 85 85. No prepayment. Direct access! www.telediscount.co.uk,PHISHING,sms_phishing_v1,english,Phishing
SMS_04845,WOT STUDENT DISCOUNT CAN U GET ON BOOKS?,SAFE,sms_phishing_v1,english,Legitimate
SMS_04846,How come she can get it? Should b quite diff to guess rite...,SAFE,sms_phishing_v1,english,Legitimate
SMS_04847,Had your mobile 11mths ? Update for FREE to Oranges latest colour camera mobiles & unlimited weekend calls. Call Mobile Upd8 on freefone 08000839402 or 2StopTxt,PHISHING,sms_phishing_v1,english,Phishing
SMS_04848,"Babe, I'm answering you, can't you see me ? Maybe you'd better reboot YM ... I got the photo ... It's great !",SAFE,sms_phishing_v1,english,Legitimate
SMS_04849,Hi.what you think about match?,SAFE,sms_phishing_v1,english,Legitimate
SMS_04850,"I know you are thinkin malaria. But relax, children cant handle malaria. She would have been worse and its gastroenteritis. If she takes enough to replace her loss her temp will reduce. And if you give her malaria meds now she will just vomit. Its a self limiting illness she has which means in a few days it will completely stop",SAFE,sms_phishing_v1,english,Legitimate
SMS_04851,Dai i downloaded but there is only exe file which i can only run that exe after installing.,SAFE,sms_phishing_v1,english,Legitimate
SMS_04852,It is only yesterday true true.,SAFE,sms_phishing_v1,english,Legitimate
SMS_04853,K.k.how is your business now?,SAFE,sms_phishing_v1,english,Legitimate
SMS_04854,3 pa but not selected.,SAFE,sms_phishing_v1,english,Legitimate
SMS_04855,Well thats nice. Too bad i cant eat it,SAFE,sms_phishing_v1,english,Legitimate
SMS_04856,I accidentally brought em home in the box,SAFE,sms_phishing_v1,english,Legitimate
SMS_04857,Pls she needs to dat slowly or she will vomit more.,SAFE,sms_phishing_v1,english,Legitimate
SMS_04858,I have to take exam with in march 3,SAFE,sms_phishing_v1,english,Legitimate
SMS_04859,"Jane babes not goin 2 wrk, feel ill after lst nite. Foned in already cover 4 me chuck.:-)",SAFE,sms_phishing_v1,english,Legitimate
SMS_04860,5 nights...We nt staying at port step liao...Too ex,SAFE,sms_phishing_v1,english,Legitimate
SMS_04861,If I die I want u to have all my stuffs.,SAFE,sms_phishing_v1,english,Legitimate
SMS_04862,"\OH FUCK. JUSWOKE UP IN A BED ON A BOATIN THE DOCKS. SLEPT WID 25 YEAR OLD. SPINOUT! GIV U DA GOSSIP L8R. XXX\""""",SAFE,sms_phishing_v1,english,Legitimate
SMS_04863,I re-met alex nichols from middle school and it turns out he's dealing!,SAFE,sms_phishing_v1,english,Legitimate
SMS_04864,PRIVATE! Your 2003 Account Statement for <fone no> shows 800 un-redeemed S. I. M. points. Call 08715203656 Identifier Code: 42049 Expires 26/10/04,PHISHING,sms_phishing_v1,english,Phishing
SMS_04865,It means u could not keep ur words.,SAFE,sms_phishing_v1,english,Legitimate
SMS_04866,"Nope, I'm still in the market",SAFE,sms_phishing_v1,english,Legitimate
SMS_04867,I realise you are a busy guy and i'm trying not to be a bother. I have to get some exams outta the way and then try the cars. Do have a gr8 day,SAFE,sms_phishing_v1,english,Legitimate
SMS_04868,Hey what how about your project. Started aha da.,SAFE,sms_phishing_v1,english,Legitimate
SMS_04869,Ok cool. See ya then.,SAFE,sms_phishing_v1,english,Legitimate
SMS_04870,Am on the uworld site. Am i buying the qbank only or am i buying it with the self assessment also?,SAFE,sms_phishing_v1,english,Legitimate
SMS_04871,Someonone you know is trying to contact you via our dating service! To find out who it could be call from your mobile or landline 09064015307 BOX334SK38ch,PHISHING,sms_phishing_v1,english,Spam
SMS_04872,Yeah I can still give you a ride,SAFE,sms_phishing_v1,english,Legitimate
SMS_04873,"Jay wants to work out first, how's 4 sound?",SAFE,sms_phishing_v1,english,Legitimate
SMS_04874,"Gud gud..k, chikku tke care.. sleep well gud nyt",SAFE,sms_phishing_v1,english,Legitimate
SMS_04875,Hmm thinking lor...,SAFE,sms_phishing_v1,english,Legitimate
SMS_04876,Of course ! Don't tease me ... You know I simply must see ! *grins* ... Do keep me posted my prey ... *loving smile* *devouring kiss*,SAFE,sms_phishing_v1,english,Legitimate
SMS_04877,thanks for the temales it was wonderful. Thank. Have a great week.,SAFE,sms_phishing_v1,english,Legitimate
SMS_04878,Thank you princess! I want to see your nice juicy booty...,SAFE,sms_phishing_v1,english,Legitimate
SMS_04879,Haven't eaten all day. I'm sitting here staring at this juicy pizza and I can't eat it. These meds are ruining my life.,SAFE,sms_phishing_v1,english,Legitimate
SMS_04880,U come n search tat vid..not finishd..,SAFE,sms_phishing_v1,english,Legitimate
SMS_04881,"K I'm leaving soon, be there a little after 9",SAFE,sms_phishing_v1,english,Legitimate
SMS_04882,Urgent! Please call 09061213237 from a landline. å£5000 cash or a 4* holiday await collection. T &Cs SAE PO Box 177 M227XY. 16+,PHISHING,sms_phishing_v1,english,Phishing
SMS_04883,"Yeah work is fine, started last week, all the same stuff as before, dull but easy and guys are fun!",SAFE,sms_phishing_v1,english,Legitimate
SMS_04884,You do your studies alone without anyones help. If you cant no need to study.,SAFE,sms_phishing_v1,english,Legitimate
SMS_04885,Please tell me not all of my car keys are in your purse,SAFE,sms_phishing_v1,english,Legitimate
SMS_04886,I didnt get anything da,SAFE,sms_phishing_v1,english,Legitimate
SMS_04887,Ok... Sweet dreams...,SAFE,sms_phishing_v1,english,Legitimate
SMS_04888,Well she's in for a big surprise!,SAFE,sms_phishing_v1,english,Legitimate
SMS_04889,1 in cbe. 2 in chennai.,SAFE,sms_phishing_v1,english,Legitimate
SMS_04890,Can help u swoop by picking u up from wherever ur other birds r meeting if u want.,SAFE,sms_phishing_v1,english,Legitimate
SMS_04891,If anyone calls for a treadmill say you'll buy it. Make sure its working. I found an ad on Craigslist selling for $ &lt;#&gt; .,SAFE,sms_phishing_v1,english,Legitimate
SMS_04892,I absolutely LOVE South Park! I only recently started watching the office.,SAFE,sms_phishing_v1,english,Legitimate
SMS_04893,Did you see that film:),SAFE,sms_phishing_v1,english,Legitimate
SMS_04894,Pls speak with me. I wont ask anything other then you friendship.,SAFE,sms_phishing_v1,english,Legitimate
SMS_04895,"Storming msg: Wen u lift d phne, u say \HELLO\"" Do u knw wt is d real meaning of HELLO?? . . . It's d name of a girl..! . . . Yes.. And u knw who is dat girl?? \""Margaret Hello\"" She is d girlfrnd f Grahmbell   bt not his girlfrnd... G o o d n i g h t . . .@""who invnted telphone... . . . . Moral:One can 4get d name of a person",SAFE,sms_phishing_v1,english,Legitimate
SMS_04896,Gud ni8.swt drms.take care,SAFE,sms_phishing_v1,english,Legitimate
SMS_04897,HI DARLIN ITS KATE ARE U UP FOR DOIN SOMETHIN TONIGHT? IM GOING TO A PUB CALLED THE SWAN OR SOMETHING WITH MY PARENTS FOR ONE DRINK SO PHONE ME IF U CAN,SAFE,sms_phishing_v1,english,Legitimate
SMS_04898,Anything lar then Ì_ not going home 4 dinner?,SAFE,sms_phishing_v1,english,Legitimate
SMS_04899,"\ER  ENJOYIN INDIANS AT THE MO..yeP. SaLL gOoD HehE ;> hows bout u shexy? Pete Xx\""""",SAFE,sms_phishing_v1,english,Legitimate
SMS_04900,"If you don't, your prize will go to another customer. T&C at www.t-c.biz 18+ 150p/min Polo Ltd Suite 373 London W1J 6HL Please call back if busy",PHISHING,sms_phishing_v1,english,Phishing
SMS_04901,Did u fix the teeth?if not do it asap.ok take care.,SAFE,sms_phishing_v1,english,Legitimate
SMS_04902,So u wan 2 come for our dinner tonight a not?,SAFE,sms_phishing_v1,english,Legitimate
SMS_04903,"Hello.How u doing?What u been up 2?When will u b moving out of the flat, cos I will need to arrange to pick up the lamp, etc. Take care. Hello caroline!",SAFE,sms_phishing_v1,english,Legitimate
SMS_04904,Its too late:)but its k.wish you the same.,SAFE,sms_phishing_v1,english,Legitimate
SMS_04905,"Hi. Hope ur day * good! Back from walk, table booked for half eight. Let me know when ur coming over.",SAFE,sms_phishing_v1,english,Legitimate
SMS_04906,Oh yeah clearly it's my fault,SAFE,sms_phishing_v1,english,Legitimate
SMS_04907,Dunno leh cant remember mayb lor. So wat time r we meeting tmr?,SAFE,sms_phishing_v1,english,Legitimate
SMS_04908,"Best msg: It's hard to be with a person, when u know that one more step foward will make u fall in love.. &amp; One step back can ruin ur friendship.. good night:-) ...",SAFE,sms_phishing_v1,english,Legitimate
SMS_04909,URGENT! Your Mobile number has been awarded with a å£2000 prize GUARANTEED. Call 09061790126 from land line. Claim 3030. Valid 12hrs only 150ppm,PHISHING,sms_phishing_v1,english,Phishing
SMS_04910,"Vikky, come around  &lt;TIME&gt; ..",SAFE,sms_phishing_v1,english,Legitimate
SMS_04911,"And how you will do that, princess? :)",SAFE,sms_phishing_v1,english,Legitimate
SMS_04912,I have gone into get info bt dont know what to do,SAFE,sms_phishing_v1,english,Legitimate
SMS_04913,"Yeah, probably here for a while",SAFE,sms_phishing_v1,english,Legitimate
SMS_04914,I'm still pretty weak today .. Bad day ?,SAFE,sms_phishing_v1,english,Legitimate
SMS_04915,Hey ! Don't forget ... You are MINE ... For ME ... My possession ... MY property ... MMM ... *childish smile* ...,SAFE,sms_phishing_v1,english,Legitimate
SMS_04916,An excellent thought by a misundrstud frnd: I knw u hate me bt the day wen u'll knw the truth u'll hate urself:-( Gn:-),SAFE,sms_phishing_v1,english,Legitimate
SMS_04917,Hey! Congrats 2u2. id luv 2 but ive had 2 go home!,SAFE,sms_phishing_v1,english,Legitimate
SMS_04918,Dear where you. Call me,SAFE,sms_phishing_v1,english,Legitimate
SMS_04919,Xy trying smth now. U eat already? We havent...,SAFE,sms_phishing_v1,english,Legitimate
SMS_04920,Urgent! Please call 09061213237 from landline. å£5000 cash or a luxury 4* Canary Islands Holiday await collection. T&Cs SAE PO Box 177. M227XY. 150ppm. 16+,PHISHING,sms_phishing_v1,english,Phishing
SMS_04921,I donno its in your genes or something,SAFE,sms_phishing_v1,english,Legitimate
SMS_04922,XMAS iscoming & ur awarded either å£500 CD gift vouchers & free entry 2 r å£100 weekly draw txt MUSIC to 87066 TnC www.Ldew.com1win150ppmx3age16subscription,PHISHING,sms_phishing_v1,english,Spam
SMS_04923,Alex says he's not ok with you not being ok with it,SAFE,sms_phishing_v1,english,Legitimate
SMS_04924,Are u coming to the funeral home,SAFE,sms_phishing_v1,english,Legitimate
SMS_04925,My darling sister. How are you doing. When's school resuming. Is there a minimum wait period before you reapply? Do take care,SAFE,sms_phishing_v1,english,Legitimate
SMS_04926,I.ll hand her my phone to chat wit u,SAFE,sms_phishing_v1,english,Legitimate
SMS_04927,Well good morning mr . Hows london treatin' ya treacle?,SAFE,sms_phishing_v1,english,Legitimate
SMS_04928,I can't make it tonight,SAFE,sms_phishing_v1,english,Legitimate
SMS_04929,About  &lt;#&gt; bucks. The banks fees are fixed. Better to call the bank and find out.,SAFE,sms_phishing_v1,english,Legitimate
SMS_04930,"I can. But it will tell quite long, cos i haven't finish my film yet...",SAFE,sms_phishing_v1,english,Legitimate
SMS_04931,Pls ask macho how much is budget for bb bold 2 is cos i saw a new one for  &lt;#&gt;  dollars.,SAFE,sms_phishing_v1,english,Legitimate
SMS_04932,"\Hi missed your Call and my mumHas beendropping red wine all over theplace! what is your adress?\""""",SAFE,sms_phishing_v1,english,Legitimate
SMS_04933,Ill be at yours in about 3 mins but look out for me,SAFE,sms_phishing_v1,english,Legitimate
SMS_04934,What you did in  leave.,SAFE,sms_phishing_v1,english,Legitimate
SMS_04935,I'm coming back on Thursday. Yay. Is it gonna be ok to get the money. Cheers. Oh yeah and how are you. Everything alright. Hows school. Or do you call it work now,SAFE,sms_phishing_v1,english,Legitimate
SMS_04936,"Jolly good! By the way,  will give u tickets for sat eve 7.30. Speak before then x",SAFE,sms_phishing_v1,english,Legitimate
SMS_04937,"yeah, that's what I was thinking",SAFE,sms_phishing_v1,english,Legitimate
SMS_04938,K.k:)i'm going to tirunelvali this week to see my uncle ..i already spend the amount by taking dress .so only i want money.i will give it on feb 1,SAFE,sms_phishing_v1,english,Legitimate
SMS_04939,Here got ur favorite oyster... N got my favorite sashimi... Ok lar i dun say already... Wait ur stomach start rumbling...,SAFE,sms_phishing_v1,english,Legitimate
SMS_04940,My sister going to earn more than me da.,SAFE,sms_phishing_v1,english,Legitimate
SMS_04941,Jus finish watching tv... U?,SAFE,sms_phishing_v1,english,Legitimate
SMS_04942,"K, fyi I'm back in my parents' place in south tampa so I might need to do the deal somewhere else",SAFE,sms_phishing_v1,english,Legitimate
SMS_04943,"Good morning, my Love ... I go to sleep now and wish you a great day full of feeling better and opportunity ... You are my last thought babe, I LOVE YOU *kiss*",SAFE,sms_phishing_v1,english,Legitimate
SMS_04944,Kothi print out marandratha.,SAFE,sms_phishing_v1,english,Legitimate
SMS_04945,But we havent got da topic yet rite?,SAFE,sms_phishing_v1,english,Legitimate
SMS_04946,Ok no problem... Yup i'm going to sch at 4 if i rem correctly...,SAFE,sms_phishing_v1,english,Legitimate
SMS_04947,"Thanks, I'll keep that in mind",SAFE,sms_phishing_v1,english,Legitimate
SMS_04948,Aah bless! How's your arm?,SAFE,sms_phishing_v1,english,Legitimate
SMS_04949,"Dear Sir,Salam Alaikkum.Pride and Pleasure meeting you today at the Tea Shop.We are pleased to send you our contact number at Qatar.Rakhesh an Indian.Pls save our Number.Respectful Regards.",SAFE,sms_phishing_v1,english,Legitimate
SMS_04950,"Gal n boy walking in d park. gal-can i hold ur hand? boy-y? do u think i would run away? gal-no, jst wana c how it feels walking in heaven with an prince..GN:-)",SAFE,sms_phishing_v1,english,Legitimate
SMS_04951,What makes you most happy?,SAFE,sms_phishing_v1,english,Legitimate
SMS_04952,Wishing you a wonderful week.,SAFE,sms_phishing_v1,english,Legitimate
SMS_04953,Sweet heart how are you?,SAFE,sms_phishing_v1,english,Legitimate
SMS_04954,"Sir, waiting for your letter.",SAFE,sms_phishing_v1,english,Legitimate
SMS_04955,Dude im no longer a pisces. Im an aquarius now.,SAFE,sms_phishing_v1,english,Legitimate
SMS_04956,X course it 2yrs. Just so her messages on messenger lik you r sending me,SAFE,sms_phishing_v1,english,Legitimate
SMS_04957,I think steyn surely get one wicket:),SAFE,sms_phishing_v1,english,Legitimate
SMS_04958,"Neither [in sterm voice] - i'm studying. All fine with me! Not sure the  thing will be resolved, tho. Anyway. Have a fab hols",SAFE,sms_phishing_v1,english,Legitimate
SMS_04959,"Garbage bags, eggs, jam, bread, hannaford wheat chex",SAFE,sms_phishing_v1,english,Legitimate
SMS_04960,No. It's not pride. I'm almost  &lt;#&gt;  years old and shouldn't be takin money from my kid. You're not supposed to have to deal with this stuff. This is grownup stuff--why i don't tell you.,SAFE,sms_phishing_v1,english,Legitimate
SMS_04961,Sounds better than my evening im just doing my costume. Im not sure what time i finish tomorrow but i will txt you at the end.,SAFE,sms_phishing_v1,english,Legitimate
SMS_04962,My birthday is on feb  &lt;#&gt;  da. .,SAFE,sms_phishing_v1,english,Legitimate
SMS_04963,So when do you wanna gym?,SAFE,sms_phishing_v1,english,Legitimate
SMS_04964,You'd like that wouldn't you? Jerk!,SAFE,sms_phishing_v1,english,Legitimate
SMS_04965,Are u awake? Is there snow there?,SAFE,sms_phishing_v1,english,Legitimate
SMS_04966,And of course you should make a stink!,SAFE,sms_phishing_v1,english,Legitimate
SMS_04967,"u r subscribed 2 TEXTCOMP 250 wkly comp. 1st wk?s free question follows, subsequent wks charged@150p/msg.2 unsubscribe txt STOP 2 84128,custcare 08712405020",PHISHING,sms_phishing_v1,english,Spam
SMS_04968,No go. No openings for that room 'til after thanksgiving without an upcharge.,SAFE,sms_phishing_v1,english,Legitimate
SMS_04969,When you guys planning on coming over?,SAFE,sms_phishing_v1,english,Legitimate
SMS_04970,Wat Ì_ doing now?,SAFE,sms_phishing_v1,english,Legitimate
SMS_04971,No sir. That's why i had an 8-hr trip on the bus last week. Have another audition next wednesday but i think i might drive this time.,SAFE,sms_phishing_v1,english,Legitimate
SMS_04972,Do I? I thought I put it back in the box,SAFE,sms_phishing_v1,english,Legitimate
SMS_04973,I'm home...,SAFE,sms_phishing_v1,english,Legitimate
SMS_04974,No one interested. May be some business plan.,SAFE,sms_phishing_v1,english,Legitimate
SMS_04975,Yup it's at paragon... I havent decided whether 2 cut yet... Hee...,SAFE,sms_phishing_v1,english,Legitimate
SMS_04976,Good morning princess! Have a great day!,SAFE,sms_phishing_v1,english,Legitimate
SMS_04977,Guai... ÌÏ shd haf seen him when he's naughty... ÌÏ so free today? Can go jogging...,SAFE,sms_phishing_v1,english,Legitimate
SMS_04978,Aiyo cos i sms Ì_ then Ì_ neva reply so i wait 4 Ì_ to reply lar. I tot Ì_ havent finish ur lab wat.,SAFE,sms_phishing_v1,english,Legitimate
SMS_04979,"Living is very simple.. Loving is also simple.. Laughing is too simple.. Winning is tooo simple.. But, Being 'SIMPLE' is very difficult...;-) :-)",SAFE,sms_phishing_v1,english,Legitimate
SMS_04980,Tell me something. Thats okay.,SAFE,sms_phishing_v1,english,Legitimate
SMS_04981,Hmm. Shall i bring a bottle of wine to keep us amused? Just joking! I'll still bring a bottle. Red or white? See you tomorrow,SAFE,sms_phishing_v1,english,Legitimate
SMS_04982,This is ur face test ( 1 2 3 4 5 6 7 8 9  &lt;#&gt;  ) select any number i will tell ur face astrology.... am waiting. quick reply...,SAFE,sms_phishing_v1,english,Legitimate
SMS_04983,"Hey, iouri gave me your number, I'm wylie, ryan's friend",SAFE,sms_phishing_v1,english,Legitimate
SMS_04984,Yep get with the program. You're slacking.,SAFE,sms_phishing_v1,english,Legitimate
SMS_04985,I'm in inside office..still filling forms.don know when they leave me.,SAFE,sms_phishing_v1,english,Legitimate
SMS_04986,"I think your mentor is , but not 100 percent sure.",SAFE,sms_phishing_v1,english,Legitimate
SMS_04987,Call 09095350301 and send our girls into erotic ecstacy. Just 60p/min. To stop texts call 08712460324 (nat rate),PHISHING,sms_phishing_v1,english,Spam
SMS_04988,A å£400 XMAS REWARD IS WAITING FOR YOU! Our computer has randomly picked you from our loyal mobile customers to receive a å£400 reward. Just call 09066380611,PHISHING,sms_phishing_v1,english,Phishing
SMS_04989,Just trying to figure out when I'm suppose to see a couple different people this week. We said we'd get together but I didn't set dates,SAFE,sms_phishing_v1,english,Legitimate
SMS_04990,IMPORTANT MESSAGE. This is a final contact attempt. You have important messages waiting out our customer claims dept. Expires 13/4/04. Call 08717507382 NOW!,PHISHING,sms_phishing_v1,english,Phishing
SMS_04991,Hi mom we might be back later than  &lt;#&gt;,SAFE,sms_phishing_v1,english,Legitimate
SMS_04992,dating:i have had two of these. Only started after i sent a text to talk sport radio last week. Any connection do you think or coincidence?,PHISHING,sms_phishing_v1,english,Spam
SMS_04993,"Lol, oh you got a friend for the dog ?",SAFE,sms_phishing_v1,english,Legitimate
SMS_04994,"Ok., is any problem to u frm him? Wats matter?",SAFE,sms_phishing_v1,english,Legitimate
SMS_04995,"K I'll head out in a few mins, see you there",SAFE,sms_phishing_v1,english,Legitimate
SMS_04996,I don't want you to leave. But i'm barely doing what i can to stay sane. fighting with you constantly isn't helping.,SAFE,sms_phishing_v1,english,Legitimate
SMS_04997,The current leading bid is 151. To pause this auction send OUT. Customer Care: 08718726270,PHISHING,sms_phishing_v1,english,Spam
SMS_04998,"Free entry to the gr8prizes wkly comp 4 a chance to win the latest Nokia 8800, PSP or å£250 cash every wk.TXT GREAT to 80878 http//www.gr8prizes.com 08715705022",PHISHING,sms_phishing_v1,english,Phishing
SMS_04999,Somebody set up a website where you can play hold em using eve online spacebucks,SAFE,sms_phishing_v1,english,Legitimate
SMS_05000,Its sunny in california. The weather's just cool,SAFE,sms_phishing_v1,english,Legitimate
SMS_05001,You have 1 new message. Call 0207-083-6089,PHISHING,sms_phishing_v1,english,Spam
SMS_05002,"I can make it up there, squeezed  &lt;#&gt;  bucks out of my dad",SAFE,sms_phishing_v1,english,Legitimate
SMS_05003,Good day to You too.Pray for me.Remove the teeth as its painful maintaining other stuff.,SAFE,sms_phishing_v1,english,Legitimate
SMS_05004,How are you babes. Hope your doing ok. I had a shit nights sleep. I fell asleep at 5.IåÕm knackered and iåÕm dreading work tonight. What are thou upto tonight. X,SAFE,sms_phishing_v1,english,Legitimate
SMS_05005,How do friends help us in problems? They give the most stupid suggestion that Lands us into another problem and helps us forgt the previous problem,SAFE,sms_phishing_v1,english,Legitimate
SMS_05006,I will be gentle baby! Soon you will be taking all  &lt;#&gt;  inches deep inside your tight pussy...,SAFE,sms_phishing_v1,english,Legitimate
SMS_05007,NOT MUCH NO FIGHTS. IT WAS A GOOD NITE!!,SAFE,sms_phishing_v1,english,Legitimate
SMS_05008,Nt joking seriously i told,SAFE,sms_phishing_v1,english,Legitimate
SMS_05009,Watching ajith film ah?,SAFE,sms_phishing_v1,english,Legitimate
SMS_05010,Ooooooh I forgot to tell u I can get on yoville on my phone,SAFE,sms_phishing_v1,english,Legitimate
SMS_05011,"All done, all handed in. Don't know if mega shop in asda counts as celebration but thats what i'm doing!",SAFE,sms_phishing_v1,english,Legitimate
SMS_05012,I dont know exactly could you ask chechi.,SAFE,sms_phishing_v1,english,Legitimate
SMS_05013,Dunno lei shd b driving lor cos i go sch 1 hr oni.,SAFE,sms_phishing_v1,english,Legitimate
SMS_05014,As in i want custom officer discount oh.,SAFE,sms_phishing_v1,english,Legitimate
SMS_05015,That's necessarily respectful,SAFE,sms_phishing_v1,english,Legitimate
SMS_05016,Hi. Hope you had a good day. Have a better night.,SAFE,sms_phishing_v1,english,Legitimate
SMS_05017,And he's apparently bffs with carly quick now,SAFE,sms_phishing_v1,english,Legitimate
SMS_05018,HARD BUT TRUE: How much you show &amp;  express your love to someone....that much it will hurt when they leave you or you get seperated...!ö´Ó_??Û¬ud evening...,SAFE,sms_phishing_v1,english,Legitimate
SMS_05019,Babes I think I got ur brolly I left it in English wil bring it in 2mrw 4 u luv Franxx,SAFE,sms_phishing_v1,english,Legitimate
SMS_05020,Hi babe its me thanks for coming even though it didnt go that well!i just wanted my bed! Hope to see you soon love and kisses xxx,SAFE,sms_phishing_v1,english,Legitimate
SMS_05021,So gd got free ice cream... I oso wan...,SAFE,sms_phishing_v1,english,Legitimate
SMS_05022,Pls give her prometazine syrup. 5mls then  &lt;#&gt; mins later feed.,SAFE,sms_phishing_v1,english,Legitimate
SMS_05023,So how many days since then?,SAFE,sms_phishing_v1,english,Legitimate
SMS_05024,Dear are you angry i was busy dear,SAFE,sms_phishing_v1,english,Legitimate
SMS_05025,Yup he msg me: is tat yijue? Then i tot it's my group mate cos we meeting today mah... I'm askin if Ì_ leaving earlier or wat mah cos mayb Ì_ haf to walk v far...,SAFE,sms_phishing_v1,english,Legitimate
SMS_05026,... Are you in the pub?,SAFE,sms_phishing_v1,english,Legitimate
SMS_05027,There is a first time for everything :),SAFE,sms_phishing_v1,english,Legitimate
SMS_05028,"Daddy, shu shu is looking 4 u... U wan me 2 tell him u're not in singapore or wat?",SAFE,sms_phishing_v1,english,Legitimate
SMS_05029,I ask if u meeting da ge tmr nite...,SAFE,sms_phishing_v1,english,Legitimate
SMS_05030,Gr8. So how do you handle the victoria island traffic. Plus when's the album due,SAFE,sms_phishing_v1,english,Legitimate
SMS_05031,Nite nite pocay wocay luv u more than n e thing 4eva I promise ring u 2morrowxxxx,SAFE,sms_phishing_v1,english,Legitimate
SMS_05032,East coast,SAFE,sms_phishing_v1,english,Legitimate
SMS_05033,You should get more chicken broth if you want ramen unless there's some I don't know about,SAFE,sms_phishing_v1,english,Legitimate
SMS_05034,My slave! I want you to take 2 or 3 pictures of yourself today in bright light on your cell phone! Bright light!,SAFE,sms_phishing_v1,english,Legitimate
SMS_05035,Nope. I just forgot. Will show next week,SAFE,sms_phishing_v1,english,Legitimate
SMS_05036,So how are you really. What are you up to. How's the masters. And so on.,SAFE,sms_phishing_v1,english,Legitimate
SMS_05037,I'm at bruce &amp; fowler now but I'm in my mom's car so I can't park (long story),SAFE,sms_phishing_v1,english,Legitimate
SMS_05038,I dont know oh. Hopefully this month.,SAFE,sms_phishing_v1,english,Legitimate
SMS_05039,"Hi elaine, is today's meeting confirmed?",SAFE,sms_phishing_v1,english,Legitimate
SMS_05040,Ok k..sry i knw 2 siva..tats y i askd..,SAFE,sms_phishing_v1,english,Legitimate
SMS_05041,U horrible gal... U knew dat i was going out wif him yest n u still come n ask me...,SAFE,sms_phishing_v1,english,Legitimate
SMS_05042,Oh yeah! And my diet just flew out the window,SAFE,sms_phishing_v1,english,Legitimate
SMS_05043,Santa Calling! Would your little ones like a call from Santa Xmas eve? Call 09058094583 to book your time.,PHISHING,sms_phishing_v1,english,Spam
SMS_05044,You didnt complete your gist oh.,SAFE,sms_phishing_v1,english,Legitimate
SMS_05045,"Er yeah, i will b there at 15:26, sorry! Just tell me which pub/cafe to sit in and come wen u can",SAFE,sms_phishing_v1,english,Legitimate
SMS_05046,"If you can make it any time tonight or whenever you can it's cool, just text me whenever you're around",SAFE,sms_phishing_v1,english,Legitimate
SMS_05047,If I was I wasn't paying attention,SAFE,sms_phishing_v1,english,Legitimate
SMS_05048,Thanx a lot 4 ur help!,SAFE,sms_phishing_v1,english,Legitimate
SMS_05049,You're gonna have to be way more specific than that,SAFE,sms_phishing_v1,english,Legitimate
SMS_05050,Jesus armand really is trying to tell everybody he can find,SAFE,sms_phishing_v1,english,Legitimate
SMS_05051,I'm wif him now buying tix lar...,SAFE,sms_phishing_v1,english,Legitimate
SMS_05052,Mode men or have you left.,SAFE,sms_phishing_v1,english,Legitimate
SMS_05053,Am slow in using biola's fne,SAFE,sms_phishing_v1,english,Legitimate
SMS_05054,"\What are youdoing later? Sar xxx\""""",SAFE,sms_phishing_v1,english,Legitimate
SMS_05055,Hey i've booked the 2 lessons on sun liao...,SAFE,sms_phishing_v1,english,Legitimate
SMS_05056,Thank you. do you generally date the brothas?,SAFE,sms_phishing_v1,english,Legitimate
SMS_05057,"By the way, make sure u get train to worc foregate street not shrub hill. Have fun night x",SAFE,sms_phishing_v1,english,Legitimate
SMS_05058,"I thought i'd get him a watch, just cos thats the kind of thing u get4an18th. And he loves so much!",SAFE,sms_phishing_v1,english,Legitimate
SMS_05059,You have won a guaranteed 32000 award or maybe even å£1000 cash to claim ur award call free on 0800 ..... (18+). Its a legitimat efreefone number wat do u think???,PHISHING,sms_phishing_v1,english,Phishing
SMS_05060,Good morning. At the repair shop--the ONLY reason i'm up at this hour.,SAFE,sms_phishing_v1,english,Legitimate
SMS_05061,"And that's fine, I got enough bud to last most of the night at least",SAFE,sms_phishing_v1,english,Legitimate
SMS_05062,I am back. Good journey! Let me know if you need any of the receipts. Shall i tell you like the pendent?,SAFE,sms_phishing_v1,english,Legitimate
SMS_05063,So that takes away some money worries,SAFE,sms_phishing_v1,english,Legitimate
SMS_05064,"aight we can pick some up, you open before tonight?",SAFE,sms_phishing_v1,english,Legitimate
SMS_05065,"Latest News! Police station toilet stolen, cops have nothing to go on!",PHISHING,sms_phishing_v1,english,Spam
SMS_05066,Sac needs to carry on:),SAFE,sms_phishing_v1,english,Legitimate
SMS_05067,Just sing HU. I think its also important to find someone female that know the place well preferably a citizen that is also smart to help you navigate through. Even things like choosing a phone plan require guidance. When in doubt ask especially girls.,SAFE,sms_phishing_v1,english,Legitimate
SMS_05068,What???? Hello wats talks email address?,SAFE,sms_phishing_v1,english,Legitimate
SMS_05069,Except theres a chick with huge boobs.,SAFE,sms_phishing_v1,english,Legitimate
SMS_05070,Im just wondering what your doing right now?,SAFE,sms_phishing_v1,english,Legitimate
SMS_05071,Wishing you a beautiful day. Each moment revealing even more things to keep you smiling. Do enjoy it.,SAFE,sms_phishing_v1,english,Legitimate
SMS_05072,"\For the most sparkling shopping breaks from 45 per person; call 0121 2025050 or visit www.shortbreaks.org.uk\""""",PHISHING,sms_phishing_v1,english,Spam
SMS_05073,If you hear a loud scream in about &lt;#&gt; minutes its cause my Gyno will be shoving things up me that don't belong :/,SAFE,sms_phishing_v1,english,Legitimate
SMS_05074,Ok i thk i got it. Then u wan me 2 come now or wat?,SAFE,sms_phishing_v1,english,Legitimate
SMS_05075,Txt: CALL to No: 86888 & claim your reward of 3 hours talk time to use from your phone now! Subscribe6GBP/mnth inc 3hrs 16 stop?txtStop www.gamb.tv,PHISHING,sms_phishing_v1,english,Phishing
SMS_05076,U GOIN OUT 2NITE?,SAFE,sms_phishing_v1,english,Legitimate
SMS_05077,I will treasure every moment we spend together...,SAFE,sms_phishing_v1,english,Legitimate
SMS_05078,Shall I bring us a bottle of wine to keep us amused? Only joking! IÛ÷ll bring one anyway,SAFE,sms_phishing_v1,english,Legitimate
SMS_05079,http//tms. widelive.com/index. wml?id=820554ad0a1705572711&first=trueåÁC C RingtoneåÁ,PHISHING,sms_phishing_v1,english,Spam
SMS_05080,"URGENT! Last weekend's draw shows that you have won å£1000 cash or a Spanish holiday! CALL NOW 09050000332 to claim. T&C: RSTM, SW7 3SS. 150ppm",PHISHING,sms_phishing_v1,english,Phishing
SMS_05081,I thought slide is enough.,SAFE,sms_phishing_v1,english,Legitimate
SMS_05082,Well obviously not because all the people in my cool college life went home ;_;,SAFE,sms_phishing_v1,english,Legitimate
SMS_05083,Ok lor Ì_ reaching then message me.,SAFE,sms_phishing_v1,english,Legitimate
SMS_05084,Where's mummy's boy ? Is he being good or bad ? Is he being positive or negative ? Why is mummy being made to wait? Hmmmm?,SAFE,sms_phishing_v1,english,Legitimate
SMS_05085,Dhoni have luck to win some big title.so we will win:),SAFE,sms_phishing_v1,english,Legitimate
SMS_05086,Yes princess! I want to please you every night. Your wish is my command...,SAFE,sms_phishing_v1,english,Legitimate
SMS_05087,No probably  &lt;#&gt; %.,SAFE,sms_phishing_v1,english,Legitimate
SMS_05088,Really do hope the work doesnt get stressful. Have a gr8 day.,SAFE,sms_phishing_v1,english,Legitimate
SMS_05089,Have you seen who's back at Holby?!,SAFE,sms_phishing_v1,english,Legitimate
SMS_05090,Shall call now dear having food,SAFE,sms_phishing_v1,english,Legitimate
SMS_05091,URGENT We are trying to contact you Last weekends draw shows u have won a å£1000 prize GUARANTEED Call 09064017295 Claim code K52 Valid 12hrs 150p pm,PHISHING,sms_phishing_v1,english,Phishing
SMS_05092,So li hai... Me bored now da lecturer repeating last weeks stuff waste time...,SAFE,sms_phishing_v1,english,Legitimate
SMS_05093,", ,  and  picking them up from various points | going 2 yeovil | and they will do the motor project 4 3 hours | and then u take them home. || 12 2 5.30 max. || Very easy",SAFE,sms_phishing_v1,english,Legitimate
SMS_05094,Also fuck you and your family for going to rhode island or wherever the fuck and leaving me all alone the week I have a new bong &gt;:(,SAFE,sms_phishing_v1,english,Legitimate
SMS_05095,Ofcourse I also upload some songs,SAFE,sms_phishing_v1,english,Legitimate
SMS_05096,2p per min to call Germany 08448350055 from your BT line. Just 2p per min. Check PlanetTalkInstant.com for info & T's & C's. Text stop to opt out,PHISHING,sms_phishing_v1,english,Spam
SMS_05097,Oh thanks a lot..i already bought 2 eggs ..,SAFE,sms_phishing_v1,english,Legitimate
SMS_05098,U studying in sch or going home? Anyway i'll b going 2 sch later.,SAFE,sms_phishing_v1,english,Legitimate
SMS_05099,Marvel Mobile Play the official Ultimate Spider-man game (å£4.50) on ur mobile right now. Text SPIDER to 83338 for the game & we ll send u a FREE 8Ball wallpaper,PHISHING,sms_phishing_v1,english,Spam
SMS_05100,I think if he rule tamilnadu..then its very tough for our people.,SAFE,sms_phishing_v1,english,Legitimate
SMS_05101,"Cool, we shall go and see, have to go to tip anyway. Are you at home, got something to drop in later? So lets go to town tonight! Maybe mum can take us in.",SAFE,sms_phishing_v1,english,Legitimate
SMS_05102,"Good afternoon, my love ... How goes your day ? How did you sleep ? I hope your well, my boytoy ... I think of you ...",SAFE,sms_phishing_v1,english,Legitimate
SMS_05103,Yes... I trust u to buy new stuff ASAP so I can try it out,SAFE,sms_phishing_v1,english,Legitimate
SMS_05104,Why did I wake up on my own &gt;:(,SAFE,sms_phishing_v1,english,Legitimate
SMS_05105,Now get step 2 outta the way. Congrats again.,SAFE,sms_phishing_v1,english,Legitimate
SMS_05106,Love has one law; Make happy the person you love. In the same way friendship has one law; Never make ur friend feel alone until you are alive.... Gud night,SAFE,sms_phishing_v1,english,Legitimate
SMS_05107,PRIVATE! Your 2003 Account Statement for 07808247860 shows 800 un-redeemed S. I. M. points. Call 08719899229 Identifier Code: 40411 Expires 06/11/04,PHISHING,sms_phishing_v1,english,Phishing
SMS_05108,Apo all other are mokka players only,SAFE,sms_phishing_v1,english,Legitimate
SMS_05109,"Perhaps * is much easy give your account identification, so i will tomorrow at UNI",SAFE,sms_phishing_v1,english,Legitimate
SMS_05110,Wait . I will msg after  &lt;#&gt;  min.,SAFE,sms_phishing_v1,english,Legitimate
SMS_05111,What i told before i tell. Stupid hear after i wont tell anything to you. You dad called to my brother and spoken. Not with me.,SAFE,sms_phishing_v1,english,Legitimate
SMS_05112,God's love has no limit. God's grace has no measure. God's power has no boundaries. May u have God's endless blessings always in ur life...!! Gud ni8,SAFE,sms_phishing_v1,english,Legitimate
SMS_05113,I want to be inside you every night...,SAFE,sms_phishing_v1,english,Legitimate
SMS_05114,"Machan you go to gym tomorrow,  i wil come late goodnight.",SAFE,sms_phishing_v1,english,Legitimate
SMS_05115,Lol they were mad at first but then they woke up and gave in.,SAFE,sms_phishing_v1,english,Legitimate
SMS_05116,"ItÛ÷s reassuring, in this crazy world.",SAFE,sms_phishing_v1,english,Legitimate
SMS_05117,"Just making dinner, you ?",SAFE,sms_phishing_v1,english,Legitimate
SMS_05118,Yes. Please leave at  &lt;#&gt; . So that at  &lt;#&gt;  we can leave,SAFE,sms_phishing_v1,english,Legitimate
SMS_05119,Oh... Okie lor...We go on sat...,SAFE,sms_phishing_v1,english,Legitimate
SMS_05120,You are a great role model. You are giving so much and i really wish each day for a miracle but God as a reason for everything and i must say i wish i knew why but i dont. I've looked up to you since i was young and i still do. Have a great day.,SAFE,sms_phishing_v1,english,Legitimate
SMS_05121,"Ya, i'm referin to mei's ex wat... No ah, waitin 4 u to treat, somebody shld b rich liao...So gd, den u dun have to work frm tmr onwards...",SAFE,sms_phishing_v1,english,Legitimate
SMS_05122,Miles and smiles r made frm same letters but do u know d difference..? smile on ur face keeps me happy even though I am miles away from u.. :-)keep smiling.. Good nyt,SAFE,sms_phishing_v1,english,Legitimate
SMS_05123,"By the way, i've put a skip right outside the front of the house so you can see which house it is. Just pull up before it.",SAFE,sms_phishing_v1,english,Legitimate
SMS_05124,Can you pls send me that company name. In saibaba colany,SAFE,sms_phishing_v1,english,Legitimate
SMS_05125,No. I dont want to hear anything,SAFE,sms_phishing_v1,english,Legitimate
SMS_05126,You are a big chic. Common. Declare,SAFE,sms_phishing_v1,english,Legitimate
SMS_05127,Thats cool. I want to please you...,SAFE,sms_phishing_v1,english,Legitimate
SMS_05128,Going to join tomorrow.,SAFE,sms_phishing_v1,english,Legitimate
SMS_05129,I want to tell you how bad I feel that basically the only times I text you lately are when I need drugs,SAFE,sms_phishing_v1,english,Legitimate
SMS_05130,PRIVATE! Your 2003 Account Statement for shows 800 un-redeemed S.I.M. points. Call 08718738001 Identifier Code: 49557 Expires 26/11/04,PHISHING,sms_phishing_v1,english,Phishing
SMS_05131,"Total disappointment, when I texted you was the craziest shit got :(",SAFE,sms_phishing_v1,english,Legitimate
SMS_05132,Its just the effect of irritation. Just ignore it,SAFE,sms_phishing_v1,english,Legitimate
SMS_05133,What about this one then.,SAFE,sms_phishing_v1,english,Legitimate
SMS_05134,I think that tantrum's finished so yeah I'll be by at some point,SAFE,sms_phishing_v1,english,Legitimate
SMS_05135,Compliments to you. Was away from the system. How your side.,SAFE,sms_phishing_v1,english,Legitimate
SMS_05136,happened here while you were adventuring,SAFE,sms_phishing_v1,english,Legitimate
SMS_05137,"Hey chief, can you give me a bell when you get this. Need to talk to you about this royal visit on the 1st june.",SAFE,sms_phishing_v1,english,Legitimate
SMS_05138,Ok which your another number,SAFE,sms_phishing_v1,english,Legitimate
SMS_05139,Aiyah ok wat as long as got improve can already wat...,SAFE,sms_phishing_v1,english,Legitimate
SMS_05140,Want explicit SEX in 30 secs? Ring 02073162414 now! Costs 20p/min Gsex POBOX 2667 WC1N 3XX,PHISHING,sms_phishing_v1,english,Spam
SMS_05141,I can't believe how attached I am to seeing you every day. I know you will do the best you can to get to me babe. I will go to teach my class at your midnight,SAFE,sms_phishing_v1,english,Legitimate
SMS_05142,ASKED 3MOBILE IF 0870 CHATLINES INCLU IN FREE MINS. INDIA CUST SERVs SED YES. L8ER GOT MEGA BILL. 3 DONT GIV A SHIT. BAILIFF DUE IN DAYS. I O å£250 3 WANT å£800,PHISHING,sms_phishing_v1,english,Spam
SMS_05143,Yeah it's jus rite...,SAFE,sms_phishing_v1,english,Legitimate
SMS_05144,Armand says get your ass over to epsilon,SAFE,sms_phishing_v1,english,Legitimate
SMS_05145,U still havent got urself a jacket ah?,SAFE,sms_phishing_v1,english,Legitimate
SMS_05146,"I'm taking derek &amp; taylor to walmart, if I'm not back by the time you're done just leave the mouse on my desk and I'll text you when priscilla's ready",SAFE,sms_phishing_v1,english,Legitimate
SMS_05147,Hi its in durban are you still on this number,SAFE,sms_phishing_v1,english,Legitimate
SMS_05148,Ic. There are a lotta childporn cars then.,SAFE,sms_phishing_v1,english,Legitimate
SMS_05149,"Had your contract mobile 11 Mnths? Latest Motorola, Nokia etc. all FREE! Double Mins & Text on Orange tariffs. TEXT YES for callback, no to remove from records.",PHISHING,sms_phishing_v1,english,Spam
SMS_05150,"No, I was trying it all weekend ;V",SAFE,sms_phishing_v1,english,Legitimate
SMS_05151,"You know, wot people wear. T shirts, jumpers, hat, belt, is all we know. We r at Cribbs",SAFE,sms_phishing_v1,english,Legitimate
SMS_05152,"Cool, what time you think you can get here?",SAFE,sms_phishing_v1,english,Legitimate
SMS_05153,Wen did you get so spiritual and deep. That's great,SAFE,sms_phishing_v1,english,Legitimate
SMS_05154,Have a safe trip to Nigeria. Wish you happiness and very soon company to share moments with,SAFE,sms_phishing_v1,english,Legitimate
SMS_05155,Well keep in mind I've only got enough gas for one more round trip barring a sudden influx of cash,SAFE,sms_phishing_v1,english,Legitimate
SMS_05156,Yeh. Indians was nice. Tho it did kane me off a bit he he. We shud go out 4 a drink sometime soon. Mite hav 2 go 2 da works 4 a laugh soon. Love Pete x x,SAFE,sms_phishing_v1,english,Legitimate
SMS_05157,Yes i have. So that's why u texted. Pshew...missing you so much,SAFE,sms_phishing_v1,english,Legitimate
SMS_05158,No. I meant the calculation is the same. That  &lt;#&gt; units at  &lt;#&gt; . This school is really expensive. Have you started practicing your accent. Because its important. And have you decided if you are doing 4years of dental school or if you'll just do the nmde exam.,SAFE,sms_phishing_v1,english,Legitimate
SMS_05159,if you aren't here in the next  &lt;#&gt;  hours imma flip my shit,SAFE,sms_phishing_v1,english,Legitimate
SMS_05160,Anything lor. Juz both of us lor.,SAFE,sms_phishing_v1,english,Legitimate
SMS_05161,Get me out of this dump heap. My mom decided to come to lowes. BORING.,SAFE,sms_phishing_v1,english,Legitimate
SMS_05162,Ok lor... Sony ericsson salesman... I ask shuhui then she say quite gd 2 use so i considering...,SAFE,sms_phishing_v1,english,Legitimate
SMS_05163,Ard 6 like dat lor.,SAFE,sms_phishing_v1,english,Legitimate
SMS_05164,Why don't you wait 'til at least wednesday to see if you get your .,SAFE,sms_phishing_v1,english,Legitimate
SMS_05165,Huh y lei...,SAFE,sms_phishing_v1,english,Legitimate
SMS_05166,"REMINDER FROM O2: To get 2.50 pounds free call credit and details of great offers pls reply 2 this text with your valid name, house no and postcode",PHISHING,sms_phishing_v1,english,Spam
SMS_05167,"This is the 2nd time we have tried 2 contact u. U have won the å£750 Pound prize. 2 claim is easy, call 087187272008 NOW1! Only 10p per minute. BT-national-rate.",PHISHING,sms_phishing_v1,english,Phishing
SMS_05168,Will Ì_ b going to esplanade fr home?,SAFE,sms_phishing_v1,english,Legitimate
SMS_05169,"Pity, * was in mood for that. So...any other suggestions?",SAFE,sms_phishing_v1,english,Legitimate
SMS_05170,The guy did some bitching but I acted like i'd be interested in buying something else next week and he gave it to us for free,SAFE,sms_phishing_v1,english,Legitimate
SMS_05171,Rofl. Its true to its name,SAFE,sms_phishing_v1,english,Legitimate
